phase,label,backend,batch,simd,omp,mpi,ranks,threads,nx,ny,nz,steps,px,py,pz,wall_ms,mpi_ms,eta_ms,zeta_ms,u_ms,psi_ms,philow_ms,phihigh_ms,pressure_ms,porosity_ms,untimed_ms,cellstep_1e8s,rss_mb,l2_ux,l2_p,g_ms,node,status,note
10_matrix_threads,schur 64^3 s0 seriale,schur,64,0,0,0,1,1,64,64,64,20,1,1,1,66.637,0.000,26.880,14.699,15.671,3.160,2.853,3.138,0.235,0.000,0.001,25.420,33.2,,,10.807,cpu02,ok,
10_matrix_threads,schur 64^3 s0 T(1),schur,64,0,0,1,1,1,64,64,64,20,1,1,1,66.846,0.000,27.036,14.565,15.767,3.222,2.853,3.145,0.253,0.000,0.005,25.500,45.5,,,10.994,cpu02,ok,
10_matrix_threads,schur 64^3 s0 T=1,schur,64,0,1,1,1,1,64,64,64,20,1,1,1,73.204,0.000,28.948,16.629,18.123,3.215,2.896,3.129,0.260,0.000,0.004,27.925,45.5,,,11.016,cpu02,ok,
10_matrix_threads,schur 64^3 s0 T=2,schur,64,0,1,1,1,2,64,64,64,20,1,1,1,36.646,0.000,14.575,8.320,8.955,1.641,1.448,1.574,0.131,0.000,0.002,13.979,45.5,,,5.561,cpu02,ok,
10_matrix_threads,schur 64^3 s0 T=4,schur,64,0,1,1,1,4,64,64,64,20,1,1,1,19.806,0.000,7.990,4.408,4.766,0.915,0.754,0.885,0.084,0.000,0.004,7.555,45.5,,,3.176,cpu02,ok,
10_matrix_threads,schur 64^3 s0 T=7,schur,64,0,1,1,1,7,64,64,64,20,1,1,1,12.501,0.000,4.894,2.789,3.056,0.594,0.489,0.614,0.062,0.000,0.003,4.769,46.4,,,1.976,cpu02,ok,
10_matrix_threads,schur 64^3 s0 T=8,schur,64,0,1,1,1,8,64,64,64,20,1,1,1,12.602,0.000,4.395,2.402,4.051,0.567,0.412,0.694,0.078,0.000,0.003,4.807,42.9,,,1.856,cpu02,ok,
10_matrix_threads,schur 64^3 s0 T=14,schur,64,0,1,1,1,14,64,64,64,20,1,1,1,6.876,0.000,2.636,1.426,1.747,0.381,0.273,0.360,0.050,0.000,0.003,2.623,47.2,,,1.156,cpu02,ok,
10_matrix_threads,schur 64^3 s0 T=28,schur,64,0,1,1,1,28,64,64,64,20,1,1,1,5.541,0.000,2.043,1.117,1.458,0.378,0.206,0.282,0.053,0.000,0.004,2.114,39.4,,,0.966,cpu02,ok,
10_matrix_threads,schur 64^3 s0 T=56,schur,64,0,1,1,1,56,64,64,64,20,1,1,1,5.667,0.000,2.153,1.128,1.487,0.393,0.162,0.276,0.062,0.000,0.006,2.162,53.8,,,0.989,cpu02,ok,
10_matrix_threads,schur 64^3 s0 T=112,schur,64,0,1,1,1,112,64,64,64,20,1,1,1,4.729,0.000,2.134,0.821,1.046,0.357,0.122,0.172,0.071,0.000,0.006,1.804,15.8,,,1.190,cpu02,ok,
10_matrix_threads,schur 64^3 s1 seriale,schur,64,1,0,0,1,1,64,64,64,20,1,1,1,44.183,0.000,26.530,4.217,4.102,3.109,2.892,3.109,0.223,0.000,0.001,16.855,33.2,,,9.718,cpu02,ok,
10_matrix_threads,schur 64^3 s1 T(1),schur,64,1,0,1,1,1,64,64,64,20,1,1,1,44.675,0.000,26.741,4.378,4.166,3.142,2.856,3.140,0.248,0.000,0.004,17.042,45.5,,,9.837,cpu02,ok,
10_matrix_threads,schur 64^3 s1 T=1,schur,64,1,1,1,1,1,64,64,64,20,1,1,1,46.806,0.000,28.494,4.536,4.331,3.180,2.895,3.120,0.247,0.000,0.003,17.855,46.4,,,9.845,cpu02,ok,
10_matrix_threads,schur 64^3 s1 T=2,schur,64,1,1,1,1,2,64,64,64,20,1,1,1,24.002,0.000,14.669,2.283,2.253,1.622,1.452,1.580,0.139,0.000,0.004,9.156,45.5,,,5.244,cpu02,ok,
10_matrix_threads,schur 64^3 s1 T=4,schur,64,1,1,1,1,4,64,64,64,20,1,1,1,13.070,0.000,7.965,1.234,1.248,0.885,0.752,0.888,0.096,0.000,0.002,4.986,45.5,,,2.968,cpu02,ok,
10_matrix_threads,schur 64^3 s1 T=7,schur,64,1,1,1,1,7,64,64,64,20,1,1,1,8.233,0.000,4.896,0.749,0.813,0.570,0.495,0.630,0.078,0.000,0.002,3.141,44.6,,,1.881,cpu02,ok,
10_matrix_threads,schur 64^3 s1 T=8,schur,64,1,1,1,1,8,64,64,64,20,1,1,1,8.558,0.000,4.501,0.746,1.556,0.545,0.411,0.705,0.090,0.000,0.004,3.265,48.1,,,1.807,cpu02,ok,
10_matrix_threads,schur 64^3 s1 T=14,schur,64,1,1,1,1,14,64,64,64,20,1,1,1,4.953,0.000,2.775,0.461,0.635,0.372,0.272,0.375,0.060,0.000,0.003,1.889,48.1,,,1.207,cpu02,ok,
10_matrix_threads,schur 64^3 s1 T=28,schur,64,1,1,1,1,28,64,64,64,20,1,1,1,4.102,0.000,2.209,0.385,0.569,0.385,0.206,0.288,0.057,0.000,0.003,1.565,40.2,,,1.054,cpu02,ok,
10_matrix_threads,schur 64^3 s1 T=56,schur,64,1,1,1,1,56,64,64,64,20,1,1,1,4.142,0.000,2.086,0.361,0.756,0.404,0.163,0.294,0.070,0.000,0.008,1.580,54.9,,,1.007,cpu02,ok,
10_matrix_threads,schur 64^3 s1 T=112,schur,64,1,1,1,1,112,64,64,64,20,1,1,1,4.230,0.000,2.370,0.401,0.711,0.351,0.124,0.180,0.080,0.000,0.013,1.614,16.6,,,1.297,cpu02,ok,
10_matrix_threads,pipeline 64^3 s0 seriale,pipeline,64,0,0,0,1,1,64,64,64,20,1,1,1,106.277,0.000,44.225,26.504,22.921,4.635,3.913,3.791,0.286,0.000,0.002,40.541,45.5,,,10.562,cpu02,ok,
10_matrix_threads,pipeline 64^3 s0 T(1),pipeline,64,0,0,1,1,1,64,64,64,20,1,1,1,107.423,0.000,45.111,26.699,22.970,4.590,3.821,3.921,0.308,0.000,0.003,40.979,56.9,,,10.839,cpu02,ok,
10_matrix_threads,pipeline 64^3 s0 T=1,pipeline,64,0,1,1,1,1,64,64,64,20,1,1,1,130.354,0.000,46.773,32.348,34.886,5.958,5.049,5.022,0.314,0.000,0.004,49.726,57.8,,,11.235,cpu02,ok,
10_matrix_threads,pipeline 64^3 s0 T=2,pipeline,64,0,1,1,1,2,64,64,64,20,1,1,1,95.694,0.000,29.575,24.732,27.218,4.724,4.498,4.788,0.155,0.000,0.004,36.504,56.9,,,6.072,cpu02,ok,
10_matrix_threads,pipeline 64^3 s0 T=4,pipeline,64,0,1,1,1,4,64,64,64,20,1,1,1,86.825,0.000,22.256,24.079,24.754,4.575,5.502,5.573,0.084,0.000,0.002,33.121,56.9,,,3.548,cpu02,ok,
10_matrix_threads,pipeline 64^3 s0 T=7,pipeline,64,0,1,1,1,7,64,64,64,20,1,1,1,114.272,0.000,24.018,33.979,33.211,6.073,8.611,8.319,0.057,0.000,0.004,43.591,54.2,,,2.457,cpu02,ok,
10_matrix_threads,pipeline 64^3 s0 T=8,pipeline,64,0,1,1,1,8,64,64,64,20,1,1,1,232.259,0.000,42.171,69.988,71.643,11.284,18.740,18.324,0.106,0.000,0.003,88.600,55.1,,,3.486,cpu02,ok,
10_matrix_threads,pipeline 64^3 s0 T=14,pipeline,64,0,1,1,1,14,64,64,64,20,1,1,1,214.473,0.000,50.418,58.684,56.129,15.613,17.213,16.367,0.046,0.000,0.003,81.815,52.5,,,1.948,cpu02,ok,
10_matrix_threads,pipeline 64^3 s0 T=28,pipeline,64,0,1,1,1,28,64,64,64,20,1,1,1,428.608,0.000,112.136,109.075,102.869,34.902,34.718,34.857,0.047,0.000,0.004,163.501,42.9,,,2.650,cpu02,ok,
10_matrix_threads,pipeline 64^3 s0 T=56,pipeline,64,0,1,1,1,56,64,64,64,20,1,1,1,1205.084,0.000,315.556,301.079,291.386,100.348,99.039,97.585,0.083,0.000,0.008,459.703,21.0,,,6.318,cpu02,ok,
10_matrix_threads,pipeline 64^3 s0 T=112,pipeline,64,0,1,1,1,112,64,64,64,20,1,1,1,517.248,0.000,134.614,128.103,127.659,43.306,41.052,42.369,0.131,0.000,0.014,197.314,18.4,,,10.565,cpu02,ok,
10_matrix_threads,pipeline 64^3 s1 seriale,pipeline,64,1,0,0,1,1,64,64,64,20,1,1,1,74.192,0.000,45.207,7.491,8.642,4.593,4.040,3.946,0.272,0.000,0.001,28.302,45.5,,,9.760,cpu02,ok,
10_matrix_threads,pipeline 64^3 s1 T(1),pipeline,64,1,0,1,1,1,64,64,64,20,1,1,1,74.821,0.000,45.668,7.582,8.654,4.670,3.960,3.994,0.290,0.000,0.003,28.542,57.8,,,9.788,cpu02,ok,
10_matrix_threads,pipeline 64^3 s1 T=1,pipeline,64,1,1,1,1,1,64,64,64,20,1,1,1,89.368,0.000,47.342,12.411,13.324,5.837,5.078,5.073,0.298,0.000,0.005,34.091,57.8,,,9.973,cpu02,ok,
10_matrix_threads,pipeline 64^3 s1 T=2,pipeline,64,1,1,1,1,2,64,64,64,20,1,1,1,74.324,0.000,29.987,14.377,15.615,4.561,4.702,4.916,0.163,0.000,0.003,28.352,56.9,,,5.645,cpu02,ok,
10_matrix_threads,pipeline 64^3 s1 T=4,pipeline,64,1,1,1,1,4,64,64,64,20,1,1,1,79.973,0.000,24.078,18.729,19.111,4.945,6.403,6.608,0.094,0.000,0.005,30.507,56.9,,,3.376,cpu02,ok,
10_matrix_threads,pipeline 64^3 s1 T=7,pipeline,64,1,1,1,1,7,64,64,64,20,1,1,1,112.438,0.000,28.956,28.983,27.193,7.755,9.844,9.645,0.057,0.000,0.005,42.892,54.2,,,2.415,cpu02,ok,
10_matrix_threads,pipeline 64^3 s1 T=8,pipeline,64,1,1,1,1,8,64,64,64,20,1,1,1,197.670,0.000,44.357,52.625,50.779,12.116,18.980,18.692,0.118,0.000,0.003,75.405,55.1,,,3.331,cpu02,ok,
10_matrix_threads,pipeline 64^3 s1 T=14,pipeline,64,1,1,1,1,14,64,64,64,20,1,1,1,127.482,0.000,30.808,32.666,31.088,8.913,12.304,11.659,0.039,0.000,0.005,48.630,52.5,,,1.948,cpu02,ok,
10_matrix_threads,pipeline 64^3 s1 T=28,pipeline,64,1,1,1,1,28,64,64,64,20,1,1,1,216.801,0.000,54.579,52.292,52.047,16.807,21.098,19.930,0.042,0.000,0.006,82.703,42.0,,,2.614,cpu02,ok,
10_matrix_threads,pipeline 64^3 s1 T=56,pipeline,64,1,1,1,1,56,64,64,64,20,1,1,1,458.830,0.000,119.801,106.604,105.255,36.275,47.209,43.572,0.105,0.000,0.009,175.030,21.9,,,6.724,cpu02,ok,
10_matrix_threads,pipeline 64^3 s1 T=112,pipeline,64,1,1,1,1,112,64,64,64,20,1,1,1,506.730,0.000,139.467,121.651,120.648,41.095,41.601,42.136,0.118,0.000,0.014,193.302,18.4,,,10.806,cpu02,ok,
10_matrix_threads,schur 128^3 s0 seriale,schur,64,0,0,0,1,1,128,128,128,10,1,1,1,665.282,0.000,217.669,194.743,162.369,30.406,27.523,30.025,2.546,0.000,0.001,31.723,249.4,,,95.520,cpu02,ok,
10_matrix_threads,schur 128^3 s0 T(1),schur,64,0,0,1,1,1,128,128,128,10,1,1,1,684.780,0.000,228.165,193.067,169.402,31.869,27.524,31.270,3.475,0.000,0.008,32.653,262.5,,,105.989,cpu02,ok,
10_matrix_threads,schur 128^3 s0 T=1,schur,64,0,1,1,1,1,128,128,128,10,1,1,1,743.018,0.000,239.709,222.928,188.701,31.336,27.407,29.518,3.412,0.000,0.007,35.430,262.5,,,103.653,cpu02,ok,
10_matrix_threads,schur 128^3 s0 T=2,schur,64,0,1,1,1,2,128,128,128,10,1,1,1,374.300,0.000,120.644,111.716,95.703,16.514,13.730,14.286,1.699,0.000,0.008,17.848,262.9,,,51.424,cpu02,ok,
10_matrix_threads,schur 128^3 s0 T=4,schur,64,0,1,1,1,4,128,128,128,10,1,1,1,195.508,0.000,62.909,58.523,49.934,8.518,7.210,7.507,0.902,0.000,0.005,9.323,264.6,,,26.823,cpu02,ok,
10_matrix_threads,schur 128^3 s0 T=7,schur,64,0,1,1,1,7,128,128,128,10,1,1,1,117.784,0.000,37.406,35.536,30.013,5.432,4.315,4.433,0.645,0.000,0.004,5.616,265.9,,,15.986,cpu02,ok,
10_matrix_threads,schur 128^3 s0 T=8,schur,64,0,1,1,1,8,128,128,128,10,1,1,1,105.235,0.000,33.980,29.735,27.969,5.317,3.342,4.306,0.581,0.000,0.005,5.018,267.2,,,14.479,cpu02,ok,
10_matrix_threads,schur 128^3 s0 T=14,schur,64,0,1,1,1,14,128,128,128,10,1,1,1,63.215,0.000,20.296,18.526,16.016,3.382,2.288,2.250,0.452,0.000,0.005,3.014,262.5,,,9.103,cpu02,ok,
10_matrix_threads,schur 128^3 s0 T=28,schur,64,0,1,1,1,28,128,128,128,10,1,1,1,40.581,0.000,14.294,11.230,9.400,2.624,1.343,1.336,0.347,0.000,0.007,1.935,264.5,,,6.802,cpu02,ok,
10_matrix_threads,schur 128^3 s0 T=56,schur,64,0,1,1,1,56,128,128,128,10,1,1,1,66.893,0.000,24.062,19.039,18.989,2.452,0.835,1.146,0.360,0.000,0.010,3.190,308.9,,,5.717,cpu02,ok,
10_matrix_threads,schur 128^3 s0 T=112,schur,64,0,1,1,1,112,128,128,128,10,1,1,1,121.220,0.000,45.311,34.939,36.262,2.537,0.862,0.895,0.403,0.000,0.011,5.780,365.9,,,7.578,cpu02,ok,
10_matrix_threads,schur 128^3 s1 seriale,schur,64,1,0,0,1,1,128,128,128,10,1,1,1,395.792,0.000,224.980,33.468,48.487,30.266,27.155,29.101,2.333,0.000,0.002,18.873,250.2,,,95.089,cpu02,ok,
10_matrix_threads,schur 128^3 s1 T(1),schur,64,1,0,1,1,1,128,128,128,10,1,1,1,406.539,0.000,228.572,37.666,50.280,30.412,27.300,29.301,3.001,0.000,0.007,19.385,262.5,,,98.518,cpu02,ok,
10_matrix_threads,schur 128^3 s1 T=1,schur,64,1,1,1,1,1,128,128,128,10,1,1,1,420.471,0.000,243.621,36.812,50.356,30.421,27.273,28.985,2.993,0.000,0.010,20.050,262.5,,,98.351,cpu02,ok,
10_matrix_threads,schur 128^3 s1 T=2,schur,64,1,1,1,1,2,128,128,128,10,1,1,1,211.389,0.000,122.760,18.186,25.753,15.567,13.726,13.958,1.432,0.000,0.007,10.080,262.8,,,50.059,cpu02,ok,
10_matrix_threads,schur 128^3 s1 T=4,schur,64,1,1,1,1,4,128,128,128,10,1,1,1,113.540,0.000,65.498,9.664,13.731,9.096,7.401,7.337,0.808,0.000,0.005,5.414,263.0,,,27.410,cpu02,ok,
10_matrix_threads,schur 128^3 s1 T=7,schur,64,1,1,1,1,7,128,128,128,10,1,1,1,67.306,0.000,38.209,6.012,8.451,5.364,4.337,4.363,0.564,0.000,0.006,3.209,265.9,,,15.847,cpu02,ok,
10_matrix_threads,schur 128^3 s1 T=8,schur,64,1,1,1,1,8,128,128,128,10,1,1,1,62.346,0.000,33.991,4.836,10.190,5.255,3.314,4.271,0.484,0.000,0.005,2.973,266.4,,,14.372,cpu02,ok,
10_matrix_threads,schur 128^3 s1 T=14,schur,64,1,1,1,1,14,128,128,128,10,1,1,1,40.679,0.000,22.247,4.254,5.788,3.470,2.248,2.222,0.443,0.000,0.007,1.940,263.4,,,9.526,cpu02,ok,
10_matrix_threads,schur 128^3 s1 T=28,schur,64,1,1,1,1,28,128,128,128,10,1,1,1,28.482,0.000,14.340,3.815,4.571,2.712,1.342,1.332,0.365,0.000,0.005,1.358,263.0,,,6.651,cpu02,ok,
10_matrix_threads,schur 128^3 s1 T=56,schur,64,1,1,1,1,56,128,128,128,10,1,1,1,36.633,0.000,25.605,2.395,3.878,2.384,0.827,1.150,0.389,0.000,0.005,1.747,316.4,,,5.845,cpu02,ok,
10_matrix_threads,schur 128^3 s1 T=112,schur,64,1,1,1,1,112,128,128,128,10,1,1,1,59.340,0.000,47.705,3.033,3.942,2.524,0.824,0.895,0.405,0.000,0.012,2.830,365.1,,,8.092,cpu02,ok,
10_matrix_threads,pipeline 128^3 s0 seriale,pipeline,64,0,0,0,1,1,128,128,128,10,1,1,1,928.529,0.000,411.256,213.410,189.807,47.041,32.456,31.680,2.877,0.000,0.002,44.276,344.8,,,97.267,cpu02,ok,
10_matrix_threads,pipeline 128^3 s0 T(1),pipeline,64,0,0,1,1,1,128,128,128,10,1,1,1,960.113,0.000,426.414,220.767,194.797,49.537,32.061,32.336,4.196,0.000,0.005,45.782,357.9,,,101.750,cpu02,ok,
10_matrix_threads,pipeline 128^3 s0 T=1,pipeline,64,0,1,1,1,1,128,128,128,10,1,1,1,1165.862,0.000,443.043,261.704,314.680,59.574,41.488,41.400,3.968,0.000,0.005,55.593,357.0,,,107.899,cpu02,ok,
10_matrix_threads,pipeline 128^3 s0 T=2,pipeline,64,0,1,1,1,2,128,128,128,10,1,1,1,834.627,0.000,250.995,213.374,246.495,42.243,38.913,40.398,2.206,0.000,0.003,39.798,357.0,,,54.106,cpu02,ok,
10_matrix_threads,pipeline 128^3 s0 T=4,pipeline,64,0,1,1,1,4,128,128,128,10,1,1,1,772.125,0.000,191.659,214.447,223.008,41.779,49.979,49.926,1.321,0.000,0.006,36.818,357.0,,,31.366,cpu02,ok,
10_matrix_threads,pipeline 128^3 s0 T=7,pipeline,64,0,1,1,1,7,128,128,128,10,1,1,1,1066.183,0.000,233.855,305.574,301.304,63.252,80.524,80.714,0.956,0.000,0.004,50.840,356.1,,,21.834,cpu02,ok,
10_matrix_threads,pipeline 128^3 s0 T=8,pipeline,64,0,1,1,1,8,128,128,128,10,1,1,1,1841.116,0.000,313.597,572.574,583.460,84.238,144.464,141.911,0.867,0.000,0.005,87.791,353.5,,,26.158,cpu02,ok,
10_matrix_threads,pipeline 128^3 s0 T=14,pipeline,64,0,1,1,1,14,128,128,128,10,1,1,1,1246.510,0.000,241.537,369.823,367.740,70.889,99.183,96.577,0.756,0.000,0.005,59.438,355.2,,,14.951,cpu02,ok,
10_matrix_threads,pipeline 128^3 s0 T=28,pipeline,64,0,1,1,1,28,128,128,128,10,1,1,1,3351.516,0.000,860.331,855.244,823.421,271.694,275.125,265.074,0.620,0.000,0.007,159.813,346.5,,,18.304,cpu02,ok,
10_matrix_threads,pipeline 128^3 s0 T=56,pipeline,64,0,1,1,1,56,128,128,128,10,1,1,1,4310.708,0.000,911.243,1173.536,1217.167,291.363,370.694,346.142,0.554,0.000,0.009,205.551,337.8,,,38.783,cpu02,ok,
10_matrix_threads,pipeline 128^3 s0 T=112,pipeline,64,0,1,1,1,112,128,128,128,10,1,1,1,3864.335,0.000,922.782,997.584,1028.210,288.695,340.922,285.429,0.699,0.000,0.014,184.266,299.2,,,53.238,cpu02,ok,
10_matrix_threads,pipeline 128^3 s1 seriale,pipeline,64,1,0,0,1,1,128,128,128,10,1,1,1,698.483,0.000,429.353,68.967,84.593,46.599,33.479,32.723,2.767,0.000,0.002,33.306,344.8,,,96.074,cpu02,ok,
10_matrix_threads,pipeline 128^3 s1 T(1),pipeline,64,1,0,1,1,1,128,128,128,10,1,1,1,730.056,0.000,449.587,70.929,87.823,48.866,34.827,33.891,4.128,0.000,0.005,34.812,357.9,,,107.167,cpu02,ok,
10_matrix_threads,pipeline 128^3 s1 T=1,pipeline,64,1,1,1,1,1,128,128,128,10,1,1,1,837.909,0.000,455.700,103.220,131.232,59.585,42.124,42.272,3.769,0.000,0.007,39.955,357.9,,,102.975,cpu02,ok,
10_matrix_threads,pipeline 128^3 s1 T=2,pipeline,64,1,1,1,1,2,128,128,128,10,1,1,1,640.517,0.000,261.382,119.651,137.378,42.282,38.326,39.400,2.095,0.000,0.003,30.542,357.0,,,55.284,cpu02,ok,
10_matrix_threads,pipeline 128^3 s1 T=4,pipeline,64,1,1,1,1,4,128,128,128,10,1,1,1,677.969,0.000,202.358,161.215,162.831,41.417,53.450,55.405,1.285,0.000,0.008,32.328,357.0,,,31.440,cpu02,ok,
10_matrix_threads,pipeline 128^3 s1 T=7,pipeline,64,1,1,1,1,7,128,128,128,10,1,1,1,805.482,0.000,200.408,207.334,204.241,51.103,71.457,70.003,0.929,0.000,0.007,38.408,355.2,,,21.570,cpu02,ok,
10_matrix_threads,pipeline 128^3 s1 T=8,pipeline,64,1,1,1,1,8,128,128,128,10,1,1,1,1582.018,0.000,335.921,416.396,434.412,89.392,153.186,151.830,0.877,0.000,0.004,75.437,355.2,,,26.269,cpu02,ok,
10_matrix_threads,pipeline 128^3 s1 T=14,pipeline,64,1,1,1,1,14,128,128,128,10,1,1,1,1094.270,0.000,247.708,283.169,281.609,73.333,103.935,103.732,0.778,0.000,0.006,52.179,354.4,,,17.093,cpu02,ok,
10_matrix_threads,pipeline 128^3 s1 T=28,pipeline,64,1,1,1,1,28,128,128,128,10,1,1,1,1723.175,0.000,410.168,425.956,430.911,130.421,166.180,158.914,0.616,0.000,0.009,82.167,345.6,,,17.509,cpu02,ok,
10_matrix_threads,pipeline 128^3 s1 T=56,pipeline,64,1,1,1,1,56,128,128,128,10,1,1,1,9406.429,0.000,2458.151,2345.301,2287.327,782.240,771.077,761.588,0.738,0.000,0.007,448.533,331.6,,,37.308,cpu02,ok,
10_matrix_threads,pipeline 128^3 s1 T=112,pipeline,64,1,1,1,1,112,128,128,128,10,1,1,1,10156.609,0.000,2638.452,2502.333,2450.384,853.173,861.985,849.496,0.771,0.000,0.015,484.305,315.0,,,46.412,cpu04,ok,
10_matrix_threads,schur 224^3 s0 seriale,schur,64,0,0,0,1,1,224,224,224,4,1,1,1,4714.490,0.000,1400.644,1492.007,1162.947,209.056,202.197,215.952,31.687,0.000,0.000,41.946,1313.2,,,716.882,cpu04,ok,
10_matrix_threads,schur 224^3 s0 T(1),schur,64,0,0,1,1,1,224,224,224,4,1,1,1,4006.456,0.000,1295.505,1194.504,951.985,181.829,173.680,184.142,24.796,0.000,0.015,35.646,1333.6,,,642.745,cpu04,ok,
10_matrix_threads,schur 224^3 s0 T=1,schur,64,0,1,1,1,1,224,224,224,4,1,1,1,4722.624,0.000,1428.288,1464.134,1179.232,205.829,200.649,212.767,31.714,0.000,0.011,42.018,1333.4,,,705.276,cpu04,ok,
10_matrix_threads,schur 224^3 s0 T=2,schur,64,0,1,1,1,2,224,224,224,4,1,1,1,2411.624,0.000,726.717,778.937,578.790,105.239,99.552,105.779,16.595,0.000,0.015,21.457,1336.5,,,366.882,cpu04,ok,
10_matrix_threads,schur 224^3 s0 T=4,schur,64,0,1,1,1,4,224,224,224,4,1,1,1,1239.597,0.000,386.651,377.894,299.834,57.712,51.732,56.493,9.270,0.000,0.011,11.029,1339.3,,,197.403,cpu04,ok,
10_matrix_threads,schur 224^3 s0 T=7,schur,64,0,1,1,1,7,224,224,224,4,1,1,1,749.646,0.000,220.624,234.524,186.412,36.578,30.427,31.903,9.170,0.000,0.008,6.670,1347.1,,,107.887,cpu04,ok,
10_matrix_threads,schur 224^3 s0 T=8,schur,64,0,1,1,1,8,224,224,224,4,1,1,1,617.387,0.000,189.341,183.784,151.446,34.018,25.523,26.798,6.470,0.000,0.007,5.493,1348.9,,,89.250,cpu04,ok,
10_matrix_threads,schur 224^3 s0 T=14,schur,64,0,1,1,1,14,224,224,224,4,1,1,1,423.629,0.000,129.712,126.440,97.889,25.604,16.455,17.010,10.512,0.000,0.007,3.769,1390.8,,,62.547,cpu04,ok,
10_matrix_threads,schur 224^3 s0 T=28,schur,64,0,1,1,1,28,224,224,224,4,1,1,1,402.897,0.000,133.072,114.958,94.849,25.858,11.703,11.623,10.825,0.000,0.009,3.585,1415.2,,,64.742,cpu04,ok,
10_matrix_threads,schur 224^3 s0 T=56,schur,64,0,1,1,1,56,224,224,224,4,1,1,1,348.019,0.000,118.909,92.500,84.473,21.826,11.690,12.141,6.470,0.000,0.010,3.096,1449.4,,,47.504,cpu04,ok,
10_matrix_threads,schur 224^3 s0 T=112,schur,64,0,1,1,1,112,224,224,224,4,1,1,1,539.260,0.000,180.046,144.436,146.032,27.711,16.650,17.517,6.856,0.000,0.012,4.798,1577.5,,,54.761,cpu04,ok,
10_matrix_threads,schur 224^3 s1 seriale,schur,64,1,0,0,1,1,224,224,224,4,1,1,1,2658.229,0.000,1370.532,327.025,318.338,202.697,199.562,214.760,25.314,0.000,0.001,23.651,1313.2,,,681.663,cpu04,ok,
10_matrix_threads,schur 224^3 s1 T(1),schur,64,1,0,1,1,1,224,224,224,4,1,1,1,2457.946,0.000,1339.481,289.400,277.694,178.707,171.559,181.836,19.250,0.000,0.019,21.869,1333.6,,,637.769,cpu04,ok,
10_matrix_threads,schur 224^3 s1 T=1,schur,64,1,1,1,1,1,224,224,224,4,1,1,1,2763.772,0.000,1452.001,346.014,327.123,203.234,198.967,212.027,24.395,0.000,0.011,24.590,1334.3,,,691.309,cpu04,ok,
10_matrix_threads,schur 224^3 s1 T=2,schur,64,1,1,1,1,2,224,224,224,4,1,1,1,1404.689,0.000,728.146,184.258,166.137,103.161,102.306,107.027,13.642,0.000,0.012,12.498,1336.1,,,348.585,cpu04,ok,
10_matrix_threads,schur 224^3 s1 T=4,schur,64,1,1,1,1,4,224,224,224,4,1,1,1,739.159,0.000,386.800,91.775,89.040,56.456,51.670,54.436,8.969,0.000,0.013,6.576,1340.1,,,185.953,cpu04,ok,
10_matrix_threads,schur 224^3 s1 T=7,schur,64,1,1,1,1,7,224,224,224,4,1,1,1,451.132,0.000,229.194,53.980,58.351,35.733,32.070,31.864,9.934,0.000,0.006,4.014,1347.6,,,108.030,cpu04,ok,
10_matrix_threads,schur 224^3 s1 T=8,schur,64,1,1,1,1,8,224,224,224,4,1,1,1,387.268,0.000,188.351,52.349,55.554,32.674,25.578,26.839,5.917,0.000,0.006,3.446,1348.0,,,85.012,cpu04,ok,
10_matrix_threads,schur 224^3 s1 T=14,schur,64,1,1,1,1,14,224,224,224,4,1,1,1,287.446,0.000,140.393,33.059,45.127,24.603,16.562,16.968,10.727,0.000,0.007,2.557,1375.3,,,63.204,cpu04,ok,
10_matrix_threads,schur 224^3 s1 T=28,schur,64,1,1,1,1,28,224,224,224,4,1,1,1,253.210,0.000,133.698,24.606,38.414,22.407,11.795,11.680,10.602,0.000,0.008,2.253,1418.3,,,61.911,cpu04,ok,
10_matrix_threads,schur 224^3 s1 T=56,schur,64,1,1,1,1,56,224,224,224,4,1,1,1,229.294,0.000,127.292,17.860,35.163,20.376,10.757,11.372,6.468,0.000,0.006,2.040,1462.8,,,49.113,cpu04,ok,
10_matrix_threads,schur 224^3 s1 T=112,schur,64,1,1,1,1,112,224,224,224,4,1,1,1,302.546,0.000,180.413,17.956,34.510,26.932,18.087,17.795,6.844,0.000,0.009,2.692,1590.5,,,51.959,cpu04,ok,
10_matrix_threads,pipeline 224^3 s0 seriale,pipeline,64,0,0,0,1,1,224,224,224,4,1,1,1,6176.464,0.000,2895.584,1280.122,1130.995,463.110,193.758,182.785,30.110,0.000,0.000,54.954,1825.2,,,691.887,cpu04,ok,
10_matrix_threads,pipeline 224^3 s0 T(1),pipeline,64,0,0,1,1,1,224,224,224,4,1,1,1,5608.435,0.000,2604.781,1225.054,1047.888,345.621,181.068,180.668,23.350,0.000,0.005,49.900,1846.2,,,632.659,cpu04,ok,
10_matrix_threads,pipeline 224^3 s0 T=1,pipeline,64,0,1,1,1,1,224,224,224,4,1,1,1,7496.903,0.000,2969.571,1568.500,1905.202,533.232,247.310,241.410,31.671,0.000,0.007,66.702,1847.1,,,728.817,cpu04,ok,
10_matrix_threads,pipeline 224^3 s0 T=2,pipeline,64,0,1,1,1,2,224,224,224,4,1,1,1,5237.629,0.000,1771.259,1206.622,1439.976,355.431,222.045,225.538,16.752,0.000,0.006,46.601,1847.1,,,390.304,cpu04,ok,
10_matrix_threads,pipeline 224^3 s0 T=4,pipeline,64,0,1,1,1,4,224,224,224,4,1,1,1,4659.664,0.000,1208.344,1239.431,1319.517,271.910,300.249,309.700,10.506,0.000,0.007,41.458,1846.2,,,210.950,cpu04,ok,
10_matrix_threads,pipeline 224^3 s0 T=7,pipeline,64,0,1,1,1,7,224,224,224,4,1,1,1,5899.711,0.000,1267.085,1702.155,1693.843,358.273,435.020,433.654,9.673,0.000,0.008,52.491,1842.8,,,127.037,cpu04,ok,
10_matrix_threads,pipeline 224^3 s0 T=8,pipeline,64,0,1,1,1,8,224,224,224,4,1,1,1,9972.188,0.000,1606.914,3201.125,3132.612,456.177,796.097,771.963,7.294,0.000,0.006,88.725,1842.8,,,122.373,cpu04,ok,
10_matrix_threads,pipeline 224^3 s0 T=14,pipeline,64,0,1,1,1,14,224,224,224,4,1,1,1,6908.346,0.000,1282.540,2067.146,2019.500,393.808,580.149,554.311,10.885,0.000,0.007,61.465,1836.6,,,94.072,cpu04,ok,
10_matrix_threads,pipeline 224^3 s0 T=28,pipeline,64,0,1,1,1,28,224,224,224,4,1,1,1,18119.763,0.000,4588.514,4715.164,4488.310,1462.687,1441.758,1412.722,10.598,0.000,0.010,161.216,1830.5,,,105.617,cpu04,ok,
10_matrix_threads,pipeline 224^3 s0 T=56,pipeline,64,0,1,1,1,56,224,224,224,4,1,1,1,22743.970,0.000,4647.772,6722.565,6036.512,1473.044,2038.662,1818.685,6.723,0.000,0.007,202.359,1793.8,,,139.428,cpu04,ok,
10_matrix_threads,pipeline 224^3 s0 T=112,pipeline,64,0,1,1,1,112,224,224,224,4,1,1,1,20587.169,0.000,4760.255,5796.747,5357.614,1517.380,1582.923,1565.391,6.848,0.000,0.011,183.169,1804.2,,,185.893,cpu04,ok,
10_matrix_threads,pipeline 224^3 s1 seriale,pipeline,64,1,0,0,1,1,224,224,224,4,1,1,1,5048.967,0.000,3048.366,535.890,595.298,454.289,198.171,188.250,28.700,0.000,0.003,44.922,1825.2,,,685.018,cpu04,ok,
10_matrix_threads,pipeline 224^3 s1 T(1),pipeline,64,1,0,1,1,1,224,224,224,4,1,1,1,4367.629,0.000,2721.956,444.107,470.658,341.887,185.636,182.402,20.976,0.000,0.007,38.860,1845.4,,,640.740,cpu04,ok,
10_matrix_threads,pipeline 224^3 s1 T=1,pipeline,64,1,1,1,1,1,224,224,224,4,1,1,1,5819.001,0.000,3179.102,753.199,833.140,538.420,247.718,237.914,29.503,0.000,0.005,51.773,1845.4,,,691.335,cpu04,ok,
10_matrix_threads,pipeline 224^3 s1 T=2,pipeline,64,1,1,1,1,2,224,224,224,4,1,1,1,4281.715,0.000,1873.970,724.048,876.316,353.661,218.510,218.978,16.225,0.000,0.007,38.096,1845.4,,,372.619,cpu04,ok,
10_matrix_threads,pipeline 224^3 s1 T=4,pipeline,64,1,1,1,1,4,224,224,224,4,1,1,1,3980.086,0.000,1203.364,899.574,1012.443,251.745,299.038,304.549,9.365,0.000,0.008,35.412,1845.4,,,203.897,cpu04,ok,
10_matrix_threads,pipeline 224^3 s1 T=7,pipeline,64,1,1,1,1,7,224,224,224,4,1,1,1,4564.100,0.000,1091.651,1229.506,1186.468,285.914,385.773,374.683,10.098,0.000,0.007,40.608,1842.8,,,123.773,cpu04,ok,
10_matrix_threads,pipeline 224^3 s1 T=8,pipeline,64,1,1,1,1,8,224,224,224,4,1,1,1,7925.686,0.000,1640.057,2105.309,2188.073,458.686,769.927,756.128,7.499,0.000,0.007,70.517,1843.6,,,137.324,cpu04,ok,
10_matrix_threads,pipeline 224^3 s1 T=14,pipeline,64,1,1,1,1,14,224,224,224,4,1,1,1,6108.659,0.000,1330.935,1666.968,1608.126,392.613,547.684,551.342,10.983,0.000,0.008,54.350,1837.5,,,93.841,cpu04,ok,
10_matrix_threads,pipeline 224^3 s1 T=28,pipeline,64,1,1,1,1,28,224,224,224,4,1,1,1,9501.404,0.000,2205.356,2364.056,2397.035,705.992,903.339,915.009,10.609,0.000,0.008,84.536,1831.4,,,95.650,cpu04,ok,
10_matrix_threads,pipeline 224^3 s1 T=56,pipeline,64,1,1,1,1,56,224,224,224,4,1,1,1,19834.294,0.000,4950.385,4737.475,4635.291,1598.254,1955.178,1950.803,6.899,0.000,0.009,176.471,1799.0,,,148.975,cpu04,ok,
10_matrix_threads,pipeline 224^3 s1 T=112,pipeline,64,1,1,1,1,112,224,224,224,4,1,1,1,19047.579,0.000,4777.208,4758.668,4790.801,1523.135,1578.687,1612.129,6.941,0.000,0.010,169.471,1806.0,,,182.861,cpu04,ok,
10_matrix_threads,schur bind=close T=14,schur,64,1,1,1,1,14,224,224,224,4,1,1,1,264.729,0.000,126.149,29.576,48.122,22.845,15.700,16.057,6.275,0.000,0.005,2.355,1372.6,,,53.918,cpu04,ok,piazzamento close
10_matrix_threads,schur bind=spread T=14,schur,64,1,1,1,1,14,224,224,224,4,1,1,1,288.933,0.000,141.404,34.776,43.324,24.935,16.788,17.022,10.677,0.000,0.007,2.571,1375.3,,,65.622,cpu04,ok,piazzamento spread
10_matrix_threads,schur bind=close T=28,schur,64,1,1,1,1,28,224,224,224,4,1,1,1,201.988,0.000,98.032,20.526,41.198,17.791,8.962,9.098,6.374,0.000,0.007,1.797,1418.3,,,43.570,cpu04,ok,piazzamento close
10_matrix_threads,schur bind=spread T=28,schur,64,1,1,1,1,28,224,224,224,4,1,1,1,256.997,0.000,133.665,24.720,39.144,22.941,11.913,11.602,13.004,0.000,0.008,2.287,1419.1,,,63.982,cpu04,ok,piazzamento spread
10_matrix_threads,pipeline bind=close T=14,pipeline,64,1,1,1,1,14,224,224,224,4,1,1,1,9497.488,0.000,2012.266,2488.562,2548.327,617.269,927.496,896.295,7.265,0.000,0.008,84.502,1836.6,,,109.348,cpu04,ok,piazzamento close
10_matrix_threads,pipeline bind=spread T=14,pipeline,64,1,1,1,1,14,224,224,224,4,1,1,1,6321.938,0.000,1376.146,1693.405,1704.117,411.599,557.309,568.378,10.975,0.000,0.009,56.248,1837.5,,,97.698,cpu04,ok,piazzamento spread
10_matrix_threads,pipeline bind=close T=28,pipeline,64,1,1,1,1,28,224,224,224,4,1,1,1,11942.342,0.000,2778.042,2974.283,2975.964,868.659,1149.392,1188.734,7.261,0.000,0.007,106.254,1827.9,,,120.390,cpu04,ok,piazzamento close
10_matrix_threads,pipeline bind=spread T=28,pipeline,64,1,1,1,1,28,224,224,224,4,1,1,1,9696.719,0.000,2187.576,2449.895,2467.403,713.093,934.786,933.282,10.674,0.000,0.010,86.274,1830.5,,,96.524,cpu04,ok,piazzamento spread
11_matrix_mpi,schur 224^3 s0 seriale,schur,64,0,0,0,1,1,224,224,224,4,1,1,1,3745.054,0.000,1196.256,1098.679,899.116,178.673,174.006,181.218,17.105,0.000,0.001,33.321,1313.2,,,549.650,cpu02,ok,
11_matrix_mpi,schur 224^3 s0 T(1),schur,64,0,0,1,1,1,224,224,224,4,1,1,1,4012.529,0.000,1268.314,1221.732,954.384,186.401,173.896,182.464,25.322,0.000,0.016,35.700,1325.3,,,619.395,cpu02,ok,
11_matrix_mpi,pipeline 224^3 s0 seriale,pipeline,64,0,0,0,1,1,224,224,224,4,1,1,1,5314.736,0.000,2401.974,1183.016,1011.115,343.871,182.551,173.537,18.670,0.000,0.002,47.287,1825.2,,,535.340,cpu02,ok,
11_matrix_mpi,pipeline 224^3 s0 T(1),pipeline,64,0,0,1,1,1,224,224,224,4,1,1,1,5553.414,0.000,2525.282,1238.453,1046.233,352.102,183.915,181.012,26.411,0.000,0.006,49.410,1837.5,,,621.446,cpu02,ok,
11_matrix_mpi,schur R=1 1x1x1 s0,schur,64,0,0,1,1,1,224,224,224,4,1,1,1,3970.316,0.000,1269.124,1203.618,927.122,188.913,175.136,181.076,25.313,0.000,0.014,35.325,1325.7,,,615.487,cpu02,ok,
11_matrix_mpi,pipeline R=1 1x1x1 s0,pipeline,64,0,0,1,1,1,224,224,224,4,1,1,1,5526.550,0.000,2516.040,1229.445,1038.540,352.238,184.530,178.764,26.987,0.000,0.006,49.171,1837.5,,,609.227,cpu02,ok,
11_matrix_mpi,schur R=2 1x1x2 s0,schur,64,0,0,1,2,1,224,224,224,4,1,1,2,2193.754,54.369,645.356,581.518,672.293,96.788,87.032,96.043,12.538,0.000,2.186,39.037,678.3,,,317.603,cpu02,ok,
11_matrix_mpi,schur R=2 1x2x1 s0,schur,64,0,0,1,2,1,224,224,224,4,1,2,1,2219.630,49.339,645.316,789.046,482.799,95.066,95.379,92.177,12.262,0.000,7.585,39.497,679.7,,,320.607,cpu02,ok,
11_matrix_mpi,schur R=2 2x1x1 s0,schur,64,0,0,1,2,1,224,224,224,4,2,1,1,2203.086,143.592,830.516,541.012,492.676,98.307,89.387,91.749,12.926,0.000,46.513,39.203,682.5,,,296.322,cpu02,ok,
11_matrix_mpi,pipeline R=2 1x1x2 s0,pipeline,64,0,0,1,2,1,224,224,224,4,1,1,2,2845.907,51.502,1268.914,610.077,556.577,178.842,91.611,98.188,12.417,0.000,29.281,50.642,932.8,,,305.510,cpu02,ok,
11_matrix_mpi,pipeline R=2 1x2x1 s0,pipeline,64,0,0,1,2,1,224,224,224,4,1,2,1,2899.147,86.630,1287.683,667.139,536.515,179.971,101.682,94.623,14.768,0.000,16.766,51.589,934.5,,,310.090,cpu02,ok,
11_matrix_mpi,pipeline R=2 2x1x1 s0,pipeline,64,0,0,1,2,1,224,224,224,4,2,1,1,2854.416,109.986,1237.726,599.684,560.074,166.380,92.774,90.627,14.427,0.000,92.724,50.793,938.0,,,284.392,cpu02,ok,
11_matrix_mpi,schur R=4 1x1x4 s0,schur,64,0,0,1,4,1,224,224,224,4,1,1,4,1196.956,99.794,336.869,281.593,412.817,51.364,44.992,60.731,7.356,0.000,1.234,42.598,354.7,,,166.625,cpu02,ok,
11_matrix_mpi,schur R=4 1x2x2 s0,schur,64,0,0,1,4,1,224,224,224,4,1,2,2,1271.083,61.088,339.191,420.931,369.916,50.577,50.359,50.183,7.421,0.000,-17.495,45.237,350.9,,,170.380,cpu02,ok,
11_matrix_mpi,schur R=4 1x4x1 s0,schur,64,0,0,1,4,1,224,224,224,4,1,4,1,1216.470,126.908,333.637,486.344,248.215,50.336,44.435,47.556,7.398,0.000,-1.451,43.293,355.9,,,165.818,cpu02,ok,
11_matrix_mpi,schur R=4 2x1x2 s0,schur,64,0,0,1,4,1,224,224,224,4,2,1,2,1230.773,83.009,421.182,273.746,350.580,50.022,46.135,49.609,7.862,0.000,31.637,43.802,351.8,,,146.838,cpu02,ok,
11_matrix_mpi,schur R=4 2x2x1 s0,schur,64,0,0,1,4,1,224,224,224,4,2,2,1,1228.274,119.527,425.558,389.040,251.159,49.808,41.403,47.788,8.391,0.000,15.127,43.713,352.6,,,147.099,cpu02,ok,
11_matrix_mpi,schur R=4 4x1x1 s0,schur,64,0,0,1,4,1,224,224,224,4,4,1,1,1090.183,141.631,483.736,178.144,238.972,52.183,39.054,47.239,7.567,0.000,43.288,38.799,355.2,,,162.344,cpu02,ok,
11_matrix_mpi,pipeline R=4 1x1x4 s0,pipeline,64,0,0,1,4,1,224,224,224,4,1,1,4,1515.137,59.024,648.599,324.599,309.228,92.997,47.288,50.060,7.380,0.000,34.986,53.922,481.2,,,155.093,cpu02,ok,
11_matrix_mpi,pipeline R=4 1x2x2 s0,pipeline,64,0,0,1,4,1,224,224,224,4,1,2,2,1535.713,78.474,653.322,365.069,301.747,92.754,50.667,49.147,7.391,0.000,15.616,54.655,476.9,,,161.787,cpu02,ok,
11_matrix_mpi,pipeline R=4 1x4x1 s0,pipeline,64,0,0,1,4,1,224,224,224,4,1,4,1,1540.413,86.225,647.532,369.776,285.256,91.867,51.911,48.605,7.156,0.000,38.310,54.822,482.1,,,154.254,cpu02,ok,
11_matrix_mpi,pipeline R=4 2x1x2 s0,pipeline,64,0,0,1,4,1,224,224,224,4,2,1,2,1491.824,69.361,631.236,325.364,308.757,86.592,49.983,56.448,6.870,0.000,26.574,53.093,478.6,,,145.455,cpu02,ok,
11_matrix_mpi,pipeline R=4 2x2x1 s0,pipeline,64,0,0,1,4,1,224,224,224,4,2,2,1,1508.193,88.716,625.825,340.931,291.310,85.982,49.583,47.060,7.364,0.000,60.138,53.675,480.4,,,144.921,cpu02,ok,
11_matrix_mpi,pipeline R=4 4x1x1 s0,pipeline,64,0,0,1,4,1,224,224,224,4,4,1,1,1413.790,85.897,577.233,304.704,281.200,75.071,44.927,52.560,6.944,0.000,71.151,50.315,483.9,,,149.037,cpu02,ok,
11_matrix_mpi,schur R=7 1x1x7 s0,schur,64,0,0,1,7,1,224,224,224,4,1,1,7,709.439,85.129,191.547,173.635,257.293,30.402,26.426,28.654,5.430,0.000,-3.948,44.184,214.6,,,91.836,cpu02,ok,
11_matrix_mpi,schur R=7 1x7x1 s0,schur,64,0,0,1,7,1,224,224,224,4,1,7,1,725.281,79.017,184.255,298.393,142.456,29.209,30.692,28.233,5.457,0.000,6.586,45.171,215.9,,,87.284,cpu02,ok,
11_matrix_mpi,schur R=7 7x1x1 s0,schur,64,0,0,1,7,1,224,224,224,4,7,1,1,720.084,117.720,321.325,105.587,142.303,36.345,22.839,27.750,5.750,0.000,58.185,44.847,216.1,,,108.057,cpu02,ok,
11_matrix_mpi,pipeline R=7 1x1x7 s0,pipeline,64,0,0,1,7,1,224,224,224,4,1,1,7,925.459,63.250,397.670,192.116,206.376,54.839,27.833,36.591,5.264,0.000,4.770,57.638,285.2,,,96.868,cpu02,ok,
11_matrix_mpi,pipeline R=7 1x7x1 s0,pipeline,64,0,0,1,7,1,224,224,224,4,1,7,1,922.025,72.516,396.271,220.677,160.750,51.960,31.842,32.593,4.369,0.000,23.563,57.424,287.9,,,97.604,cpu02,ok,
11_matrix_mpi,pipeline R=7 7x1x1 s0,pipeline,64,0,0,1,7,1,224,224,224,4,7,1,1,894.717,85.927,374.537,176.406,162.839,48.336,26.087,27.768,5.099,0.000,73.645,55.724,288.8,,,105.987,cpu02,ok,
11_matrix_mpi,schur R=8 1x1x8 s0,schur,64,0,0,1,8,1,224,224,224,4,1,1,8,630.862,79.720,167.552,152.729,237.614,28.191,23.497,24.748,5.023,0.000,-8.492,44.903,190.9,,,80.163,cpu02,ok,
11_matrix_mpi,schur R=8 1x2x4 s0,schur,64,0,0,1,8,1,224,224,224,4,1,2,4,690.434,85.903,164.577,209.761,233.689,26.834,24.943,30.558,5.062,0.000,-4.990,49.144,187.9,,,78.246,cpu02,ok,
11_matrix_mpi,schur R=8 1x4x2 s0,schur,64,0,0,1,8,1,224,224,224,4,1,4,2,665.826,79.938,162.848,241.493,182.593,26.370,22.661,25.759,4.928,0.000,-0.826,47.392,187.2,,,77.230,cpu02,ok,
11_matrix_mpi,schur R=8 1x8x1 s0,schur,64,0,0,1,8,1,224,224,224,4,1,8,1,636.887,72.082,161.836,257.156,128.439,26.891,28.240,24.562,4.903,0.000,4.860,45.332,193.4,,,77.136,cpu02,ok,
11_matrix_mpi,schur R=8 2x1x4 s0,schur,64,0,0,1,8,1,224,224,224,4,2,1,4,670.261,90.438,212.286,140.951,226.702,27.579,23.446,30.964,5.047,0.000,3.286,47.708,187.2,,,73.666,cpu02,ok,
11_matrix_mpi,schur R=8 2x2x2 s0,schur,64,0,0,1,8,1,224,224,224,4,2,2,2,675.909,51.763,210.277,194.937,186.936,26.914,21.022,25.338,5.060,0.000,5.425,48.110,185.5,,,74.143,cpu02,ok,
11_matrix_mpi,schur R=8 2x4x1 s0,schur,64,0,0,1,8,1,224,224,224,4,2,4,1,611.447,80.935,208.530,186.558,127.550,26.576,22.728,25.795,5.141,0.000,8.569,43.522,188.1,,,75.108,cpu02,ok,
11_matrix_mpi,schur R=8 4x1x2 s0,schur,64,0,0,1,8,1,224,224,224,4,4,1,2,607.107,83.857,241.174,94.962,177.831,27.042,20.018,25.484,4.950,0.000,15.646,43.213,187.2,,,76.547,cpu02,ok,
11_matrix_mpi,schur R=8 4x2x1 s0,schur,64,0,0,1,8,1,224,224,224,4,4,2,1,615.303,78.792,236.562,154.961,126.629,27.809,21.775,26.151,4.952,0.000,16.464,43.796,187.2,,,77.655,cpu02,ok,
11_matrix_mpi,schur R=8 8x1x1 s0,schur,64,0,0,1,8,1,224,224,224,4,8,1,1,634.922,104.482,272.190,90.877,121.921,40.632,20.046,24.280,5.227,0.000,59.749,45.193,192.5,,,83.486,cpu02,ok,
11_matrix_mpi,pipeline R=8 1x1x8 s0,pipeline,64,0,0,1,8,1,224,224,224,4,1,1,8,800.101,50.402,340.918,166.631,165.106,48.796,24.283,26.884,5.230,0.000,22.253,56.950,252.0,,,81.575,cpu02,ok,
11_matrix_mpi,pipeline R=8 1x2x4 s0,pipeline,64,0,0,1,8,1,224,224,224,4,1,2,4,800.171,53.326,337.873,183.727,154.318,48.839,25.800,26.268,5.206,0.000,18.140,56.955,249.4,,,79.636,cpu02,ok,
11_matrix_mpi,pipeline R=8 1x4x2 s0,pipeline,64,0,0,1,8,1,224,224,224,4,1,4,2,803.149,55.409,337.763,189.723,146.121,47.989,26.712,25.456,5.135,0.000,24.250,57.167,249.4,,,79.231,cpu02,ok,
11_matrix_mpi,pipeline R=8 1x8x1 s0,pipeline,64,0,0,1,8,1,224,224,224,4,1,8,1,811.712,59.493,342.190,202.730,142.968,47.883,27.601,24.233,5.076,0.000,19.031,57.776,255.5,,,78.656,cpu02,ok,
11_matrix_mpi,pipeline R=8 2x1x4 s0,pipeline,64,0,0,1,8,1,224,224,224,4,2,1,4,787.470,66.231,336.109,169.281,159.695,46.638,24.449,26.950,4.996,0.000,19.352,56.051,249.4,,,76.189,cpu02,ok,
11_matrix_mpi,pipeline R=8 2x2x2 s0,pipeline,64,0,0,1,8,1,224,224,224,4,2,2,2,793.886,59.153,336.951,177.252,147.546,45.880,25.501,26.023,5.141,0.000,29.592,56.507,248.5,,,77.149,cpu02,ok,
11_matrix_mpi,pipeline R=8 2x4x1 s0,pipeline,64,0,0,1,8,1,224,224,224,4,2,4,1,803.045,71.497,340.115,183.609,143.503,45.226,26.239,24.546,5.168,0.000,34.639,57.159,251.1,,,78.478,cpu02,ok,
11_matrix_mpi,pipeline R=8 4x1x2 s0,pipeline,64,0,0,1,8,1,224,224,224,4,4,1,2,752.138,61.945,301.852,167.598,147.514,41.075,23.265,25.620,5.259,0.000,39.955,53.536,250.2,,,77.839,cpu02,ok,
11_matrix_mpi,pipeline R=8 4x2x1 s0,pipeline,64,0,0,1,8,1,224,224,224,4,4,2,1,769.054,67.396,310.819,179.395,145.263,41.085,24.669,24.789,5.127,0.000,37.907,54.740,251.1,,,76.915,cpu02,ok,
11_matrix_mpi,pipeline R=8 8x1x1 s0,pipeline,64,0,0,1,8,1,224,224,224,4,8,1,1,816.336,96.098,337.650,158.344,144.045,48.806,23.314,24.897,5.324,0.000,73.956,58.105,255.5,,,91.313,cpu02,ok,
11_matrix_mpi,schur R=14 1x1x14 s0,schur,64,0,0,1,14,1,224,224,224,4,1,1,14,418.308,61.636,102.211,93.855,159.533,17.953,13.404,22.261,4.624,0.000,4.467,52.105,121.2,,,49.472,cpu02,ok,
11_matrix_mpi,schur R=14 1x2x7 s0,schur,64,0,0,1,14,1,224,224,224,4,1,2,7,401.882,48.591,98.081,124.502,129.463,17.586,14.714,14.918,4.467,0.000,-1.849,50.059,117.2,,,47.487,cpu02,ok,
11_matrix_mpi,schur R=14 1x7x2 s0,schur,64,0,0,1,14,1,224,224,224,4,1,7,2,405.427,54.982,96.556,150.584,105.769,16.447,16.332,15.100,4.423,0.000,0.216,50.501,117.2,,,46.980,cpu02,ok,
11_matrix_mpi,schur R=14 1x14x1 s0,schur,64,0,0,1,14,1,224,224,224,4,1,14,1,392.415,69.855,95.241,159.341,74.048,17.024,22.920,14.845,4.399,0.000,4.597,48.880,123.8,,,45.832,cpu02,ok,
11_matrix_mpi,schur R=14 2x1x7 s0,schur,64,0,0,1,14,1,224,224,224,4,2,1,7,406.648,54.817,133.001,85.869,133.362,18.067,13.645,16.690,4.503,0.000,1.511,50.653,117.2,,,47.186,cpu02,ok,
11_matrix_mpi,schur R=14 2x7x1 s0,schur,64,0,0,1,14,1,224,224,224,4,2,7,1,382.460,68.233,130.674,127.555,74.382,18.105,16.755,14.393,4.230,0.000,-3.634,47.640,117.2,,,45.276,cpu02,ok,
11_matrix_mpi,schur R=14 7x1x2 s0,schur,64,0,0,1,14,1,224,224,224,4,7,1,2,402.211,73.138,161.844,51.713,101.447,21.323,11.720,14.938,4.754,0.000,34.472,50.100,116.4,,,50.146,cpu02,ok,
11_matrix_mpi,schur R=14 7x2x1 s0,schur,64,0,0,1,14,1,224,224,224,4,7,2,1,402.603,72.773,159.744,85.299,71.745,23.129,13.010,14.349,4.641,0.000,30.686,50.149,117.2,,,50.897,cpu02,ok,
11_matrix_mpi,schur R=14 14x1x1 s0,schur,64,0,0,1,14,1,224,224,224,4,14,1,1,461.764,92.173,201.814,49.586,71.058,30.935,12.072,14.362,5.033,0.000,76.904,57.518,122.5,,,58.530,cpu02,ok,
11_matrix_mpi,pipeline R=14 1x1x14 s0,pipeline,64,0,0,1,14,1,224,224,224,4,1,1,14,490.824,42.116,202.249,94.928,111.853,31.146,14.963,17.244,4.652,0.000,13.789,61.138,155.8,,,49.768,cpu02,ok,
11_matrix_mpi,pipeline R=14 1x2x7 s0,pipeline,64,0,0,1,14,1,224,224,224,4,1,2,7,484.659,41.635,203.710,105.182,99.567,31.310,16.043,17.281,4.292,0.000,7.274,60.370,151.4,,,49.890,cpu02,ok,
11_matrix_mpi,pipeline R=14 1x7x2 s0,pipeline,64,0,0,1,14,1,224,224,224,4,1,7,2,484.264,41.665,201.335,113.691,87.181,29.572,17.680,18.142,4.202,0.000,12.461,60.321,152.2,,,47.810,cpu02,ok,
11_matrix_mpi,pipeline R=14 1x14x1 s0,pipeline,64,0,0,1,14,1,224,224,224,4,1,14,1,503.326,54.250,206.343,128.897,85.102,30.315,19.497,15.438,4.355,0.000,13.379,62.695,159.2,,,49.672,cpu02,ok,
11_matrix_mpi,pipeline R=14 2x1x7 s0,pipeline,64,0,0,1,14,1,224,224,224,4,2,1,7,473.891,45.848,198.927,94.061,98.769,29.335,14.523,16.784,4.537,0.000,16.955,59.029,151.4,,,49.650,cpu02,ok,
11_matrix_mpi,pipeline R=14 2x7x1 s0,pipeline,64,0,0,1,14,1,224,224,224,4,2,7,1,480.312,52.012,198.207,109.602,84.329,29.144,17.531,15.432,4.386,0.000,21.681,59.828,153.1,,,48.507,cpu02,ok,
11_matrix_mpi,pipeline R=14 7x1x2 s0,pipeline,64,0,0,1,14,1,224,224,224,4,7,1,2,491.829,59.182,200.111,91.257,88.745,30.130,13.463,15.649,4.849,0.000,47.625,61.263,153.1,,,54.593,cpu02,ok,
11_matrix_mpi,pipeline R=14 7x2x1 s0,pipeline,64,0,0,1,14,1,224,224,224,4,7,2,1,500.648,70.593,200.969,102.119,84.248,33.538,14.278,15.237,4.651,0.000,45.608,62.361,154.0,,,57.386,cpu02,ok,
11_matrix_mpi,pipeline R=14 14x1x1 s0,pipeline,64,0,0,1,14,1,224,224,224,4,14,1,1,529.595,65.475,207.466,90.450,85.590,33.085,13.738,15.716,4.918,0.000,78.632,65.967,159.2,,,57.430,cpu02,ok,
11_matrix_mpi,schur R=28 1x1x28 s0,schur,64,0,0,1,28,1,224,224,224,4,1,1,28,406.876,100.216,81.749,67.740,184.183,14.634,8.130,32.488,4.779,0.000,13.173,101.362,75.2,,,43.767,cpu02,ok,
11_matrix_mpi,schur R=28 1x2x14 s0,schur,64,0,0,1,28,1,224,224,224,4,1,2,14,284.055,47.520,66.614,76.288,96.741,13.578,8.850,13.646,4.569,0.000,3.769,70.765,69.1,,,32.398,cpu02,ok,
11_matrix_mpi,schur R=28 1x4x7 s0,schur,64,0,0,1,28,1,224,224,224,4,1,4,7,265.925,50.291,63.424,84.799,84.055,12.924,8.113,9.896,4.388,0.000,-1.674,66.248,67.4,,,29.436,cpu02,ok,
11_matrix_mpi,schur R=28 1x7x4 s0,schur,64,0,0,1,28,1,224,224,224,4,1,7,4,266.327,54.715,61.904,89.423,77.841,12.798,9.421,10.841,4.463,0.000,-0.364,66.348,68.2,,,29.089,cpu02,ok,
11_matrix_mpi,schur R=28 1x14x2 s0,schur,64,0,0,1,28,1,224,224,224,4,1,14,2,270.149,52.803,60.206,94.656,69.394,12.270,16.084,9.708,4.419,0.000,3.412,67.300,71.8,,,28.654,cpu02,ok,
11_matrix_mpi,schur R=28 1x28x1 s0,schur,64,0,0,1,28,1,224,224,224,4,1,28,1,406.699,128.460,62.629,210.697,56.540,13.037,33.589,10.013,4.368,0.000,15.826,101.318,77.7,,,31.076,cpu02,ok,
11_matrix_mpi,schur R=28 2x1x14 s0,schur,64,0,0,1,28,1,224,224,224,4,2,1,14,291.842,58.297,93.012,48.321,103.360,13.789,8.096,14.773,4.637,0.000,5.854,72.705,69.7,,,33.477,cpu02,ok,
11_matrix_mpi,schur R=28 2x2x7 s0,schur,64,0,0,1,28,1,224,224,224,4,2,2,7,271.768,46.459,85.316,70.922,83.619,13.297,8.044,9.644,4.484,0.000,-3.558,67.704,67.4,,,30.311,cpu02,ok,
11_matrix_mpi,schur R=28 2x7x2 s0,schur,64,0,0,1,28,1,224,224,224,4,2,7,2,258.417,47.542,81.977,75.025,67.208,13.367,10.388,8.904,4.481,0.000,-2.933,64.378,68.2,,,28.061,cpu02,ok,
11_matrix_mpi,schur R=28 2x14x1 s0,schur,64,0,0,1,28,1,224,224,224,4,2,14,1,278.209,62.327,79.288,102.298,45.364,13.174,16.294,9.060,4.421,0.000,8.310,69.308,70.9,,,29.467,cpu02,ok,
11_matrix_mpi,schur R=28 4x1x7 s0,schur,64,0,0,1,28,1,224,224,224,4,4,1,7,257.742,60.976,95.191,32.525,86.193,13.967,7.276,11.041,4.571,0.000,6.978,64.210,67.4,,,30.646,cpu02,ok,
11_matrix_mpi,schur R=28 4x7x1 s0,schur,64,0,0,1,28,1,224,224,224,4,4,7,1,259.867,55.710,89.199,78.733,45.243,14.327,11.465,8.563,4.661,0.000,7.676,64.739,68.2,,,29.705,cpu02,ok,
11_matrix_mpi,schur R=28 7x1x4 s0,schur,64,0,0,1,28,1,224,224,224,4,7,1,4,280.508,62.152,105.055,32.200,75.831,15.175,7.453,11.531,4.796,0.000,28.467,69.881,67.4,,,34.480,cpu02,ok,
11_matrix_mpi,schur R=28 7x2x2 s0,schur,64,0,0,1,28,1,224,224,224,4,7,2,2,280.304,56.265,104.353,49.547,63.422,18.524,8.551,9.680,4.690,0.000,21.537,69.830,66.5,,,34.983,cpu02,ok,
11_matrix_mpi,schur R=28 7x4x1 s0,schur,64,0,0,1,28,1,224,224,224,4,7,4,1,282.136,64.467,106.521,67.586,43.999,16.993,9.112,8.485,5.071,0.000,24.369,70.287,67.4,,,34.352,cpu02,ok,
11_matrix_mpi,schur R=28 14x1x2 s0,schur,64,0,0,1,28,1,224,224,224,4,14,1,2,336.700,72.045,128.603,31.682,62.625,24.966,8.242,10.314,4.947,0.000,65.321,83.880,70.0,,,36.822,cpu02,ok,
11_matrix_mpi,schur R=28 14x2x1 s0,schur,64,0,0,1,28,1,224,224,224,4,14,2,1,341.861,82.111,133.032,50.125,44.312,24.253,9.102,8.574,5.222,0.000,67.241,85.166,70.0,,,36.967,cpu02,ok,
11_matrix_mpi,schur R=28 28x1x1 s0,schur,64,0,0,1,28,1,224,224,224,4,28,1,1,554.951,194.278,304.644,32.342,48.459,45.783,6.988,8.946,5.911,0.000,101.878,138.251,77.0,,,48.354,cpu02,ok,
11_matrix_mpi,pipeline R=28 1x1x28 s0,pipeline,64,0,0,1,28,1,224,224,224,4,1,1,28,342.285,48.632,128.797,61.290,81.085,22.646,11.443,17.991,4.302,0.000,14.731,85.271,91.9,,,33.487,cpu02,ok,
11_matrix_mpi,pipeline R=28 1x2x14 s0,pipeline,64,0,0,1,28,1,224,224,224,4,1,2,14,328.768,40.341,126.130,65.219,71.744,22.117,11.670,12.649,4.576,0.000,14.663,81.904,86.6,,,31.269,cpu02,ok,
11_matrix_mpi,pipeline R=28 1x4x7 s0,pipeline,64,0,0,1,28,1,224,224,224,4,1,4,7,318.772,33.685,124.908,68.356,62.282,21.608,11.932,13.053,4.207,0.000,12.426,79.414,84.9,,,30.241,cpu02,ok,
11_matrix_mpi,pipeline R=28 1x7x4 s0,pipeline,64,0,0,1,28,1,224,224,224,4,1,7,4,319.321,32.087,124.164,72.274,58.805,21.444,12.166,12.006,4.512,0.000,13.950,79.550,84.9,,,30.553,cpu02,ok,
11_matrix_mpi,pipeline R=28 1x14x2 s0,pipeline,64,0,0,1,28,1,224,224,224,4,1,14,2,328.776,37.803,125.382,80.251,57.179,21.500,13.019,11.516,4.566,0.000,15.363,81.906,87.5,,,31.485,cpu02,ok,
11_matrix_mpi,pipeline R=28 1x28x1 s0,pipeline,64,0,0,1,28,1,224,224,224,4,1,28,1,356.821,53.750,128.950,94.047,55.416,22.546,19.672,12.165,4.194,0.000,19.831,88.892,95.4,,,33.216,cpu02,ok,
11_matrix_mpi,pipeline R=28 2x1x14 s0,pipeline,64,0,0,1,28,1,224,224,224,4,2,1,14,320.855,41.292,125.722,60.108,69.101,21.592,11.258,12.921,4.222,0.000,15.931,79.932,86.6,,,32.673,cpu02,ok,
11_matrix_mpi,pipeline R=28 2x2x7 s0,pipeline,64,0,0,1,28,1,224,224,224,4,2,2,7,317.069,40.410,125.431,63.586,62.284,21.193,11.399,12.495,4.348,0.000,16.333,78.989,84.9,,,31.445,cpu02,ok,
11_matrix_mpi,pipeline R=28 2x7x2 s0,pipeline,64,0,0,1,28,1,224,224,224,4,2,7,2,319.229,38.430,125.604,70.689,58.244,20.782,12.639,11.739,4.513,0.000,15.019,79.527,85.8,,,31.011,cpu02,ok,
11_matrix_mpi,pipeline R=28 2x14x1 s0,pipeline,64,0,0,1,28,1,224,224,224,4,2,14,1,349.502,50.295,123.558,80.057,66.965,21.330,17.921,13.596,4.125,0.000,21.950,87.069,88.4,,,31.609,cpu02,ok,
11_matrix_mpi,pipeline R=28 4x1x7 s0,pipeline,64,0,0,1,28,1,224,224,224,4,4,1,7,310.728,38.962,121.413,58.807,62.308,20.615,10.987,13.110,4.379,0.000,19.109,77.409,84.9,,,32.522,cpu02,ok,
11_matrix_mpi,pipeline R=28 4x7x1 s0,pipeline,64,0,0,1,28,1,224,224,224,4,4,7,1,316.484,42.656,120.738,69.472,55.949,20.776,11.960,12.914,4.488,0.000,20.187,78.844,86.6,,,32.827,cpu02,ok,
11_matrix_mpi,pipeline R=28 7x1x4 s0,pipeline,64,0,0,1,28,1,224,224,224,4,7,1,4,344.887,49.934,128.637,57.467,61.071,24.544,12.310,15.176,4.345,0.000,41.337,85.919,85.8,,,33.897,cpu02,ok,
11_matrix_mpi,pipeline R=28 7x2x2 s0,pipeline,64,0,0,1,28,1,224,224,224,4,7,2,2,343.408,52.753,127.353,61.693,60.276,25.108,12.399,14.159,4.169,0.000,38.251,85.551,84.9,,,33.521,cpu02,ok,
11_matrix_mpi,pipeline R=28 7x4x1 s0,pipeline,64,0,0,1,28,1,224,224,224,4,7,4,1,346.327,50.523,127.444,66.261,57.032,24.991,13.880,12.886,4.207,0.000,39.626,86.278,85.8,,,33.190,cpu02,ok,
11_matrix_mpi,pipeline R=28 14x1x2 s0,pipeline,64,0,0,1,28,1,224,224,224,4,14,1,2,376.750,56.351,136.640,58.044,61.580,26.377,11.360,13.603,4.920,0.000,64.226,93.857,88.4,,,37.295,cpu02,ok,
11_matrix_mpi,pipeline R=28 14x2x1 s0,pipeline,64,0,0,1,28,1,224,224,224,4,14,2,1,393.112,60.281,134.688,63.438,69.589,27.960,11.961,14.831,4.781,0.000,65.864,97.933,88.4,,,37.327,cpu02,ok,
11_matrix_mpi,pipeline R=28 28x1x1 s0,pipeline,64,0,0,1,28,1,224,224,224,4,28,1,1,443.481,76.653,159.649,62.264,60.559,31.631,11.710,14.325,5.529,0.000,97.814,110.481,94.5,,,44.497,cpu02,ok,
11_matrix_mpi,schur R=56 1x1x56 s0,schur,64,0,0,1,56,1,224,224,224,4,1,1,56,638.284,344.008,42.118,34.710,470.655,8.530,4.476,62.865,2.009,0.000,12.921,318.023,52.8,,,22.803,cpu02,ok,
11_matrix_mpi,schur R=56 1x2x28 s0,schur,64,0,0,1,56,1,224,224,224,4,1,2,28,204.590,58.982,35.733,39.139,96.057,7.231,4.534,16.450,1.961,0.000,3.485,101.936,48.1,,,17.417,cpu02,ok,
11_matrix_mpi,schur R=56 1x4x14 s0,schur,64,0,0,1,56,1,224,224,224,4,1,4,14,147.474,37.185,31.558,42.399,50.815,6.754,4.757,7.958,1.746,0.000,1.487,73.479,44.6,,,15.074,cpu02,ok,
11_matrix_mpi,schur R=56 1x7x8 s0,schur,64,0,0,1,56,1,224,224,224,4,1,7,8,140.132,34.527,30.583,45.770,44.091,6.327,6.170,5.207,1.846,0.000,0.138,69.820,43.8,,,14.477,cpu02,ok,
11_matrix_mpi,schur R=56 1x8x7 s0,schur,64,0,0,1,56,1,224,224,224,4,1,8,7,133.209,30.590,30.271,44.224,37.968,6.270,6.405,5.586,2.163,0.000,0.322,66.371,44.6,,,14.338,cpu02,ok,
11_matrix_mpi,schur R=56 1x14x4 s0,schur,64,0,0,1,56,1,224,224,224,4,1,14,4,147.800,40.440,29.816,54.244,39.372,6.097,10.078,5.891,1.831,0.000,0.471,73.641,44.6,,,14.127,cpu02,ok,
11_matrix_mpi,schur R=56 1x28x2 s0,schur,64,0,0,1,56,1,224,224,224,4,1,28,2,234.921,96.095,32.164,125.141,41.955,6.771,24.345,5.272,1.940,0.000,-2.667,117.048,49.0,,,16.610,cpu02,ok,
11_matrix_mpi,schur R=56 1x56x1 s0,schur,64,0,0,1,56,1,224,224,224,4,1,56,1,646.186,361.856,33.804,492.731,29.672,6.863,62.223,5.117,2.082,0.000,13.694,321.960,55.5,,,18.003,cpu02,ok,
11_matrix_mpi,schur R=56 2x1x28 s0,schur,64,0,0,1,56,1,224,224,224,4,2,1,28,209.532,63.692,47.267,24.979,99.285,7.476,3.962,18.232,1.980,0.000,6.351,104.398,47.2,,,16.621,cpu02,ok,
11_matrix_mpi,schur R=56 2x2x14 s0,schur,64,0,0,1,56,1,224,224,224,4,2,2,14,153.640,36.034,42.987,34.991,55.547,6.656,3.861,7.608,1.863,0.000,0.127,76.551,44.6,,,14.754,cpu02,ok,
11_matrix_mpi,schur R=56 2x4x7 s0,schur,64,0,0,1,56,1,224,224,224,4,2,4,7,138.178,42.252,42.044,37.341,43.993,6.700,4.439,4.872,1.816,0.000,-3.027,68.847,43.8,,,14.138,cpu02,ok,
11_matrix_mpi,schur R=56 2x7x4 s0,schur,64,0,0,1,56,1,224,224,224,4,2,7,4,137.375,33.793,42.249,40.625,40.130,6.454,5.812,5.673,1.766,0.000,-5.334,68.447,42.9,,,14.513,cpu02,ok,
11_matrix_mpi,schur R=56 2x14x2 s0,schur,64,0,0,1,56,1,224,224,224,4,2,14,2,151.043,37.073,41.317,53.959,31.484,6.698,8.725,4.622,1.855,0.000,2.383,75.257,45.5,,,15.671,cpu02,ok,
11_matrix_mpi,schur R=56 2x28x1 s0,schur,64,0,0,1,56,1,224,224,224,4,2,28,1,222.058,83.203,45.784,112.077,22.333,6.919,23.587,4.620,1.927,0.000,4.811,110.640,49.0,,,16.740,cpu02,ok,
11_matrix_mpi,schur R=56 4x1x14 s0,schur,64,0,0,1,56,1,224,224,224,4,4,1,14,153.285,46.906,52.491,16.759,57.777,7.534,3.774,8.559,2.107,0.000,4.284,76.374,44.6,,,15.791,cpu02,ok,
11_matrix_mpi,schur R=56 4x2x7 s0,schur,64,0,0,1,56,1,224,224,224,4,4,2,7,138.283,35.310,46.358,26.802,43.242,6.969,4.066,5.491,1.972,0.000,3.383,68.899,42.9,,,15.661,cpu02,ok,
11_matrix_mpi,schur R=56 4x7x2 s0,schur,64,0,0,1,56,1,224,224,224,4,4,7,2,139.700,44.522,47.838,39.343,29.762,7.077,5.915,4.618,1.949,0.000,3.198,69.605,43.8,,,15.535,cpu02,ok,
11_matrix_mpi,schur R=56 4x14x1 s0,schur,64,0,0,1,56,1,224,224,224,4,4,14,1,156.314,51.815,50.449,54.962,21.878,7.258,10.292,4.813,1.978,0.000,4.684,77.883,45.5,,,16.604,cpu02,ok,
11_matrix_mpi,schur R=56 7x1x8 s0,schur,64,0,0,1,56,1,224,224,224,4,7,1,8,151.780,52.367,53.698,16.017,49.809,9.501,4.153,7.551,1.796,0.000,9.255,75.624,43.8,,,17.556,cpu02,ok,
11_matrix_mpi,schur R=56 7x2x4 s0,schur,64,0,0,1,56,1,224,224,224,4,7,2,4,147.609,38.371,55.417,26.315,38.327,7.833,4.404,5.753,1.986,0.000,7.574,73.546,42.9,,,17.309,cpu02,ok,
11_matrix_mpi,schur R=56 7x4x2 s0,schur,64,0,0,1,56,1,224,224,224,4,7,4,2,148.717,39.713,56.455,32.652,30.674,8.845,4.856,4.697,2.078,0.000,8.460,74.098,42.9,,,16.782,cpu02,ok,
11_matrix_mpi,schur R=56 7x8x1 s0,schur,64,0,0,1,56,1,224,224,224,4,7,8,1,153.839,44.809,56.469,44.948,22.474,9.102,7.384,4.817,2.103,0.000,6.542,76.650,43.8,,,17.190,cpu02,ok,
11_matrix_mpi,schur R=56 8x1x7 s0,schur,64,0,0,1,56,1,224,224,224,4,8,1,7,147.620,35.566,57.380,16.501,43.474,8.574,3.759,5.726,2.028,0.000,10.178,73.551,43.8,,,16.454,cpu02,ok,
11_matrix_mpi,schur R=56 8x7x1 s0,schur,64,0,0,1,56,1,224,224,224,4,8,7,1,152.959,44.391,58.554,38.028,21.347,10.601,6.866,4.287,1.971,0.000,11.305,76.211,44.6,,,16.339,cpu02,ok,
11_matrix_mpi,schur R=56 14x1x4 s0,schur,64,0,0,1,56,1,224,224,224,4,14,1,4,177.367,52.717,71.963,16.054,43.694,13.119,4.028,6.256,2.103,0.000,20.150,88.373,44.6,,,17.998,cpu02,ok,
11_matrix_mpi,schur R=56 14x2x2 s0,schur,64,0,0,1,56,1,224,224,224,4,14,2,2,178.546,53.451,76.176,27.122,31.468,12.874,4.437,4.839,2.239,0.000,19.391,88.960,44.6,,,19.511,cpu02,ok,
11_matrix_mpi,schur R=56 14x4x1 s0,schur,64,0,0,1,56,1,224,224,224,4,14,4,1,183.490,56.831,81.242,34.421,21.737,12.627,4.855,4.361,2.233,0.000,22.014,91.423,44.6,,,18.672,cpu02,ok,
11_matrix_mpi,schur R=56 28x1x2 s0,schur,64,0,0,1,56,1,224,224,224,4,28,1,2,295.887,126.909,172.336,16.113,39.422,24.610,3.861,5.922,2.558,0.000,31.065,147.424,48.1,,,22.476,cpu02,ok,
11_matrix_mpi,schur R=56 28x2x1 s0,schur,64,0,0,1,56,1,224,224,224,4,28,2,1,300.006,132.434,174.584,32.423,23.047,29.079,4.096,4.497,2.445,0.000,29.835,149.477,47.2,,,22.683,cpu02,ok,
11_matrix_mpi,schur R=56 56x1x1 s0,schur,64,0,0,1,56,1,224,224,224,4,56,1,1,728.388,378.195,539.329,17.610,26.538,65.079,3.598,4.719,3.342,0.000,68.173,362.916,54.2,,,35.522,cpu02,ok,
11_matrix_mpi,pipeline R=56 1x1x56 s0,pipeline,64,0,0,1,56,1,224,224,224,4,1,1,56,200.311,47.811,65.537,31.761,61.841,11.457,5.367,11.396,2.083,0.000,10.869,99.804,59.5,,,17.887,cpu02,ok,
11_matrix_mpi,pipeline R=56 1x2x28 s0,pipeline,64,0,0,1,56,1,224,224,224,4,1,2,28,175.408,38.332,62.350,33.637,44.766,11.139,6.290,10.072,1.953,0.000,5.201,87.396,54.2,,,16.584,cpu02,ok,
11_matrix_mpi,pipeline R=56 1x4x14 s0,pipeline,64,0,0,1,56,1,224,224,224,4,1,4,14,167.239,27.678,61.827,35.524,36.335,10.792,6.890,7.745,1.773,0.000,6.353,83.326,53.4,,,15.900,cpu02,ok,
11_matrix_mpi,pipeline R=56 1x7x8 s0,pipeline,64,0,0,1,56,1,224,224,224,4,1,7,8,163.862,26.913,61.004,38.769,33.908,10.371,6.723,6.782,2.251,0.000,4.054,81.644,52.5,,,15.308,cpu02,ok,
11_matrix_mpi,pipeline R=56 1x8x7 s0,pipeline,64,0,0,1,56,1,224,224,224,4,1,8,7,166.688,30.339,60.195,39.595,33.735,10.359,9.117,6.857,2.150,0.000,4.680,83.052,52.5,,,14.860,cpu02,ok,
11_matrix_mpi,pipeline R=56 1x14x4 s0,pipeline,64,0,0,1,56,1,224,224,224,4,1,14,4,170.094,30.050,63.109,43.956,30.733,10.450,9.451,7.060,1.875,0.000,3.460,84.749,53.4,,,16.008,cpu02,ok,
11_matrix_mpi,pipeline R=56 1x28x2 s0,pipeline,64,0,0,1,56,1,224,224,224,4,1,28,2,184.652,38.198,62.913,52.127,30.789,10.563,12.571,6.081,1.951,0.000,7.657,92.002,56.9,,,16.539,cpu02,ok,
11_matrix_mpi,pipeline R=56 1x56x1 s0,pipeline,64,0,0,1,56,1,224,224,224,4,1,56,1,210.454,52.629,66.627,69.214,28.764,11.035,11.609,5.737,2.138,0.000,15.330,104.858,64.8,,,18.316,cpu02,ok,
11_matrix_mpi,pipeline R=56 2x1x28 s0,pipeline,64,0,0,1,56,1,224,224,224,4,2,1,28,177.197,40.621,64.563,29.985,46.552,10.911,5.072,10.271,1.935,0.000,7.908,88.288,56.9,,,16.884,cpu02,ok,
11_matrix_mpi,pipeline R=56 2x2x14 s0,pipeline,64,0,0,1,56,1,224,224,224,4,2,2,14,167.658,33.550,62.492,32.015,35.864,10.831,6.123,8.932,1.779,0.000,9.622,83.535,52.5,,,15.897,cpu02,ok,
11_matrix_mpi,pipeline R=56 2x4x7 s0,pipeline,64,0,0,1,56,1,224,224,224,4,2,4,7,170.531,36.129,62.240,34.728,31.033,10.677,7.419,7.964,1.997,0.000,14.473,84.966,51.6,,,15.316,cpu02,ok,
11_matrix_mpi,pipeline R=56 2x7x4 s0,pipeline,64,0,0,1,56,1,224,224,224,4,2,7,4,168.813,31.149,62.128,37.332,30.701,11.087,7.308,7.280,1.895,0.000,11.082,84.111,51.6,,,15.603,cpu02,ok,
11_matrix_mpi,pipeline R=56 2x14x2 s0,pipeline,64,0,0,1,56,1,224,224,224,4,2,14,2,172.463,33.426,61.733,44.130,32.208,10.367,8.065,6.549,1.829,0.000,7.582,85.929,53.4,,,15.403,cpu02,ok,
11_matrix_mpi,pipeline R=56 2x28x1 s0,pipeline,64,0,0,1,56,1,224,224,224,4,2,28,1,185.186,40.193,62.998,52.760,30.523,10.280,8.567,5.864,2.034,0.000,12.160,92.268,56.9,,,17.417,cpu02,ok,
11_matrix_mpi,pipeline R=56 4x1x14 s0,pipeline,64,0,0,1,56,1,224,224,224,4,4,1,14,161.887,31.004,59.884,29.625,37.187,11.162,5.024,7.204,1.970,0.000,9.831,80.659,52.5,,,16.132,cpu02,ok,
11_matrix_mpi,pipeline R=56 4x2x7 s0,pipeline,64,0,0,1,56,1,224,224,224,4,4,2,7,163.482,30.723,60.218,31.985,33.767,10.479,6.057,8.067,2.000,0.000,10.909,81.454,51.6,,,16.884,cpu02,ok,
11_matrix_mpi,pipeline R=56 4x7x2 s0,pipeline,64,0,0,1,56,1,224,224,224,4,4,7,2,162.389,30.838,63.069,36.884,30.962,9.603,7.034,5.971,2.382,0.000,6.484,80.910,51.6,,,18.513,cpu02,ok,
11_matrix_mpi,pipeline R=56 4x14x1 s0,pipeline,64,0,0,1,56,1,224,224,224,4,4,14,1,169.697,33.665,60.466,40.360,30.013,10.423,9.133,6.293,2.024,0.000,10.985,84.551,53.4,,,17.066,cpu02,ok,
11_matrix_mpi,pipeline R=56 7x1x8 s0,pipeline,64,0,0,1,56,1,224,224,224,4,7,1,8,174.296,40.082,67.084,30.300,38.289,12.228,5.954,7.206,2.070,0.000,11.165,86.842,52.5,,,22.640,cpu02,ok,
11_matrix_mpi,pipeline R=56 7x2x4 s0,pipeline,64,0,0,1,56,1,224,224,224,4,7,2,4,173.577,41.575,66.316,31.726,31.679,13.303,5.911,6.615,2.198,0.000,15.829,86.484,51.6,,,18.065,cpu02,ok,
11_matrix_mpi,pipeline R=56 7x4x2 s0,pipeline,64,0,0,1,56,1,224,224,224,4,7,4,2,175.415,42.642,65.727,33.207,32.199,13.471,6.516,6.310,2.088,0.000,15.897,87.400,52.5,,,17.607,cpu02,ok,
11_matrix_mpi,pipeline R=56 7x8x1 s0,pipeline,64,0,0,1,56,1,224,224,224,4,7,8,1,177.466,39.607,67.080,37.302,28.673,13.575,9.098,6.164,2.054,0.000,13.520,88.422,52.5,,,18.878,cpu02,ok,
11_matrix_mpi,pipeline R=56 8x1x7 s0,pipeline,64,0,0,1,56,1,224,224,224,4,8,1,7,175.407,39.516,65.682,29.268,33.473,15.094,5.471,9.247,1.907,0.000,15.265,87.396,52.5,,,17.993,cpu02,ok,
11_matrix_mpi,pipeline R=56 8x7x1 s0,pipeline,64,0,0,1,56,1,224,224,224,4,8,7,1,178.800,41.598,65.574,36.125,29.144,13.727,7.093,6.384,2.166,0.000,18.587,89.086,52.5,,,17.954,cpu02,ok,
11_matrix_mpi,pipeline R=56 14x1x4 s0,pipeline,64,0,0,1,56,1,224,224,224,4,14,1,4,185.439,40.755,69.755,29.882,35.049,16.011,5.488,6.807,2.284,0.000,20.163,92.394,53.4,,,19.057,cpu02,ok,
11_matrix_mpi,pipeline R=56 14x2x2 s0,pipeline,64,0,0,1,56,1,224,224,224,4,14,2,2,189.675,41.451,70.640,32.688,35.239,13.797,5.827,6.790,2.127,0.000,22.567,94.505,53.4,,,19.194,cpu02,ok,
11_matrix_mpi,pipeline R=56 14x4x1 s0,pipeline,64,0,0,1,56,1,224,224,224,4,14,4,1,188.711,42.136,70.147,34.710,30.141,13.779,5.928,6.317,2.230,0.000,25.459,94.025,53.4,,,19.159,cpu02,ok,
11_matrix_mpi,pipeline R=56 28x1x2 s0,pipeline,64,0,0,1,56,1,224,224,224,4,28,1,2,213.623,50.876,83.682,29.356,30.606,12.835,5.593,6.529,2.583,0.000,42.439,106.437,56.0,,,24.835,cpu02,ok,
11_matrix_mpi,pipeline R=56 28x2x1 s0,pipeline,64,0,0,1,56,1,224,224,224,4,28,2,1,219.768,51.941,86.633,33.580,31.719,15.787,5.845,6.584,2.590,0.000,37.030,109.499,56.9,,,23.991,cpu02,ok,
11_matrix_mpi,pipeline R=56 56x1x1 s0,pipeline,64,0,0,1,56,1,224,224,224,4,56,1,1,277.133,72.518,106.507,41.787,37.083,22.238,6.295,8.410,3.151,0.000,51.662,138.081,63.9,,,31.891,cpu02,ok,
11_matrix_mpi,schur 224^3 s1 seriale,schur,64,1,0,0,1,1,224,224,224,4,1,1,1,2230.909,0.000,1200.219,253.914,233.481,176.623,172.421,177.299,16.949,0.000,0.003,19.849,1313.2,,,519.906,cpu02,ok,
11_matrix_mpi,schur 224^3 s1 T(1),schur,64,1,0,1,1,1,224,224,224,4,1,1,1,2370.846,0.000,1276.435,278.421,251.974,188.326,172.874,180.822,21.983,0.000,0.011,21.094,1325.7,,,590.548,cpu02,ok,
11_matrix_mpi,pipeline 224^3 s1 seriale,pipeline,64,1,0,0,1,1,224,224,224,4,1,1,1,4066.304,0.000,2470.851,402.694,477.781,333.450,186.886,179.238,15.401,0.000,0.003,36.179,1825.2,,,518.575,cpu02,ok,
11_matrix_mpi,pipeline 224^3 s1 T(1),pipeline,64,1,0,1,1,1,224,224,224,4,1,1,1,4222.382,0.000,2622.493,423.698,445.042,341.668,186.955,179.840,22.680,0.000,0.006,37.568,1845.4,,,606.821,cpu05,ok,
11_matrix_mpi,schur R=1 1x1x1 s1,schur,64,1,0,1,1,1,224,224,224,4,1,1,1,2341.156,0.000,1269.676,265.573,243.943,186.603,172.208,181.072,22.067,0.000,0.014,20.830,1334.8,,,583.521,cpu05,ok,
11_matrix_mpi,pipeline R=1 1x1x1 s1,pipeline,64,1,0,1,1,1,224,224,224,4,1,1,1,4195.379,0.000,2569.154,424.684,475.122,339.515,185.133,179.378,22.387,0.000,0.006,37.327,1846.2,,,578.674,cpu05,ok,
11_matrix_mpi,schur R=2 1x1x2 s1,schur,64,1,0,1,2,1,224,224,224,4,1,1,2,1747.244,51.863,631.058,132.936,693.111,90.462,85.401,101.855,12.410,0.000,0.011,31.091,686.2,,,288.914,cpu05,ok,
11_matrix_mpi,schur R=2 1x2x1 s1,schur,64,1,0,1,2,1,224,224,224,4,1,2,1,1952.066,81.253,637.579,841.009,168.940,94.241,98.139,90.343,12.275,0.000,9.540,34.736,686.9,,,299.452,cpu05,ok,
11_matrix_mpi,schur R=2 2x1x1 s1,schur,64,1,0,1,2,1,224,224,224,4,2,1,1,1406.875,108.549,811.489,99.729,138.715,99.590,88.311,91.392,15.455,0.000,62.194,25.035,691.9,,,260.669,cpu05,ok,
11_matrix_mpi,pipeline R=2 1x1x2 s1,pipeline,64,1,0,1,2,1,224,224,224,4,1,1,2,2172.538,51.237,1308.354,212.435,261.206,172.508,96.469,94.608,11.338,0.000,15.620,38.659,941.5,,,280.994,cpu05,ok,
11_matrix_mpi,pipeline R=2 1x2x1 s1,pipeline,64,1,0,1,2,1,224,224,224,4,1,2,1,2146.942,77.080,1303.081,263.308,223.868,171.826,96.480,90.224,11.698,0.000,-13.543,38.204,942.4,,,293.911,cpu05,ok,
11_matrix_mpi,pipeline R=2 2x1x1 s1,pipeline,64,1,0,1,2,1,224,224,224,4,2,1,1,2119.323,76.905,1271.519,201.522,241.960,160.934,94.787,91.603,11.853,0.000,45.145,37.712,945.9,,,273.263,cpu05,ok,
11_matrix_mpi,schur R=4 1x1x4 s1,schur,64,1,0,1,4,1,224,224,224,4,1,1,4,1017.844,142.099,339.544,70.692,446.503,48.653,44.659,60.979,6.851,0.000,-0.037,36.224,362.6,,,159.717,cpu05,ok,
11_matrix_mpi,schur R=4 1x2x2 s1,schur,64,1,0,1,4,1,224,224,224,4,1,2,2,1267.500,58.072,333.236,418.934,360.183,49.703,49.786,50.186,6.925,0.000,-1.453,45.109,359.6,,,155.092,cpu05,ok,
11_matrix_mpi,schur R=4 1x4x1 s1,schur,64,1,0,1,4,1,224,224,224,4,1,4,1,1066.267,139.842,339.751,500.772,74.793,48.667,43.586,47.534,7.186,0.000,3.978,37.947,362.2,,,161.553,cpu05,ok,
11_matrix_mpi,schur R=4 2x1x2 s1,schur,64,1,0,1,4,1,224,224,224,4,2,1,2,1030.113,91.191,438.983,49.361,367.321,52.452,45.934,50.046,7.226,0.000,18.790,36.661,360.5,,,147.336,cpu05,ok,
11_matrix_mpi,schur R=4 2x2x1 s1,schur,64,1,0,1,4,1,224,224,224,4,2,2,1,1081.105,94.316,422.187,400.548,76.388,50.387,41.799,49.294,7.184,0.000,33.318,38.475,359.6,,,141.795,cpu05,ok,
11_matrix_mpi,schur R=4 4x1x1 s1,schur,64,1,0,1,4,1,224,224,224,4,4,1,1,789.036,145.846,477.547,44.205,71.368,54.787,38.642,46.416,6.235,0.000,49.836,28.081,364.0,,,146.510,cpu05,ok,
11_matrix_mpi,pipeline R=4 1x1x4 s1,pipeline,64,1,0,1,4,1,224,224,224,4,1,1,4,1169.349,65.706,681.428,109.581,141.111,88.380,52.289,57.285,6.961,0.000,32.314,41.616,489.1,,,157.999,cpu05,ok,
11_matrix_mpi,pipeline R=4 1x2x2 s1,pipeline,64,1,0,1,4,1,224,224,224,4,1,2,2,1156.607,50.292,680.737,122.867,130.968,88.566,51.668,52.733,6.823,0.000,22.245,41.163,484.8,,,157.366,cpu05,ok,
11_matrix_mpi,pipeline R=4 1x4x1 s1,pipeline,64,1,0,1,4,1,224,224,224,4,1,4,1,1176.971,80.033,681.466,135.111,118.015,87.684,57.444,52.703,6.523,0.000,38.025,41.887,490.0,,,158.968,cpu05,ok,
11_matrix_mpi,pipeline R=4 2x1x2 s1,pipeline,64,1,0,1,4,1,224,224,224,4,2,1,2,1141.490,88.360,652.384,103.903,128.921,82.792,48.101,54.686,6.766,0.000,63.937,40.624,486.5,,,142.921,cpu05,ok,
11_matrix_mpi,pipeline R=4 2x2x1 s1,pipeline,64,1,0,1,4,1,224,224,224,4,2,2,1,1159.625,104.094,658.437,125.544,122.080,82.909,50.066,51.070,6.790,0.000,62.729,41.270,489.1,,,143.991,cpu05,ok,
11_matrix_mpi,pipeline R=4 4x1x1 s1,pipeline,64,1,0,1,4,1,224,224,224,4,4,1,1,1089.881,94.895,609.095,96.540,126.190,76.279,46.883,49.907,7.281,0.000,77.706,38.788,491.8,,,148.279,cpu05,ok,
11_matrix_mpi,schur R=7 1x1x7 s1,schur,64,1,0,1,7,1,224,224,224,4,1,1,7,597.530,93.236,192.350,45.956,264.668,30.555,27.795,30.506,5.279,0.000,0.421,37.215,222.5,,,85.145,cpu05,ok,
11_matrix_mpi,schur R=7 1x7x1 s1,schur,64,1,0,1,7,1,224,224,224,4,1,7,1,639.131,70.947,188.825,299.307,53.441,29.170,28.928,28.160,5.223,0.000,6.077,39.806,224.0,,,85.599,cpu05,ok,
11_matrix_mpi,schur R=7 7x1x1 s1,schur,64,1,0,1,7,1,224,224,224,4,7,1,1,545.093,113.927,321.265,27.314,48.273,38.399,22.667,27.792,5.154,0.000,54.229,33.949,224.0,,,97.673,cpu05,ok,
11_matrix_mpi,pipeline R=7 1x1x7 s1,pipeline,64,1,0,1,7,1,224,224,224,4,1,1,7,707.566,45.350,396.058,71.511,102.695,56.846,29.195,32.442,4.985,0.000,13.834,44.068,294.0,,,88.441,cpu05,ok,
11_matrix_mpi,pipeline R=7 1x7x1 s1,pipeline,64,1,0,1,7,1,224,224,224,4,1,7,1,730.809,63.739,399.742,105.202,89.850,53.986,34.328,28.902,4.858,0.000,13.941,45.515,295.8,,,91.099,cpu05,ok,
11_matrix_mpi,pipeline R=7 7x1x1 s1,pipeline,64,1,0,1,7,1,224,224,224,4,7,1,1,714.244,95.395,375.521,56.621,85.177,58.522,27.882,29.342,5.012,0.000,76.167,44.484,298.4,,,95.372,cpu05,ok,
11_matrix_mpi,schur R=8 1x1x8 s1,schur,64,1,0,1,8,1,224,224,224,4,1,1,8,529.455,70.405,170.381,37.644,239.079,26.736,23.396,25.030,4.774,0.000,2.415,37.686,199.6,,,77.131,cpu05,ok,
11_matrix_mpi,schur R=8 1x2x4 s1,schur,64,1,0,1,8,1,224,224,224,4,1,2,4,715.048,89.594,164.834,228.193,236.726,26.969,25.984,31.371,5.010,0.000,-4.039,50.896,196.7,,,73.010,cpu05,ok,
11_matrix_mpi,schur R=8 1x4x2 s1,schur,64,1,0,1,8,1,224,224,224,4,1,4,2,706.188,81.004,163.804,267.497,197.451,26.479,22.638,26.504,4.989,0.000,-3.174,50.265,195.1,,,72.752,cpu05,ok,
11_matrix_mpi,schur R=8 1x8x1 s1,schur,64,1,0,1,8,1,224,224,224,4,1,8,1,555.218,90.036,162.634,268.577,38.212,25.571,26.210,25.025,4.475,0.000,4.514,39.519,200.4,,,72.484,cpu05,ok,
11_matrix_mpi,schur R=8 2x1x4 s1,schur,64,1,0,1,8,1,224,224,224,4,2,1,4,566.815,76.823,220.946,27.687,227.556,27.768,23.584,31.865,4.673,0.000,2.736,40.345,195.1,,,74.430,cpu05,ok,
11_matrix_mpi,schur R=8 2x2x2 s1,schur,64,1,0,1,8,1,224,224,224,4,2,2,2,700.084,54.498,215.309,208.874,189.229,27.732,22.008,26.414,4.952,0.000,5.566,49.831,194.2,,,71.427,cpu05,ok,
11_matrix_mpi,schur R=8 2x4x1 s1,schur,64,1,0,1,8,1,224,224,224,4,2,4,1,536.057,87.516,211.969,200.143,36.794,26.673,23.007,24.127,4.531,0.000,8.813,38.156,196.0,,,71.135,cpu05,ok,
11_matrix_mpi,schur R=8 4x1x2 s1,schur,64,1,0,1,8,1,224,224,224,4,4,1,2,555.443,93.696,251.384,28.600,183.833,27.510,19.992,26.510,4.748,0.000,12.866,39.535,195.1,,,75.954,cpu05,ok,
11_matrix_mpi,schur R=8 4x2x1 s1,schur,64,1,0,1,8,1,224,224,224,4,4,2,1,539.808,90.769,246.218,161.289,38.405,27.380,21.928,23.958,4.694,0.000,15.936,38.422,196.0,,,76.075,cpu05,ok,
11_matrix_mpi,schur R=8 8x1x1 s1,schur,64,1,0,1,8,1,224,224,224,4,8,1,1,486.620,100.340,282.811,25.747,38.507,34.244,19.789,24.164,4.800,0.000,56.558,34.637,200.4,,,81.631,cpu05,ok,
11_matrix_mpi,pipeline R=8 1x1x8 s1,pipeline,64,1,0,1,8,1,224,224,224,4,1,1,8,622.197,61.339,346.438,64.786,101.087,47.514,25.383,32.779,6.564,0.000,-2.354,44.287,261.6,,,72.979,cpu05,ok,
11_matrix_mpi,pipeline R=8 1x2x4 s1,pipeline,64,1,0,1,8,1,224,224,224,4,1,2,4,621.048,59.728,343.066,75.292,87.327,47.197,27.476,29.973,4.893,0.000,5.824,44.205,257.2,,,72.321,cpu05,ok,
11_matrix_mpi,pipeline R=8 1x4x2 s1,pipeline,64,1,0,1,8,1,224,224,224,4,1,4,2,624.435,62.569,346.576,85.979,79.718,46.525,28.118,27.611,4.509,0.000,5.399,44.446,258.1,,,71.028,cpu05,ok,
11_matrix_mpi,pipeline R=8 1x8x1 s1,pipeline,64,1,0,1,8,1,224,224,224,4,1,8,1,634.626,66.727,338.756,87.123,67.352,45.785,32.607,27.796,4.924,0.000,30.283,45.171,263.4,,,72.728,cpu05,ok,
11_matrix_mpi,pipeline R=8 2x1x4 s1,pipeline,64,1,0,1,8,1,224,224,224,4,2,1,4,609.075,60.704,336.798,61.773,81.202,45.218,25.177,27.677,4.506,0.000,26.724,43.353,257.2,,,71.873,cpu05,ok,
11_matrix_mpi,pipeline R=8 2x2x2 s1,pipeline,64,1,0,1,8,1,224,224,224,4,2,2,2,618.435,61.123,340.776,73.642,76.229,44.800,26.242,25.760,4.791,0.000,26.195,44.019,257.2,,,74.958,cpu05,ok,
11_matrix_mpi,pipeline R=8 2x4x1 s1,pipeline,64,1,0,1,8,1,224,224,224,4,2,4,1,611.833,62.282,338.575,73.310,70.599,45.135,27.233,24.815,4.654,0.000,27.512,43.549,259.0,,,72.046,cpu05,ok,
11_matrix_mpi,pipeline R=8 4x1x2 s1,pipeline,64,1,0,1,8,1,224,224,224,4,4,1,2,575.456,63.353,313.952,54.838,77.922,39.729,24.227,26.307,4.806,0.000,33.675,40.960,258.1,,,74.630,cpu05,ok,
11_matrix_mpi,pipeline R=8 4x2x1 s1,pipeline,64,1,0,1,8,1,224,224,224,4,4,2,1,584.256,68.177,312.913,61.836,71.549,39.710,25.040,24.818,4.739,0.000,43.651,41.586,259.0,,,74.793,cpu05,ok,
11_matrix_mpi,pipeline R=8 8x1x1 s1,pipeline,64,1,0,1,8,1,224,224,224,4,8,1,1,653.212,99.244,336.287,56.315,75.217,57.148,25.037,25.729,5.106,0.000,72.373,46.494,264.2,,,80.536,cpu05,ok,
11_matrix_mpi,schur R=14 1x1x14 s1,schur,64,1,0,1,14,1,224,224,224,4,1,1,14,360.790,66.359,111.401,26.017,162.754,17.766,13.503,21.924,4.568,0.000,2.857,44.941,129.4,,,51.584,cpu05,ok,
11_matrix_mpi,schur R=14 1x2x7 s1,schur,64,1,0,1,14,1,224,224,224,4,1,2,7,425.718,49.481,108.175,126.376,135.044,17.374,15.938,15.832,4.448,0.000,2.531,53.028,126.0,,,49.664,cpu05,ok,
11_matrix_mpi,schur R=14 1x7x2 s1,schur,64,1,0,1,14,1,224,224,224,4,1,7,2,427.648,59.063,108.378,152.087,113.664,16.344,17.022,16.570,4.387,0.000,-0.804,53.269,126.0,,,50.934,cpu05,ok,
11_matrix_mpi,schur R=14 1x14x1 s1,schur,64,1,0,1,14,1,224,224,224,4,1,14,1,347.082,64.577,105.111,151.256,24.459,16.968,22.182,15.010,4.342,0.000,7.754,43.233,130.4,,,47.596,cpu05,ok,
11_matrix_mpi,schur R=14 2x1x7 s1,schur,64,1,0,1,14,1,224,224,224,4,2,1,7,363.511,69.091,142.834,20.302,139.725,18.949,13.696,17.634,4.480,0.000,5.891,45.280,125.0,,,48.029,cpu05,ok,
11_matrix_mpi,schur R=14 2x7x1 s1,schur,64,1,0,1,14,1,224,224,224,4,2,7,1,349.610,61.562,136.772,125.763,26.991,18.691,16.397,14.387,4.443,0.000,6.166,43.548,126.0,,,46.424,cpu05,ok,
11_matrix_mpi,schur R=14 7x1x2 s1,schur,64,1,0,1,14,1,224,224,224,4,7,1,2,397.160,70.901,176.862,16.840,112.387,22.518,11.791,16.715,4.671,0.000,35.376,49.471,124.2,,,54.445,cpu05,ok,
11_matrix_mpi,schur R=14 7x2x1 s1,schur,64,1,0,1,14,1,224,224,224,4,7,2,1,382.624,74.972,177.025,90.329,24.902,23.142,13.825,14.083,4.694,0.000,34.624,47.660,125.1,,,55.006,cpu05,ok,
11_matrix_mpi,schur R=14 14x1x1 s1,schur,64,1,0,1,14,1,224,224,224,4,14,1,1,401.544,90.664,219.627,17.156,26.499,30.138,11.983,14.214,4.979,0.000,76.948,50.017,130.4,,,62.584,cpu05,ok,
11_matrix_mpi,pipeline R=14 1x1x14 s1,pipeline,64,1,0,1,14,1,224,224,224,4,1,1,14,417.711,48.868,223.983,47.832,72.325,30.575,15.725,18.141,4.649,0.000,4.481,52.031,163.6,,,50.676,cpu05,ok,
11_matrix_mpi,pipeline R=14 1x2x7 s1,pipeline,64,1,0,1,14,1,224,224,224,4,1,2,7,401.253,42.250,212.429,51.902,59.310,30.266,16.417,17.300,4.325,0.000,9.304,49.981,160.1,,,49.391,cpu05,ok,
11_matrix_mpi,pipeline R=14 1x7x2 s1,pipeline,64,1,0,1,14,1,224,224,224,4,1,7,2,422.471,53.764,220.419,62.511,60.687,30.748,18.709,16.034,4.447,0.000,8.916,52.624,161.0,,,51.110,cpu05,ok,
11_matrix_mpi,pipeline R=14 1x14x1 s1,pipeline,64,1,0,1,14,1,224,224,224,4,1,14,1,421.064,49.300,217.072,68.718,51.027,30.125,18.967,15.533,4.366,0.000,15.256,52.448,168.0,,,51.395,cpu05,ok,
11_matrix_mpi,pipeline R=14 2x1x7 s1,pipeline,64,1,0,1,14,1,224,224,224,4,2,1,7,401.434,47.142,212.572,46.302,60.317,29.726,15.043,16.879,4.619,0.000,15.976,50.003,160.1,,,49.190,cpu05,ok,
11_matrix_mpi,pipeline R=14 2x7x1 s1,pipeline,64,1,0,1,14,1,224,224,224,4,2,7,1,403.829,52.035,211.102,55.354,52.089,29.027,18.896,15.828,4.326,0.000,17.207,50.302,161.9,,,49.072,cpu05,ok,
11_matrix_mpi,pipeline R=14 7x1x2 s1,pipeline,64,1,0,1,14,1,224,224,224,4,7,1,2,425.110,59.522,208.983,41.688,60.466,30.680,14.347,15.753,4.869,0.000,48.324,52.952,161.9,,,53.652,cpu05,ok,
11_matrix_mpi,pipeline R=14 7x2x1 s1,pipeline,64,1,0,1,14,1,224,224,224,4,7,2,1,418.005,63.805,208.246,45.973,52.625,32.993,14.632,15.726,4.490,0.000,43.320,52.067,161.0,,,52.935,cpu05,ok,
11_matrix_mpi,pipeline R=14 14x1x1 s1,pipeline,64,1,0,1,14,1,224,224,224,4,14,1,1,462.517,70.171,214.955,45.421,55.315,33.657,14.234,15.971,4.836,0.000,78.128,57.612,167.1,,,57.985,cpu05,ok,
11_matrix_mpi,schur R=28 1x1x28 s1,schur,64,1,0,1,28,1,224,224,224,4,1,1,28,353.748,103.901,80.342,18.159,183.249,14.384,7.902,32.116,4.830,0.000,12.766,88.127,82.8,,,40.201,cpu05,ok,
11_matrix_mpi,schur R=28 1x2x14 s1,schur,64,1,0,1,28,1,224,224,224,4,1,2,14,290.870,50.351,67.169,78.216,100.768,13.521,10.604,15.142,4.142,0.000,1.308,72.462,77.9,,,31.030,cpu05,ok,
11_matrix_mpi,schur R=28 1x4x7 s1,schur,64,1,0,1,28,1,224,224,224,4,1,4,7,277.712,59.494,64.021,90.440,84.524,13.284,9.784,11.005,4.391,0.000,0.263,69.184,76.1,,,28.573,cpu05,ok,
11_matrix_mpi,schur R=28 1x7x4 s1,schur,64,1,0,1,28,1,224,224,224,4,1,7,4,281.418,54.191,64.480,88.338,86.436,13.451,10.920,12.074,4.455,0.000,1.264,70.108,77.0,,,29.497,cpu05,ok,
11_matrix_mpi,schur R=28 1x14x2 s1,schur,64,1,0,1,28,1,224,224,224,4,1,14,2,277.995,55.149,66.404,90.821,72.986,12.394,19.697,11.867,4.230,0.000,-0.404,69.255,79.4,,,30.026,cpu05,ok,
11_matrix_mpi,schur R=28 1x28x1 s1,schur,64,1,0,1,28,1,224,224,224,4,1,28,1,362.592,119.390,65.533,203.203,19.682,13.094,32.591,10.141,4.238,0.000,14.110,90.330,84.9,,,30.813,cpu05,ok,
11_matrix_mpi,schur R=28 2x1x14 s1,schur,64,1,0,1,28,1,224,224,224,4,2,1,14,265.033,56.584,95.231,16.201,100.334,15.635,8.755,18.303,4.135,0.000,6.439,66.026,78.4,,,32.186,cpu05,ok,
11_matrix_mpi,schur R=28 2x2x7 s1,schur,64,1,0,1,28,1,224,224,224,4,2,2,7,282.321,52.416,83.866,72.391,82.574,13.849,8.762,10.796,4.375,0.000,5.708,70.333,75.2,,,28.138,cpu05,ok,
11_matrix_mpi,schur R=28 2x7x2 s1,schur,64,1,0,1,28,1,224,224,224,4,2,7,2,268.992,50.396,82.522,72.423,67.070,12.766,13.749,10.201,3.945,0.000,6.316,67.012,76.1,,,27.952,cpu05,ok,
11_matrix_mpi,schur R=28 2x14x1 s1,schur,64,1,0,1,28,1,224,224,224,4,2,14,1,262.384,65.246,86.210,98.349,24.501,15.317,17.653,9.752,3.769,0.000,6.833,65.366,78.8,,,31.155,cpu05,ok,
11_matrix_mpi,schur R=28 4x1x7 s1,schur,64,1,0,1,28,1,224,224,224,4,4,1,7,245.626,56.792,99.699,16.750,81.418,14.420,7.470,11.456,4.597,0.000,9.816,61.191,76.1,,,31.837,cpu05,ok,
11_matrix_mpi,schur R=28 4x7x1 s1,schur,64,1,0,1,28,1,224,224,224,4,4,7,1,244.045,64.205,96.614,80.522,16.387,14.689,11.088,9.499,5.022,0.000,10.224,60.797,77.0,,,32.622,cpu05,ok,
11_matrix_mpi,schur R=28 7x1x4 s1,schur,64,1,0,1,28,1,224,224,224,4,7,1,4,275.612,66.140,106.634,14.639,83.522,16.948,7.851,13.880,4.575,0.000,27.563,68.661,76.1,,,31.976,cpu05,ok,
11_matrix_mpi,schur R=28 7x2x2 s1,schur,64,1,0,1,28,1,224,224,224,4,7,2,2,296.767,54.389,103.918,56.185,67.725,18.106,9.723,10.158,4.993,0.000,25.959,73.932,75.2,,,31.607,cpu05,ok,
11_matrix_mpi,schur R=28 7x4x1 s1,schur,64,1,0,1,28,1,224,224,224,4,7,4,1,270.680,70.694,107.266,71.560,19.916,18.127,11.310,9.091,4.802,0.000,28.608,67.433,76.1,,,32.270,cpu05,ok,
11_matrix_mpi,schur R=28 14x1x2 s1,schur,64,1,0,1,28,1,224,224,224,4,14,1,2,334.222,77.342,137.824,15.318,73.007,23.781,8.296,10.410,5.284,0.000,60.302,83.262,78.8,,,36.540,cpu05,ok,
11_matrix_mpi,schur R=28 14x2x1 s1,schur,64,1,0,1,28,1,224,224,224,4,14,2,1,338.189,77.332,139.906,58.405,27.924,23.855,9.739,8.720,5.341,0.000,64.299,84.251,78.8,,,38.282,cpu05,ok,
11_matrix_mpi,schur R=28 28x1x1 s1,schur,64,1,0,1,28,1,224,224,224,4,28,1,1,531.487,203.398,312.480,18.636,24.043,48.391,7.550,10.131,5.479,0.000,104.777,132.406,84.9,,,47.084,cpu05,ok,
11_matrix_mpi,pipeline R=28 1x1x28 s1,pipeline,64,1,0,1,28,1,224,224,224,4,1,1,28,314.742,61.091,138.164,41.994,68.342,22.635,11.382,16.945,4.797,0.000,10.483,78.409,102.4,,,32.408,cpu05,ok,
11_matrix_mpi,pipeline R=28 1x2x14 s1,pipeline,64,1,0,1,28,1,224,224,224,4,1,2,14,299.219,53.503,137.483,43.776,57.904,22.747,12.591,14.004,4.229,0.000,6.485,74.542,95.4,,,32.336,cpu05,ok,
11_matrix_mpi,pipeline R=28 1x4x7 s1,pipeline,64,1,0,1,28,1,224,224,224,4,1,4,7,291.250,45.442,130.259,45.169,49.234,22.139,13.003,13.137,5.085,0.000,13.224,72.557,93.6,,,30.606,cpu05,ok,
11_matrix_mpi,pipeline R=28 1x7x4 s1,pipeline,64,1,0,1,28,1,224,224,224,4,1,7,4,287.437,42.275,130.376,47.167,47.607,21.451,14.405,13.029,4.228,0.000,9.174,71.607,93.6,,,31.449,cpu05,ok,
11_matrix_mpi,pipeline R=28 1x14x2 s1,pipeline,64,1,0,1,28,1,224,224,224,4,1,14,2,294.133,46.703,130.492,51.798,45.146,21.178,17.901,11.790,4.568,0.000,11.260,73.275,96.2,,,31.396,cpu05,ok,
11_matrix_mpi,pipeline R=28 1x28x1 s1,pipeline,64,1,0,1,28,1,224,224,224,4,1,28,1,323.796,65.915,134.173,76.236,45.819,21.563,17.035,12.102,4.310,0.000,12.558,80.665,109.4,,,32.699,cpu05,ok,
11_matrix_mpi,pipeline R=28 2x1x14 s1,pipeline,64,1,0,1,28,1,224,224,224,4,2,1,14,293.159,52.495,127.800,41.946,63.159,22.233,10.991,18.028,3.580,0.000,5.422,73.033,95.4,,,29.302,cpu05,ok,
11_matrix_mpi,pipeline R=28 2x2x7 s1,pipeline,64,1,0,1,28,1,224,224,224,4,2,2,7,287.120,52.994,126.989,43.371,48.254,21.660,12.647,15.308,3.859,0.000,15.032,71.528,92.8,,,29.261,cpu05,ok,
11_matrix_mpi,pipeline R=28 2x7x2 s1,pipeline,64,1,0,1,28,1,224,224,224,4,2,7,2,285.973,51.595,127.470,44.985,47.970,21.058,14.550,13.927,3.987,0.000,12.026,71.243,94.5,,,29.853,cpu05,ok,
11_matrix_mpi,pipeline R=28 2x14x1 s1,pipeline,64,1,0,1,28,1,224,224,224,4,2,14,1,301.752,51.413,127.329,53.194,51.091,21.593,16.778,14.261,3.994,0.000,13.512,75.173,97.1,,,30.984,cpu05,ok,
11_matrix_mpi,pipeline R=28 4x1x7 s1,pipeline,64,1,0,1,28,1,224,224,224,4,4,1,7,280.667,43.823,121.869,41.397,48.879,22.002,12.031,15.516,3.831,0.000,15.142,69.921,93.6,,,30.031,cpu05,ok,
11_matrix_mpi,pipeline R=28 4x7x1 s1,pipeline,64,1,0,1,28,1,224,224,224,4,4,7,1,284.932,50.314,121.061,44.381,45.331,20.720,16.835,12.997,4.144,0.000,19.463,70.983,94.5,,,30.250,cpu05,ok,
11_matrix_mpi,pipeline R=28 7x1x4 s1,pipeline,64,1,0,1,28,1,224,224,224,4,7,1,4,310.986,50.397,132.503,41.280,52.257,25.571,12.374,13.416,4.476,0.000,29.109,77.474,93.6,,,31.636,cpu05,ok,
11_matrix_mpi,pipeline R=28 7x2x2 s1,pipeline,64,1,0,1,28,1,224,224,224,4,7,2,2,312.634,58.041,131.560,43.847,50.612,25.281,16.236,14.600,4.285,0.000,26.213,77.884,93.6,,,31.110,cpu05,ok,
11_matrix_mpi,pipeline R=28 7x4x1 s1,pipeline,64,1,0,1,28,1,224,224,224,4,7,4,1,312.520,58.209,131.334,47.043,46.603,25.581,15.299,12.975,4.406,0.000,29.279,77.856,94.5,,,30.904,cpu05,ok,
11_matrix_mpi,pipeline R=28 14x1x2 s1,pipeline,64,1,0,1,28,1,224,224,224,4,14,1,2,352.352,64.422,136.908,42.604,54.381,26.929,11.568,13.069,5.106,0.000,61.787,87.779,96.2,,,34.208,cpu05,ok,
11_matrix_mpi,pipeline R=28 14x2x1 s1,pipeline,64,1,0,1,28,1,224,224,224,4,14,2,1,369.129,69.266,137.987,50.939,55.973,28.807,12.172,15.396,4.603,0.000,63.252,91.959,97.1,,,34.673,cpu05,ok,
11_matrix_mpi,pipeline R=28 28x1x1 s1,pipeline,64,1,0,1,28,1,224,224,224,4,28,1,1,425.971,78.593,165.221,45.850,54.345,27.831,11.906,13.535,5.696,0.000,101.587,106.119,103.2,,,46.579,cpu05,ok,
11_matrix_mpi,schur R=56 1x1x56 s1,schur,64,1,0,1,56,1,224,224,224,4,1,1,56,612.348,340.305,43.433,9.941,473.861,8.270,4.294,60.017,2.003,0.000,10.529,305.100,60.7,,,21.829,cpu05,ok,
11_matrix_mpi,schur R=56 1x2x28 s1,schur,64,1,0,1,56,1,224,224,224,4,1,2,28,203.366,58.416,35.323,40.377,93.183,7.241,5.083,16.790,1.949,0.000,3.420,101.327,55.1,,,17.074,cpu05,ok,
11_matrix_mpi,schur R=56 1x4x14 s1,schur,64,1,0,1,56,1,224,224,224,4,1,4,14,151.198,39.909,33.239,46.564,49.929,6.558,4.677,6.956,1.858,0.000,1.417,75.334,53.4,,,15.467,cpu05,ok,
11_matrix_mpi,schur R=56 1x7x8 s1,schur,64,1,0,1,56,1,224,224,224,4,1,7,8,152.336,42.552,32.584,51.291,47.804,7.408,6.758,6.821,1.814,0.000,-2.144,75.901,51.6,,,14.678,cpu05,ok,
11_matrix_mpi,schur R=56 1x8x7 s1,schur,64,1,0,1,56,1,224,224,224,4,1,8,7,150.125,39.469,33.817,52.173,44.408,6.318,6.922,5.169,1.917,0.000,-0.599,74.799,52.5,,,14.845,cpu05,ok,
11_matrix_mpi,schur R=56 1x14x4 s1,schur,64,1,0,1,56,1,224,224,224,4,1,14,4,155.433,47.911,34.369,54.513,44.388,6.341,8.913,6.023,1.835,0.000,-0.949,77.444,53.4,,,15.168,cpu05,ok,
11_matrix_mpi,schur R=56 1x28x2 s1,schur,64,1,0,1,56,1,224,224,224,4,1,28,2,239.422,98.799,33.575,129.917,42.502,6.454,19.958,5.355,1.940,0.000,-0.279,119.291,56.9,,,16.101,cpu05,ok,
11_matrix_mpi,schur R=56 1x56x1 s1,schur,64,1,0,1,56,1,224,224,224,4,1,56,1,628.215,362.542,39.043,496.058,10.793,7.159,60.451,5.374,2.058,0.000,7.279,313.006,63.0,,,21.262,cpu05,ok,
11_matrix_mpi,schur R=56 2x1x28 s1,schur,64,1,0,1,56,1,224,224,224,4,2,1,28,193.066,66.579,48.296,8.190,95.914,8.063,4.360,17.794,1.907,0.000,8.542,96.194,55.9,,,16.468,cpu05,ok,
11_matrix_mpi,schur R=56 2x2x14 s1,schur,64,1,0,1,56,1,224,224,224,4,2,2,14,157.288,35.480,44.770,37.076,52.619,7.070,4.545,7.762,1.873,0.000,1.573,78.368,53.4,,,15.893,cpu05,ok,
11_matrix_mpi,schur R=56 2x4x7 s1,schur,64,1,0,1,56,1,224,224,224,4,2,4,7,144.961,34.122,43.204,38.323,42.532,7.041,5.261,5.894,1.879,0.000,0.827,72.226,51.6,,,13.851,cpu05,ok,
11_matrix_mpi,schur R=56 2x7x4 s1,schur,64,1,0,1,56,1,224,224,224,4,2,7,4,147.687,37.578,45.092,40.855,45.638,6.679,6.772,5.525,1.842,0.000,-4.716,73.584,51.6,,,15.521,cpu05,ok,
11_matrix_mpi,schur R=56 2x14x2 s1,schur,64,1,0,1,56,1,224,224,224,4,2,14,2,154.047,38.203,43.351,50.094,33.603,7.156,8.219,5.035,1.814,0.000,4.775,76.753,53.4,,,14.878,cpu05,ok,
11_matrix_mpi,schur R=56 2x28x1 s1,schur,64,1,0,1,56,1,224,224,224,4,2,28,1,196.818,73.975,45.068,102.424,9.089,7.607,18.827,4.703,1.931,0.000,7.169,98.064,56.0,,,16.115,cpu05,ok,
11_matrix_mpi,schur R=56 4x1x14 s1,schur,64,1,0,1,56,1,224,224,224,4,4,1,14,144.900,47.180,50.825,7.863,59.126,7.660,3.722,8.040,1.864,0.000,5.800,72.196,53.4,,,15.690,cpu05,ok,
11_matrix_mpi,schur R=56 4x2x7 s1,schur,64,1,0,1,56,1,224,224,224,4,4,2,7,144.204,34.833,48.262,29.600,41.226,7.760,4.799,5.929,1.861,0.000,4.767,71.849,50.8,,,14.839,cpu05,ok,
11_matrix_mpi,schur R=56 4x7x2 s1,schur,64,1,0,1,56,1,224,224,224,4,4,7,2,147.416,36.953,48.857,40.201,34.503,7.698,6.279,5.006,1.940,0.000,2.932,73.450,51.6,,,16.018,cpu05,ok,
11_matrix_mpi,schur R=56 4x14x1 s1,schur,64,1,0,1,56,1,224,224,224,4,4,14,1,139.056,42.769,50.347,51.730,9.571,7.920,7.480,4.286,1.982,0.000,5.740,69.284,53.4,,,15.439,cpu05,ok,
11_matrix_mpi,schur R=56 7x1x8 s1,schur,64,1,0,1,56,1,224,224,224,4,7,1,8,143.676,48.971,54.883,7.826,51.720,8.458,3.822,7.157,1.821,0.000,7.989,71.586,51.6,,,16.207,cpu05,ok,
11_matrix_mpi,schur R=56 7x2x4 s1,schur,64,1,0,1,56,1,224,224,224,4,7,2,4,158.138,41.097,54.917,28.033,43.153,11.656,4.776,6.460,1.992,0.000,7.151,78.792,50.8,,,16.298,cpu05,ok,
11_matrix_mpi,schur R=56 7x4x2 s1,schur,64,1,0,1,56,1,224,224,224,4,7,4,2,154.900,43.922,55.207,37.172,33.833,9.148,5.106,4.963,2.178,0.000,7.293,77.178,50.8,,,16.361,cpu05,ok,
11_matrix_mpi,schur R=56 7x8x1 s1,schur,64,1,0,1,56,1,224,224,224,4,7,8,1,140.864,41.861,55.109,47.402,8.366,9.273,5.823,4.327,2.156,0.000,8.408,70.185,51.6,,,15.877,cpu05,ok,
11_matrix_mpi,schur R=56 8x1x7 s1,schur,64,1,0,1,56,1,224,224,224,4,8,1,7,142.238,39.265,59.079,6.405,45.279,9.551,3.836,6.402,2.170,0.000,9.516,70.870,52.5,,,16.201,cpu05,ok,
11_matrix_mpi,schur R=56 8x7x1 s1,schur,64,1,0,1,56,1,224,224,224,4,8,7,1,144.203,44.119,62.456,40.681,9.403,9.877,6.518,4.266,2.224,0.000,8.778,71.849,52.5,,,16.787,cpu05,ok,
11_matrix_mpi,schur R=56 14x1x4 s1,schur,64,1,0,1,56,1,224,224,224,4,14,1,4,173.175,54.210,74.805,7.498,47.148,11.327,4.302,7.058,2.198,0.000,18.839,86.284,52.5,,,18.410,cpu05,ok,
11_matrix_mpi,schur R=56 14x2x2 s1,schur,64,1,0,1,56,1,224,224,224,4,14,2,2,182.831,47.557,75.500,29.437,34.933,11.449,4.664,4.987,2.298,0.000,19.563,91.095,52.5,,,20.200,cpu05,ok,
11_matrix_mpi,schur R=56 14x4x1 s1,schur,64,1,0,1,56,1,224,224,224,4,14,4,1,177.917,59.719,81.728,39.501,10.443,13.659,5.314,4.340,2.371,0.000,20.561,88.647,52.5,,,19.613,cpu05,ok,
11_matrix_mpi,schur R=56 28x1x2 s1,schur,64,1,0,1,56,1,224,224,224,4,28,1,2,293.194,119.848,174.046,7.815,39.523,23.312,3.427,5.328,2.602,0.000,37.141,146.083,55.1,,,23.601,cpu05,ok,
11_matrix_mpi,schur R=56 28x2x1 s1,schur,64,1,0,1,56,1,224,224,224,4,28,2,1,287.662,120.657,168.830,29.186,13.278,28.317,4.557,4.415,2.621,0.000,36.458,143.326,55.1,,,25.630,cpu05,ok,
11_matrix_mpi,schur R=56 56x1x1 s1,schur,64,1,0,1,56,1,224,224,224,4,56,1,1,698.983,369.352,526.293,11.678,14.419,67.688,3.937,5.309,3.244,0.000,66.415,348.266,62.1,,,37.025,cpu05,ok,
11_matrix_mpi,pipeline R=56 1x1x56 s1,pipeline,64,1,0,1,56,1,224,224,224,4,1,1,56,186.514,56.571,69.862,21.362,52.565,11.369,5.437,12.376,2.187,0.000,11.356,92.930,70.0,,,17.897,cpu05,ok,
11_matrix_mpi,pipeline R=56 1x2x28 s1,pipeline,64,1,0,1,56,1,224,224,224,4,1,2,28,153.605,34.419,66.020,21.640,33.247,11.019,5.892,6.852,2.045,0.000,6.890,76.533,63.0,,,16.189,cpu05,ok,
11_matrix_mpi,pipeline R=56 1x4x14 s1,pipeline,64,1,0,1,56,1,224,224,224,4,1,4,14,147.133,31.702,65.730,23.750,27.254,11.274,6.893,7.442,2.011,0.000,2.779,73.309,60.4,,,16.302,cpu05,ok,
11_matrix_mpi,pipeline R=56 1x7x8 s1,pipeline,64,1,0,1,56,1,224,224,224,4,1,7,8,147.997,31.487,66.331,25.250,25.526,10.556,6.477,6.765,2.026,0.000,5.066,73.739,60.4,,,16.760,cpu05,ok,
11_matrix_mpi,pipeline R=56 1x8x7 s1,pipeline,64,1,0,1,56,1,224,224,224,4,1,8,7,147.603,31.599,64.737,24.097,25.636,10.436,7.741,6.460,2.024,0.000,6.472,73.542,60.4,,,16.262,cpu05,ok,
11_matrix_mpi,pipeline R=56 1x14x4 s1,pipeline,64,1,0,1,56,1,224,224,224,4,1,14,4,150.620,34.037,64.690,26.001,26.384,10.280,9.416,6.290,1.979,0.000,5.580,75.046,62.1,,,15.526,cpu05,ok,
11_matrix_mpi,pipeline R=56 1x28x2 s1,pipeline,64,1,0,1,56,1,224,224,224,4,1,28,2,163.991,42.645,65.738,38.099,24.033,10.570,11.447,6.655,2.034,0.000,5.415,81.708,64.8,,,17.135,cpu05,ok,
11_matrix_mpi,pipeline R=56 1x56x1 s1,pipeline,64,1,0,1,56,1,224,224,224,4,1,56,1,197.394,58.050,70.614,55.280,23.111,10.767,13.769,5.998,2.105,0.000,15.750,98.351,72.6,,,19.577,cpu05,ok,
11_matrix_mpi,pipeline R=56 2x1x28 s1,pipeline,64,1,0,1,56,1,224,224,224,4,2,1,28,157.836,40.448,69.011,18.608,34.180,11.632,5.787,8.212,2.534,0.000,7.872,78.641,64.8,,,16.625,cpu05,ok,
11_matrix_mpi,pipeline R=56 2x2x14 s1,pipeline,64,1,0,1,56,1,224,224,224,4,2,2,14,148.582,34.049,67.542,22.567,29.627,10.433,5.653,6.646,1.950,0.000,4.164,74.031,60.4,,,14.451,cpu05,ok,
11_matrix_mpi,pipeline R=56 2x4x7 s1,pipeline,64,1,0,1,56,1,224,224,224,4,2,4,7,147.679,33.373,66.995,23.468,26.339,10.665,6.052,6.765,1.832,0.000,5.563,73.581,59.5,,,16.144,cpu05,ok,
11_matrix_mpi,pipeline R=56 2x7x4 s1,pipeline,64,1,0,1,56,1,224,224,224,4,2,7,4,148.525,34.661,64.941,23.824,24.324,10.176,7.161,6.691,1.967,0.000,9.441,74.002,60.4,,,15.520,cpu05,ok,
11_matrix_mpi,pipeline R=56 2x14x2 s1,pipeline,64,1,0,1,56,1,224,224,224,4,2,14,2,153.720,35.731,63.001,27.566,25.803,10.530,7.180,6.347,1.838,0.000,11.455,76.591,61.2,,,15.081,cpu05,ok,
11_matrix_mpi,pipeline R=56 2x28x1 s1,pipeline,64,1,0,1,56,1,224,224,224,4,2,28,1,162.729,41.951,65.311,36.253,22.529,10.607,9.773,6.007,2.058,0.000,10.191,81.079,66.5,,,16.495,cpu05,ok,
11_matrix_mpi,pipeline R=56 4x1x14 s1,pipeline,64,1,0,1,56,1,224,224,224,4,4,1,14,144.332,31.412,63.090,19.167,26.595,10.491,5.313,6.719,1.867,0.000,11.090,71.913,60.4,,,15.485,cpu05,ok,
11_matrix_mpi,pipeline R=56 4x2x7 s1,pipeline,64,1,0,1,56,1,224,224,224,4,4,2,7,142.314,29.842,63.059,20.037,24.459,10.314,5.500,6.737,2.011,0.000,10.197,70.907,59.5,,,14.852,cpu05,ok,
11_matrix_mpi,pipeline R=56 4x7x2 s1,pipeline,64,1,0,1,56,1,224,224,224,4,4,7,2,145.622,36.014,61.054,22.835,23.871,9.773,8.657,5.963,2.042,0.000,11.427,72.556,60.4,,,15.103,cpu05,ok,
11_matrix_mpi,pipeline R=56 4x14x1 s1,pipeline,64,1,0,1,56,1,224,224,224,4,4,14,1,150.696,35.243,61.060,26.434,23.314,9.609,9.855,6.182,1.988,0.000,12.254,75.084,61.2,,,15.814,cpu05,ok,
11_matrix_mpi,pipeline R=56 7x1x8 s1,pipeline,64,1,0,1,56,1,224,224,224,4,7,1,8,154.676,36.397,68.540,19.731,24.768,12.031,5.367,6.522,2.193,0.000,15.524,77.067,60.4,,,16.404,cpu05,ok,
11_matrix_mpi,pipeline R=56 7x2x4 s1,pipeline,64,1,0,1,56,1,224,224,224,4,7,2,4,155.113,39.379,68.167,21.497,25.740,12.296,5.674,6.072,2.322,0.000,13.345,77.284,59.5,,,16.253,cpu05,ok,
11_matrix_mpi,pipeline R=56 7x4x2 s1,pipeline,64,1,0,1,56,1,224,224,224,4,7,4,2,155.438,35.886,66.742,22.327,25.016,11.645,5.993,6.357,2.215,0.000,15.143,77.447,60.4,,,15.725,cpu05,ok,
11_matrix_mpi,pipeline R=56 7x8x1 s1,pipeline,64,1,0,1,56,1,224,224,224,4,7,8,1,155.638,36.289,66.301,24.135,23.552,11.865,7.300,6.527,2.299,0.000,13.659,77.546,61.2,,,16.044,cpu05,ok,
11_matrix_mpi,pipeline R=56 8x1x7 s1,pipeline,64,1,0,1,56,1,224,224,224,4,8,1,7,155.924,35.055,67.687,20.552,25.170,13.253,5.364,6.396,2.346,0.000,15.156,77.689,60.4,,,15.919,cpu05,ok,
11_matrix_mpi,pipeline R=56 8x7x1 s1,pipeline,64,1,0,1,56,1,224,224,224,4,8,7,1,162.589,40.709,68.808,24.337,23.295,12.805,7.929,6.426,2.267,0.000,16.722,81.009,61.2,,,17.028,cpu05,ok,
11_matrix_mpi,pipeline R=56 14x1x4 s1,pipeline,64,1,0,1,56,1,224,224,224,4,14,1,4,171.242,42.456,74.608,20.738,26.044,12.569,5.482,6.528,2.459,0.000,22.814,85.320,61.2,,,19.618,cpu05,ok,
11_matrix_mpi,pipeline R=56 14x2x2 s1,pipeline,64,1,0,1,56,1,224,224,224,4,14,2,2,176.491,45.406,72.288,22.496,29.104,14.408,5.942,7.138,2.194,0.000,22.921,87.936,61.2,,,17.889,cpu05,ok,
11_matrix_mpi,pipeline R=56 14x4x1 s1,pipeline,64,1,0,1,56,1,224,224,224,4,14,4,1,173.740,44.789,72.056,26.237,24.671,14.897,6.270,6.389,2.340,0.000,20.880,86.565,61.2,,,18.417,cpu05,ok,
11_matrix_mpi,pipeline R=56 28x1x2 s1,pipeline,64,1,0,1,56,1,224,224,224,4,28,1,2,201.871,50.847,80.522,23.178,28.322,14.072,5.755,6.771,2.659,0.000,40.592,100.581,63.9,,,24.318,cpu05,ok,
11_matrix_mpi,pipeline R=56 28x2x1 s1,pipeline,64,1,0,1,56,1,224,224,224,4,28,2,1,202.255,54.846,85.018,25.276,28.415,15.363,6.993,6.923,2.585,0.000,31.682,100.773,65.6,,,22.649,cpu05,ok,
11_matrix_mpi,pipeline R=56 56x1x1 s1,pipeline,64,1,0,1,56,1,224,224,224,4,56,1,1,265.109,73.905,105.553,30.751,31.018,17.616,6.282,7.354,3.426,0.000,63.109,132.090,70.9,,,32.969,cpu05,ok,
11_matrix_mpi,schur 128^3 s1 seriale,schur,64,1,0,0,1,1,128,128,128,10,1,1,1,393.789,0.000,222.887,33.419,48.678,30.080,27.572,28.816,2.335,0.000,0.002,18.777,250.2,,,93.315,cpu05,ok,
11_matrix_mpi,schur 128^3 s1 T(1),schur,64,1,0,1,1,1,128,128,128,10,1,1,1,404.861,0.000,227.609,36.518,50.405,30.547,27.509,29.244,3.020,0.000,0.009,19.305,271.2,,,97.435,cpu05,ok,
11_matrix_mpi,pipeline 128^3 s1 seriale,pipeline,64,1,0,0,1,1,128,128,128,10,1,1,1,688.962,0.000,423.615,66.707,84.395,46.008,33.089,32.456,2.691,0.000,0.001,32.852,344.8,,,93.677,cpu05,ok,
11_matrix_mpi,pipeline 128^3 s1 T(1),pipeline,64,1,0,1,1,1,128,128,128,10,1,1,1,711.112,0.000,441.552,67.744,83.725,46.835,33.758,33.920,3.573,0.000,0.005,33.908,366.6,,,105.857,cpu05,ok,
11_matrix_mpi,schur R=1 1x1x1 s1,schur,64,1,0,1,1,1,128,128,128,10,1,1,1,407.441,0.000,228.224,36.896,51.323,30.858,27.562,29.452,3.117,0.000,0.009,19.428,271.2,,,98.382,cpu05,ok,
11_matrix_mpi,pipeline R=1 1x1x1 s1,pipeline,64,1,0,1,1,1,128,128,128,10,1,1,1,725.477,0.000,446.051,71.065,88.378,48.015,34.544,33.548,3.872,0.000,0.004,34.593,366.6,,,105.711,cpu05,ok,
11_matrix_mpi,schur R=2 1x1x2 s1,schur,64,1,0,1,2,1,128,128,128,10,1,1,2,307.996,9.742,114.207,17.966,128.601,16.102,13.661,17.116,1.622,0.000,-1.279,29.373,149.6,,,49.093,cpu05,ok,
11_matrix_mpi,schur R=2 1x2x1 s1,schur,64,1,0,1,2,1,128,128,128,10,1,2,1,327.334,11.233,111.886,140.929,26.411,15.768,15.129,14.717,1.638,0.000,0.856,31.217,150.5,,,47.559,cpu05,ok,
11_matrix_mpi,schur R=2 2x1x1 s1,schur,64,1,0,1,2,1,128,128,128,10,2,1,1,248.177,16.224,148.458,17.878,26.153,16.368,13.665,15.530,1.565,0.000,8.560,23.668,152.2,,,47.212,cpu05,ok,
11_matrix_mpi,pipeline R=2 1x1x2 s1,pipeline,64,1,0,1,2,1,128,128,128,10,1,1,2,366.577,8.195,219.266,35.686,48.785,24.142,16.424,17.255,1.762,0.000,3.257,34.959,196.9,,,51.113,cpu05,ok,
11_matrix_mpi,pipeline R=2 1x2x1 s1,pipeline,64,1,0,1,2,1,128,128,128,10,1,2,1,368.182,13.555,217.251,44.806,43.584,23.811,17.148,16.545,1.783,0.000,3.254,35.113,198.6,,,48.086,cpu05,ok,
11_matrix_mpi,pipeline R=2 2x1x1 s1,pipeline,64,1,0,1,2,1,128,128,128,10,2,1,1,352.365,16.352,204.241,34.077,44.969,24.112,16.274,16.647,1.922,0.000,10.123,33.604,198.6,,,46.393,cpu05,ok,
11_matrix_mpi,schur R=4 1x1x4 s1,schur,64,1,0,1,4,1,128,128,128,10,1,1,4,175.322,18.200,60.918,9.300,80.124,8.615,7.156,7.831,0.816,0.000,0.562,33.440,89.2,,,26.388,cpu05,ok,
11_matrix_mpi,schur R=4 1x2x2 s1,schur,64,1,0,1,4,1,128,128,128,10,1,2,2,222.733,7.916,59.331,71.799,64.908,8.255,7.570,9.377,0.835,0.000,0.658,42.483,88.4,,,25.428,cpu05,ok,
11_matrix_mpi,schur R=4 1x4x1 s1,schur,64,1,0,1,4,1,128,128,128,10,1,4,1,172.385,18.541,58.598,72.537,13.950,8.625,8.030,7.440,0.843,0.000,2.362,32.880,90.1,,,24.883,cpu05,ok,
11_matrix_mpi,schur R=4 2x1x2 s1,schur,64,1,0,1,4,1,128,128,128,10,2,1,2,182.392,13.204,78.247,9.040,67.052,8.542,7.036,8.838,0.748,0.000,2.889,34.788,88.4,,,24.987,cpu05,ok,
11_matrix_mpi,schur R=4 2x2x1 s1,schur,64,1,0,1,4,1,128,128,128,10,2,2,1,174.543,12.242,76.795,55.399,14.104,8.706,7.678,7.510,0.771,0.000,3.580,33.291,89.2,,,24.803,cpu05,ok,
11_matrix_mpi,schur R=4 4x1x1 s1,schur,64,1,0,1,4,1,128,128,128,10,4,1,1,147.484,22.660,90.675,8.732,13.546,8.994,7.023,7.762,0.801,0.000,9.951,28.130,89.2,,,30.277,cpu05,ok,
11_matrix_mpi,pipeline R=4 1x1x4 s1,pipeline,64,1,0,1,4,1,128,128,128,10,1,1,4,196.589,11.256,113.424,19.140,29.293,12.707,8.650,9.565,0.966,0.000,2.844,37.496,112.0,,,26.313,cpu05,ok,
11_matrix_mpi,pipeline R=4 1x2x2 s1,pipeline,64,1,0,1,4,1,128,128,128,10,1,2,2,198.469,11.763,112.389,23.427,25.983,12.664,9.102,9.071,1.036,0.000,4.797,37.855,111.1,,,25.153,cpu05,ok,
11_matrix_mpi,pipeline R=4 1x4x1 s1,pipeline,64,1,0,1,4,1,128,128,128,10,1,4,1,200.552,14.714,114.311,28.501,23.640,12.851,9.705,8.853,1.047,0.000,1.644,38.252,112.9,,,25.969,cpu05,ok,
11_matrix_mpi,pipeline R=4 2x1x2 s1,pipeline,64,1,0,1,4,1,128,128,128,10,2,1,2,185.579,12.931,106.976,16.865,24.971,12.381,8.507,9.050,1.001,0.000,5.828,35.396,112.9,,,24.950,cpu05,ok,
11_matrix_mpi,pipeline R=4 2x2x1 s1,pipeline,64,1,0,1,4,1,128,128,128,10,2,2,1,186.554,11.721,106.292,19.437,23.878,12.626,9.104,8.836,1.015,0.000,5.366,35.582,112.9,,,24.710,cpu05,ok,
11_matrix_mpi,pipeline R=4 4x1x1 s1,pipeline,64,1,0,1,4,1,128,128,128,10,4,1,1,200.320,17.892,114.336,16.627,24.118,13.358,8.589,8.814,1.080,0.000,13.398,38.208,114.6,,,28.137,cpu05,ok,
11_matrix_mpi,schur R=7 1x1x7 s1,schur,64,1,0,1,7,1,128,128,128,10,1,1,7,106.139,18.138,36.432,5.737,47.708,5.306,4.277,6.230,0.598,0.000,-0.149,34.096,63.9,,,15.772,cpu05,ok,
11_matrix_mpi,schur R=7 1x7x1 s1,schur,64,1,0,1,7,1,128,128,128,10,1,7,1,111.716,19.515,34.574,49.229,9.184,5.484,5.655,4.441,0.520,0.000,2.629,35.887,63.9,,,14.769,cpu05,ok,
11_matrix_mpi,schur R=7 7x1x1 s1,schur,64,1,0,1,7,1,128,128,128,10,7,1,1,118.183,21.033,65.390,7.125,13.167,9.439,4.719,5.393,0.824,0.000,12.126,37.965,63.9,,,20.627,cpu04,ok,
11_matrix_mpi,pipeline R=7 1x1x7 s1,pipeline,64,1,0,1,7,1,128,128,128,10,1,1,7,148.447,21.636,79.272,14.693,33.094,10.425,5.752,8.784,1.471,0.000,-5.044,47.687,77.0,,,18.838,cpu04,ok,
11_matrix_mpi,pipeline R=7 1x7x1 s1,pipeline,64,1,0,1,7,1,128,128,128,10,1,7,1,153.812,22.451,77.905,27.936,21.199,10.416,8.586,5.886,1.213,0.000,0.671,49.410,77.9,,,17.301,cpu04,ok,
11_matrix_mpi,pipeline R=7 7x1x1 s1,pipeline,64,1,0,1,7,1,128,128,128,10,7,1,1,151.377,22.854,72.265,16.034,24.024,14.162,5.373,5.945,1.103,0.000,12.471,48.628,79.6,,,18.066,cpu04,ok,
11_matrix_mpi,schur R=8 1x1x8 s1,schur,64,1,0,1,8,1,128,128,128,10,1,1,8,99.558,15.325,33.422,6.303,42.701,5.958,4.046,5.299,0.876,0.000,0.953,37.979,58.6,,,15.668,cpu04,ok,
11_matrix_mpi,schur R=8 1x2x4 s1,schur,64,1,0,1,8,1,128,128,128,10,1,2,4,136.997,14.796,32.168,43.172,45.694,5.889,4.150,4.287,0.833,0.000,0.804,52.260,56.9,,,14.560,cpu04,ok,
11_matrix_mpi,schur R=8 1x4x2 s1,schur,64,1,0,1,8,1,128,128,128,10,1,4,2,127.074,13.647,32.129,39.363,38.324,5.690,4.591,4.912,0.866,0.000,1.199,48.475,56.9,,,14.709,cpu04,ok,
11_matrix_mpi,schur R=8 1x8x1 s1,schur,64,1,0,1,8,1,128,128,128,10,1,8,1,107.883,17.555,32.807,45.247,9.399,6.294,6.727,4.134,0.852,0.000,2.423,41.154,58.6,,,15.407,cpu04,ok,
11_matrix_mpi,schur R=8 2x1x4 s1,schur,64,1,0,1,8,1,128,128,128,10,2,1,4,111.015,17.072,41.805,5.777,45.239,5.983,3.912,4.734,0.877,0.000,2.688,42.349,57.8,,,14.191,cpu04,ok,
11_matrix_mpi,schur R=8 2x2x2 s1,schur,64,1,0,1,8,1,128,128,128,10,2,2,2,126.849,8.888,40.710,29.928,37.020,6.263,4.263,4.652,0.870,0.000,3.143,48.389,56.9,,,13.883,cpu04,ok,
11_matrix_mpi,schur R=8 2x4x1 s1,schur,64,1,0,1,8,1,128,128,128,10,2,4,1,109.340,15.660,41.010,39.014,9.882,6.412,4.824,4.005,0.831,0.000,3.362,41.710,57.8,,,13.989,cpu04,ok,
11_matrix_mpi,schur R=8 4x1x2 s1,schur,64,1,0,1,8,1,128,128,128,10,4,1,2,113.718,14.187,47.101,5.489,37.721,5.902,3.903,5.149,0.901,0.000,7.552,43.380,56.9,,,16.277,cpu04,ok,
11_matrix_mpi,schur R=8 4x2x1 s1,schur,64,1,0,1,8,1,128,128,128,10,4,2,1,109.043,14.981,47.140,29.539,9.929,6.045,4.446,4.220,0.932,0.000,6.792,41.597,56.9,,,15.028,cpu04,ok,
11_matrix_mpi,schur R=8 8x1x1 s1,schur,64,1,0,1,8,1,128,128,128,10,8,1,1,105.866,17.816,58.553,4.978,10.664,7.437,4.172,4.635,0.921,0.000,14.506,40.385,58.6,,,18.850,cpu04,ok,
11_matrix_mpi,pipeline R=8 1x1x8 s1,pipeline,64,1,0,1,8,1,128,128,128,10,1,1,8,127.235,12.563,65.868,13.671,24.435,9.807,4.924,6.568,1.490,0.000,0.472,48.536,69.1,,,16.294,cpu04,ok,
11_matrix_mpi,pipeline R=8 1x2x4 s1,pipeline,64,1,0,1,8,1,128,128,128,10,1,2,4,125.116,11.498,64.329,16.360,21.145,9.153,4.985,5.145,1.689,0.000,2.310,47.728,68.2,,,15.481,cpu04,ok,
11_matrix_mpi,pipeline R=8 1x4x2 s1,pipeline,64,1,0,1,8,1,128,128,128,10,1,4,2,127.161,11.782,65.136,18.592,19.960,9.267,5.665,5.697,1.614,0.000,1.230,48.508,69.1,,,15.175,cpu04,ok,
11_matrix_mpi,pipeline R=8 1x8x1 s1,pipeline,64,1,0,1,8,1,128,128,128,10,1,8,1,132.170,14.352,64.641,23.355,17.854,9.802,6.001,4.781,1.437,0.000,4.299,50.419,70.9,,,15.288,cpu04,ok,
11_matrix_mpi,pipeline R=8 2x1x4 s1,pipeline,64,1,0,1,8,1,128,128,128,10,2,1,4,119.119,11.769,61.724,12.403,21.852,8.981,4.546,5.342,1.419,0.000,2.852,45.440,68.2,,,14.740,cpu04,ok,
11_matrix_mpi,pipeline R=8 2x2x2 s1,pipeline,64,1,0,1,8,1,128,128,128,10,2,2,2,117.929,9.326,60.149,14.180,20.139,8.840,4.763,5.075,1.387,0.000,3.396,44.986,68.2,,,13.967,cpu04,ok,
11_matrix_mpi,pipeline R=8 2x4x1 s1,pipeline,64,1,0,1,8,1,128,128,128,10,2,4,1,118.711,12.046,60.955,16.047,17.916,8.842,4.981,4.674,1.513,0.000,3.783,45.285,69.1,,,14.494,cpu04,ok,
11_matrix_mpi,pipeline R=8 4x1x2 s1,pipeline,64,1,0,1,8,1,128,128,128,10,4,1,2,125.241,14.415,63.469,12.343,20.167,9.096,4.874,5.768,1.587,0.000,7.937,47.776,70.0,,,15.200,cpu04,ok,
11_matrix_mpi,pipeline R=8 4x2x1 s1,pipeline,64,1,0,1,8,1,128,128,128,10,4,2,1,126.259,14.613,63.845,14.324,18.176,9.199,5.126,5.139,1.366,0.000,9.084,48.164,70.0,,,15.049,cpu04,ok,
11_matrix_mpi,pipeline R=8 8x1x1 s1,pipeline,64,1,0,1,8,1,128,128,128,10,8,1,1,133.660,19.033,65.413,13.526,19.291,9.889,4.580,4.833,1.508,0.000,14.620,50.987,70.9,,,17.057,cpu04,ok,
11_matrix_mpi,schur R=14 1x1x14 s1,schur,64,1,0,1,14,1,128,128,128,10,1,1,14,82.226,23.186,22.981,4.944,38.625,4.789,2.478,6.260,1.015,0.000,1.134,50.187,46.4,,,10.763,cpu04,ok,
11_matrix_mpi,schur R=14 1x2x7 s1,schur,64,1,0,1,14,1,128,128,128,10,1,2,7,89.109,12.478,20.479,27.509,30.466,4.632,2.610,3.036,0.865,0.000,-0.488,57.250,44.6,,,9.154,cpu04,ok,
11_matrix_mpi,schur R=14 1x7x2 s1,schur,64,1,0,1,14,1,128,128,128,10,1,7,2,89.741,22.885,20.484,27.435,29.989,3.843,12.884,2.742,0.675,0.000,-8.311,57.657,44.6,,,9.241,cpu04,ok,
11_matrix_mpi,schur R=14 1x14x1 s1,schur,64,1,0,1,14,1,128,128,128,10,1,14,1,89.586,25.401,21.881,42.453,7.165,4.117,7.179,2.283,0.833,0.000,3.675,54.679,47.2,,,9.936,cpu04,ok,
11_matrix_mpi,schur R=14 2x1x7 s1,schur,64,1,0,1,14,1,128,128,128,10,2,1,7,75.734,13.538,26.771,4.503,30.422,4.884,2.350,3.856,0.855,0.000,2.093,48.657,44.6,,,9.028,cpu04,ok,
11_matrix_mpi,schur R=14 2x7x1 s1,schur,64,1,0,1,14,1,128,128,128,10,2,7,1,76.771,16.294,26.472,28.489,7.092,4.779,4.542,2.327,0.696,0.000,2.374,49.324,45.5,,,9.125,cpu04,ok,
11_matrix_mpi,schur R=14 7x1x2 s1,schur,64,1,0,1,14,1,128,128,128,10,7,1,2,90.101,23.147,36.493,4.908,30.472,13.346,2.318,3.215,0.629,0.000,-1.280,57.888,45.5,,,11.357,cpu04,ok,
11_matrix_mpi,schur R=14 7x2x1 s1,schur,64,1,0,1,14,1,128,128,128,10,7,2,1,84.895,16.401,38.226,19.655,7.875,6.157,3.005,2.590,0.677,0.000,6.710,54.543,45.5,,,12.645,cpu04,ok,
11_matrix_mpi,schur R=14 14x1x1 s1,schur,64,1,0,1,14,1,128,128,128,10,14,1,1,100.135,28.187,55.128,5.964,10.849,9.923,2.378,2.303,1.109,0.000,12.481,61.117,47.2,,,13.520,cpu04,ok,
11_matrix_mpi,pipeline R=14 1x1x14 s1,pipeline,64,1,0,1,14,1,128,128,128,10,1,1,14,93.203,18.584,48.355,10.734,22.384,7.104,2.881,4.477,1.523,0.000,-4.255,56.887,53.4,,,10.908,cpu04,ok,
11_matrix_mpi,pipeline R=14 1x2x7 s1,pipeline,64,1,0,1,14,1,128,128,128,10,1,2,7,89.026,15.351,43.456,12.699,20.063,6.971,3.151,3.892,1.385,0.000,-2.591,57.197,50.8,,,9.729,cpu04,ok,
11_matrix_mpi,pipeline R=14 1x7x2 s1,pipeline,64,1,0,1,14,1,128,128,128,10,1,7,2,90.022,14.267,42.477,17.471,13.951,6.281,4.704,3.385,1.272,0.000,0.481,57.837,50.8,,,9.379,cpu04,ok,
11_matrix_mpi,pipeline R=14 1x14x1 s1,pipeline,64,1,0,1,14,1,128,128,128,10,1,14,1,101.301,21.510,45.930,23.281,14.548,6.071,6.265,3.937,1.332,0.000,-0.063,61.829,55.1,,,10.330,cpu04,ok,
11_matrix_mpi,pipeline R=14 2x1x7 s1,pipeline,64,1,0,1,14,1,128,128,128,10,2,1,7,85.056,13.601,40.865,10.566,17.257,6.721,2.806,4.365,1.295,0.000,1.181,54.646,50.8,,,9.165,cpu04,ok,
11_matrix_mpi,pipeline R=14 2x7x1 s1,pipeline,64,1,0,1,14,1,128,128,128,10,2,7,1,86.764,14.028,39.554,15.626,13.584,6.281,4.709,3.148,1.245,0.000,2.617,55.744,51.6,,,9.643,cpu04,ok,
11_matrix_mpi,pipeline R=14 7x1x2 s1,pipeline,64,1,0,1,14,1,128,128,128,10,7,1,2,94.408,16.473,41.842,12.405,16.420,7.303,2.813,3.788,1.423,0.000,8.414,60.655,50.8,,,10.550,cpu04,ok,
11_matrix_mpi,pipeline R=14 7x2x1 s1,pipeline,64,1,0,1,14,1,128,128,128,10,7,2,1,94.396,17.489,42.108,13.958,15.248,7.565,2.972,3.491,1.264,0.000,7.790,60.647,50.8,,,10.467,cpu04,ok,
11_matrix_mpi,pipeline R=14 14x1x1 s1,pipeline,64,1,0,1,14,1,128,128,128,10,14,1,1,109.917,24.838,46.831,13.497,21.673,12.379,3.191,4.418,1.546,0.000,6.382,67.088,55.1,,,12.377,cpu04,ok,
11_matrix_mpi,schur R=28 1x1x28 s1,schur,64,1,0,1,28,1,128,128,128,10,1,1,28,102.425,43.213,15.730,3.247,61.892,3.822,1.348,12.546,0.795,0.000,3.045,125.031,37.6,,,7.786,cpu04,ok,
11_matrix_mpi,schur R=28 1x2x14 s1,schur,64,1,0,1,28,1,128,128,128,10,1,2,14,68.999,18.966,13.536,16.789,27.354,4.036,1.780,4.182,0.743,0.000,0.579,84.227,35.9,,,6.060,cpu04,ok,
11_matrix_mpi,schur R=28 1x4x7 s1,schur,64,1,0,1,28,1,128,128,128,10,1,4,7,53.526,11.047,12.522,14.886,17.739,3.825,1.519,1.791,0.689,0.000,0.555,68.778,35.0,,,5.631,cpu04,ok,
11_matrix_mpi,schur R=28 1x7x4 s1,schur,64,1,0,1,28,1,128,128,128,10,1,7,4,57.767,17.148,12.858,16.093,20.039,3.198,8.241,1.575,0.658,0.000,-4.895,74.227,35.0,,,5.920,cpu04,ok,
11_matrix_mpi,schur R=28 1x14x2 s1,schur,64,1,0,1,28,1,128,128,128,10,1,14,2,68.912,16.879,13.103,25.883,16.421,3.693,4.549,1.709,0.673,0.000,2.881,84.121,36.8,,,6.098,cpu04,ok,
11_matrix_mpi,schur R=28 1x28x1 s1,schur,64,1,0,1,28,1,128,128,128,10,1,28,1,106.900,46.533,13.805,65.513,5.592,3.075,13.449,1.607,0.877,0.000,2.982,130.493,38.5,,,6.938,cpu04,ok,
11_matrix_mpi,schur R=28 2x1x14 s1,schur,64,1,0,1,28,1,128,128,128,10,2,1,14,63.125,18.676,18.526,4.265,27.997,4.203,1.400,3.754,0.785,0.000,2.195,77.057,35.9,,,6.048,cpu04,ok,
11_matrix_mpi,schur R=28 2x2x7 s1,schur,64,1,0,1,28,1,128,128,128,10,2,2,7,57.010,10.466,16.809,11.995,18.948,3.919,1.476,1.971,0.744,0.000,1.148,73.255,35.0,,,5.785,cpu04,ok,
11_matrix_mpi,schur R=28 2x7x2 s1,schur,64,1,0,1,28,1,128,128,128,10,2,7,2,60.114,16.413,16.430,17.050,16.866,3.337,7.818,1.527,0.692,0.000,-3.606,77.244,35.0,,,5.909,cpu04,ok,
11_matrix_mpi,schur R=28 2x14x1 s1,schur,64,1,0,1,28,1,128,128,128,10,2,14,1,65.508,20.813,18.090,29.309,4.931,4.263,3.830,1.350,0.756,0.000,2.979,79.966,35.9,,,6.261,cpu04,ok,
11_matrix_mpi,schur R=28 4x1x7 s1,schur,64,1,0,1,28,1,128,128,128,10,4,1,7,53.795,11.006,18.804,4.272,18.203,3.478,1.301,2.051,0.829,0.000,4.857,69.124,35.0,,,6.256,cpu04,ok,
11_matrix_mpi,schur R=28 4x7x1 s1,schur,64,1,0,1,28,1,128,128,128,10,4,7,1,53.797,13.730,18.998,16.780,5.185,3.532,2.832,1.279,0.824,0.000,4.367,69.127,35.9,,,6.418,cpu04,ok,
11_matrix_mpi,schur R=28 7x1x4 s1,schur,64,1,0,1,28,1,128,128,128,10,7,1,4,60.658,17.938,22.843,4.514,20.153,8.330,1.336,2.035,0.871,0.000,0.576,77.943,35.0,,,7.845,cpu04,ok,
11_matrix_mpi,schur R=28 7x2x2 s1,schur,64,1,0,1,28,1,128,128,128,10,7,2,2,66.185,16.379,23.309,11.738,17.516,8.633,1.706,1.692,0.903,0.000,0.688,85.045,35.0,,,7.527,cpu04,ok,
11_matrix_mpi,schur R=28 7x4x1 s1,schur,64,1,0,1,28,1,128,128,128,10,7,4,1,56.367,14.902,22.048,14.605,5.300,4.023,1.863,1.393,0.836,0.000,6.299,72.429,35.0,,,6.548,cpu04,ok,
11_matrix_mpi,schur R=28 14x1x2 s1,schur,64,1,0,1,28,1,128,128,128,10,14,1,2,78.371,21.233,33.902,5.119,18.408,7.222,1.410,1.992,1.029,0.000,9.289,95.668,36.8,,,8.753,cpu04,ok,
11_matrix_mpi,schur R=28 14x2x1 s1,schur,64,1,0,1,28,1,128,128,128,10,14,2,1,78.163,24.569,37.845,12.543,7.226,7.212,1.917,1.580,1.064,0.000,8.776,95.414,35.9,,,9.641,cpu04,ok,
11_matrix_mpi,schur R=28 28x1x1 s1,schur,64,1,0,1,28,1,128,128,128,10,28,1,1,129.364,57.218,82.408,6.801,9.050,17.542,1.620,1.929,1.327,0.000,8.687,157.915,38.5,,,11.127,cpu04,ok,
11_matrix_mpi,pipeline R=28 1x1x28 s1,pipeline,64,1,0,1,28,1,128,128,128,10,1,1,28,74.156,28.565,30.072,7.136,26.343,4.834,1.857,5.629,1.262,0.000,-2.977,90.523,41.1,,,7.260,cpu04,ok,
11_matrix_mpi,pipeline R=28 1x2x14 s1,pipeline,64,1,0,1,28,1,128,128,128,10,1,2,14,66.045,15.810,30.808,10.484,16.102,5.179,1.985,3.171,1.118,0.000,-2.802,80.621,39.4,,,6.356,cpu04,ok,
11_matrix_mpi,pipeline R=28 1x4x7 s1,pipeline,64,1,0,1,28,1,128,128,128,10,1,4,7,61.937,11.142,26.618,10.746,12.775,5.122,1.980,2.545,1.153,0.000,0.998,79.586,37.6,,,6.309,cpu04,ok,
11_matrix_mpi,pipeline R=28 1x7x4 s1,pipeline,64,1,0,1,28,1,128,128,128,10,1,7,4,62.252,11.958,25.460,12.540,11.636,4.376,2.868,2.582,0.984,0.000,1.806,79.991,38.5,,,6.035,cpu04,ok,
11_matrix_mpi,pipeline R=28 1x14x2 s1,pipeline,64,1,0,1,28,1,128,128,128,10,1,14,2,69.989,16.019,28.156,15.789,12.070,4.650,4.256,2.886,0.972,0.000,1.210,85.436,39.4,,,7.079,cpu04,ok,
11_matrix_mpi,pipeline R=28 1x28x1 s1,pipeline,64,1,0,1,28,1,128,128,128,10,1,28,1,81.976,30.530,29.068,26.256,12.225,4.349,8.009,2.555,1.106,0.000,-1.592,100.069,42.9,,,7.322,cpu04,ok,
11_matrix_mpi,pipeline R=28 2x1x14 s1,pipeline,64,1,0,1,28,1,128,128,128,10,2,1,14,65.008,13.923,29.634,9.757,14.430,5.281,1.854,3.159,1.175,0.000,-0.282,79.356,39.4,,,6.285,cpu04,ok,
11_matrix_mpi,pipeline R=28 2x2x7 s1,pipeline,64,1,0,1,28,1,128,128,128,10,2,2,7,61.355,9.974,26.228,10.369,12.914,5.081,1.820,2.534,1.163,0.000,1.246,78.838,37.6,,,5.996,cpu04,ok,
11_matrix_mpi,pipeline R=28 2x7x2 s1,pipeline,64,1,0,1,28,1,128,128,128,10,2,7,2,63.025,12.234,25.050,12.968,11.585,4.623,3.244,2.695,0.981,0.000,1.879,80.985,38.5,,,6.150,cpu04,ok,
11_matrix_mpi,pipeline R=28 2x14x1 s1,pipeline,64,1,0,1,28,1,128,128,128,10,2,14,1,70.696,16.751,27.309,15.630,11.993,4.651,4.516,2.745,1.087,0.000,2.765,86.299,39.4,,,7.538,cpu04,ok,
11_matrix_mpi,pipeline R=28 4x1x7 s1,pipeline,64,1,0,1,28,1,128,128,128,10,4,1,7,67.814,11.227,29.272,10.022,13.312,5.187,1.683,2.699,1.223,0.000,4.416,87.138,37.6,,,6.528,cpu04,ok,
11_matrix_mpi,pipeline R=28 4x7x1 s1,pipeline,64,1,0,1,28,1,128,128,128,10,4,7,1,69.648,13.097,28.123,13.309,12.109,4.597,3.620,2.219,1.140,0.000,4.531,89.495,39.4,,,7.109,cpu04,ok,
11_matrix_mpi,pipeline R=28 7x1x4 s1,pipeline,64,1,0,1,28,1,128,128,128,10,7,1,4,67.991,13.173,27.625,11.234,13.254,5.537,1.749,2.797,1.124,0.000,4.671,87.365,38.5,,,6.337,cpu04,ok,
11_matrix_mpi,pipeline R=28 7x2x2 s1,pipeline,64,1,0,1,28,1,128,128,128,10,7,2,2,67.723,14.015,27.163,11.702,12.957,5.719,1.913,2.920,1.120,0.000,4.229,87.020,37.6,,,6.367,cpu04,ok,
11_matrix_mpi,pipeline R=28 7x4x1 s1,pipeline,64,1,0,1,28,1,128,128,128,10,7,4,1,70.473,14.966,27.067,12.558,12.793,6.223,2.421,2.771,1.117,0.000,5.523,90.555,38.5,,,6.478,cpu04,ok,
11_matrix_mpi,pipeline R=28 14x1x2 s1,pipeline,64,1,0,1,28,1,128,128,128,10,14,1,2,80.854,20.655,32.060,11.923,17.266,8.409,2.159,3.795,1.331,0.000,3.911,98.698,40.2,,,7.890,cpu04,ok,
11_matrix_mpi,pipeline R=28 14x2x1 s1,pipeline,64,1,0,1,28,1,128,128,128,10,14,2,1,81.079,20.212,31.008,13.156,15.638,7.738,2.303,3.495,1.425,0.000,6.316,98.973,39.4,,,7.749,cpu04,ok,
11_matrix_mpi,pipeline R=28 28x1x1 s1,pipeline,64,1,0,1,28,1,128,128,128,10,28,1,1,97.425,37.815,41.494,18.430,12.979,16.431,2.244,3.347,1.382,0.000,1.118,118.927,42.0,,,10.861,cpu04,ok,
11_matrix_mpi,schur R=56 1x1x56 s1,schur,64,1,0,1,56,1,128,128,128,10,1,1,56,247.134,166.833,12.296,2.059,198.159,2.273,0.743,25.374,0.719,0.000,5.511,502.795,35.0,,,6.470,cpu04,ok,
11_matrix_mpi,schur R=56 1x2x28 s1,schur,64,1,0,1,56,1,128,128,128,10,1,2,28,62.258,27.889,7.713,8.985,33.208,2.169,1.004,6.719,0.428,0.000,2.032,151.997,32.4,,,3.589,cpu04,ok,
11_matrix_mpi,schur R=56 1x4x14 s1,schur,64,1,0,1,56,1,128,128,128,10,1,4,14,36.475,13.401,6.964,8.672,13.612,2.166,1.073,2.343,0.451,0.000,1.194,89.051,31.5,,,3.244,cpu04,ok,
11_matrix_mpi,schur R=56 1x7x8 s1,schur,64,1,0,1,56,1,128,128,128,10,1,7,8,34.702,13.832,7.031,10.067,11.307,1.801,3.744,1.334,0.541,0.000,-1.123,89.182,30.6,,,3.199,cpu04,ok,
11_matrix_mpi,schur R=56 1x8x7 s1,schur,64,1,0,1,56,1,128,128,128,10,1,8,7,32.773,10.922,6.754,10.844,9.925,1.752,2.753,0.930,0.567,0.000,-0.752,84.224,31.5,,,3.076,cpu04,ok,
11_matrix_mpi,schur R=56 1x14x4 s1,schur,64,1,0,1,56,1,128,128,128,10,1,14,4,41.200,17.278,6.895,17.036,9.514,1.784,4.503,0.945,0.440,0.000,0.083,100.587,31.5,,,3.266,cpu04,ok,
11_matrix_mpi,schur R=56 1x28x2 s1,schur,64,1,0,1,56,1,128,128,128,10,1,28,2,81.464,47.863,7.592,50.193,10.427,1.759,13.110,0.903,0.522,0.000,-3.042,198.886,32.4,,,3.590,cpu04,ok,
11_matrix_mpi,schur R=56 1x56x1 s1,schur,64,1,0,1,56,1,128,128,128,10,1,56,1,253.229,171.564,9.139,203.777,4.686,1.807,27.272,1.106,0.637,0.000,4.805,515.196,35.0,,,5.079,cpu04,ok,
11_matrix_mpi,schur R=56 2x1x28 s1,schur,64,1,0,1,56,1,128,128,128,10,2,1,28,62.902,30.583,10.062,1.886,37.254,2.233,0.761,6.913,0.455,0.000,3.338,153.568,32.4,,,3.364,cpu04,ok,
11_matrix_mpi,schur R=56 2x2x14 s1,schur,64,1,0,1,56,1,128,128,128,10,2,2,14,38.834,13.075,9.142,6.517,15.325,2.135,0.863,2.239,0.463,0.000,2.150,94.810,31.5,,,3.095,cpu04,ok,
11_matrix_mpi,schur R=56 2x4x7 s1,schur,64,1,0,1,56,1,128,128,128,10,2,4,7,32.366,8.912,8.740,7.486,9.938,1.913,0.859,1.176,0.443,0.000,1.811,83.177,30.6,,,2.859,cpu04,ok,
11_matrix_mpi,schur R=56 2x7x4 s1,schur,64,1,0,1,56,1,128,128,128,10,2,7,4,33.790,11.560,8.868,8.992,9.703,1.539,4.108,1.005,0.503,0.000,-0.928,86.838,30.6,,,3.037,cpu04,ok,
11_matrix_mpi,schur R=56 2x14x2 s1,schur,64,1,0,1,56,1,128,128,128,10,2,14,2,41.497,14.905,9.418,15.181,8.393,2.053,2.737,1.014,0.471,0.000,2.230,101.310,31.5,,,3.161,cpu04,ok,
11_matrix_mpi,schur R=56 2x28x1 s1,schur,64,1,0,1,56,1,128,128,128,10,2,28,1,64.230,31.975,10.386,37.137,3.553,2.109,8.261,0.792,0.441,0.000,1.551,156.811,32.4,,,3.600,cpu04,ok,
11_matrix_mpi,schur R=56 4x1x14 s1,schur,64,1,0,1,56,1,128,128,128,10,4,1,14,40.712,16.377,11.775,2.600,17.703,1.975,0.756,2.441,0.557,0.000,2.905,99.396,31.5,,,3.530,cpu04,ok,
11_matrix_mpi,schur R=56 4x2x7 s1,schur,64,1,0,1,56,1,128,128,128,10,4,2,7,33.278,9.098,10.392,5.716,9.546,1.774,0.767,1.253,0.572,0.000,3.258,85.521,30.6,,,3.322,cpu04,ok,
11_matrix_mpi,schur R=56 4x7x2 s1,schur,64,1,0,1,56,1,128,128,128,10,4,7,2,35.922,12.539,10.809,9.013,8.823,1.762,3.816,0.902,0.547,0.000,0.250,92.316,30.6,,,3.211,cpu04,ok,
11_matrix_mpi,schur R=56 4x14x1 s1,schur,64,1,0,1,56,1,128,128,128,10,4,14,1,42.488,18.246,12.080,17.714,3.176,2.121,2.874,0.744,0.590,0.000,3.189,103.730,32.4,,,3.465,cpu04,ok,
11_matrix_mpi,schur R=56 7x1x8 s1,schur,64,1,0,1,56,1,128,128,128,10,7,1,8,38.335,15.736,13.824,3.012,13.193,4.852,0.681,2.048,0.520,0.000,0.205,98.518,30.6,,,3.984,cpu04,ok,
11_matrix_mpi,schur R=56 7x2x4 s1,schur,64,1,0,1,56,1,128,128,128,10,7,2,4,39.867,14.460,14.652,6.101,10.685,5.109,0.953,1.110,0.500,0.000,0.757,102.455,30.6,,,4.142,cpu04,ok,
11_matrix_mpi,schur R=56 7x4x2 s1,schur,64,1,0,1,56,1,128,128,128,10,7,4,2,38.335,13.936,13.675,7.955,8.839,4.097,1.084,0.894,0.506,0.000,1.285,98.518,30.6,,,3.830,cpu04,ok,
11_matrix_mpi,schur R=56 7x8x1 s1,schur,64,1,0,1,56,1,128,128,128,10,7,8,1,38.073,15.509,14.773,10.467,3.119,3.006,1.888,0.670,0.654,0.000,3.496,97.843,30.6,,,3.553,cpu04,ok,
11_matrix_mpi,schur R=56 8x1x7 s1,schur,64,1,0,1,56,1,128,128,128,10,8,1,7,37.038,12.909,14.298,2.715,11.139,2.758,0.627,1.355,0.691,0.000,3.455,95.185,30.6,,,3.941,cpu04,ok,
11_matrix_mpi,schur R=56 8x7x1 s1,schur,64,1,0,1,56,1,128,128,128,10,8,7,1,36.583,12.752,14.293,8.951,3.656,2.740,1.332,0.662,0.662,0.000,4.287,94.015,31.5,,,3.636,cpu04,ok,
11_matrix_mpi,schur R=56 14x1x4 s1,schur,64,1,0,1,56,1,128,128,128,10,14,1,4,47.962,19.527,22.964,3.495,11.125,4.704,0.626,1.166,0.686,0.000,3.196,117.094,30.6,,,4.527,cpu04,ok,
11_matrix_mpi,schur R=56 14x2x2 s1,schur,64,1,0,1,56,1,128,128,128,10,14,2,2,51.059,20.955,24.182,6.447,8.938,4.604,0.926,1.126,0.780,0.000,4.056,124.656,30.6,,,4.763,cpu04,ok,
11_matrix_mpi,schur R=56 14x4x1 s1,schur,64,1,0,1,56,1,128,128,128,10,14,4,1,53.176,26.181,28.694,8.685,4.673,5.334,1.054,0.712,0.692,0.000,3.332,129.825,30.6,,,5.000,cpu04,ok,
11_matrix_mpi,schur R=56 28x1x2 s1,schur,64,1,0,1,56,1,128,128,128,10,28,1,2,95.594,56.458,58.777,4.319,10.728,15.262,0.764,1.357,1.076,0.000,3.311,233.384,32.4,,,5.920,cpu04,ok,
11_matrix_mpi,schur R=56 28x2x1 s1,schur,64,1,0,1,56,1,128,128,128,10,28,2,1,95.940,57.218,61.160,6.919,5.210,14.594,1.152,0.898,1.060,0.000,4.947,234.230,32.4,,,5.842,cpu04,ok,
11_matrix_mpi,schur R=56 56x1x1 s1,schur,64,1,0,1,56,1,128,128,128,10,56,1,1,280.466,187.527,222.658,6.845,9.923,31.317,0.865,0.969,1.259,0.000,6.630,570.610,35.0,,,10.071,cpu04,ok,
11_matrix_mpi,pipeline R=56 1x1x56 s1,pipeline,64,1,0,1,56,1,128,128,128,10,1,1,56,58.830,30.502,21.004,3.690,23.595,2.698,1.116,5.582,0.761,0.000,0.384,119.689,36.8,,,5.557,cpu04,ok,
11_matrix_mpi,pipeline R=56 1x2x28 s1,pipeline,64,1,0,1,56,1,128,128,128,10,1,2,28,42.539,19.116,17.062,5.418,14.694,2.569,1.256,2.665,0.497,0.000,-1.622,103.856,33.2,,,3.857,cpu04,ok,
11_matrix_mpi,pipeline R=56 1x4x14 s1,pipeline,64,1,0,1,56,1,128,128,128,10,1,4,14,38.222,12.354,15.905,7.024,8.868,2.520,1.400,1.717,0.511,0.000,0.277,93.314,32.4,,,3.561,cpu04,ok,
11_matrix_mpi,pipeline R=56 1x7x8 s1,pipeline,64,1,0,1,56,1,128,128,128,10,1,7,8,37.922,12.412,14.131,8.386,8.092,2.214,2.316,1.570,0.383,0.000,0.830,97.456,32.4,,,3.687,cpu04,ok,
11_matrix_mpi,pipeline R=56 1x8x7 s1,pipeline,64,1,0,1,56,1,128,128,128,10,1,8,7,37.138,10.969,15.198,7.476,8.105,2.282,2.369,1.423,0.487,0.000,-0.202,95.441,32.4,,,3.856,cpu04,ok,
11_matrix_mpi,pipeline R=56 1x14x4 s1,pipeline,64,1,0,1,56,1,128,128,128,10,1,14,4,39.263,12.605,14.592,9.288,7.724,1.999,3.547,1.300,0.408,0.000,0.405,95.858,32.4,,,3.767,cpu04,ok,
11_matrix_mpi,pipeline R=56 1x28x2 s1,pipeline,64,1,0,1,56,1,128,128,128,10,1,28,2,47.203,21.423,15.286,15.363,8.379,2.397,6.004,1.329,0.676,0.000,-2.231,115.243,34.1,,,4.134,cpu04,ok,
11_matrix_mpi,pipeline R=56 1x56x1 s1,pipeline,64,1,0,1,56,1,128,128,128,10,1,56,1,66.731,33.362,19.076,24.788,10.403,2.104,8.315,1.499,0.678,0.000,-0.132,135.765,37.6,,,5.475,cpu04,ok,
11_matrix_mpi,pipeline R=56 2x1x28 s1,pipeline,64,1,0,1,56,1,128,128,128,10,2,1,28,42.615,19.524,17.019,3.912,13.667,2.645,1.055,3.517,0.415,0.000,0.385,104.040,34.1,,,3.953,cpu04,ok,
11_matrix_mpi,pipeline R=56 2x2x14 s1,pipeline,64,1,0,1,56,1,128,128,128,10,2,2,14,38.541,12.599,17.557,6.210,8.657,2.635,1.103,1.889,0.414,0.000,0.076,94.093,32.4,,,3.813,cpu04,ok,
11_matrix_mpi,pipeline R=56 2x4x7 s1,pipeline,64,1,0,1,56,1,128,128,128,10,2,4,7,37.826,12.332,15.581,6.644,8.186,2.404,1.189,1.584,0.410,0.000,1.828,97.209,32.4,,,3.563,cpu04,ok,
11_matrix_mpi,pipeline R=56 2x7x4 s1,pipeline,64,1,0,1,56,1,128,128,128,10,2,7,4,38.084,12.549,14.178,7.992,7.732,2.234,2.414,1.407,0.397,0.000,1.730,97.872,32.4,,,3.636,cpu04,ok,
11_matrix_mpi,pipeline R=56 2x14x2 s1,pipeline,64,1,0,1,56,1,128,128,128,10,2,14,2,40.735,12.651,15.682,9.362,7.372,2.338,2.079,1.328,0.455,0.000,2.119,99.450,32.4,,,4.522,cpu04,ok,
11_matrix_mpi,pipeline R=56 2x28x1 s1,pipeline,64,1,0,1,56,1,128,128,128,10,2,28,1,47.635,20.300,15.325,14.641,8.652,1.999,4.844,1.071,0.553,0.000,0.550,116.296,34.1,,,4.448,cpu04,ok,
11_matrix_mpi,pipeline R=56 4x1x14 s1,pipeline,64,1,0,1,56,1,128,128,128,10,4,1,14,42.002,12.174,18.342,6.850,8.678,2.626,1.025,1.804,0.654,0.000,2.023,102.544,32.4,,,3.736,cpu04,ok,
11_matrix_mpi,pipeline R=56 4x2x7 s1,pipeline,64,1,0,1,56,1,128,128,128,10,4,2,7,40.623,10.654,16.857,6.693,7.867,2.541,1.058,1.440,0.523,0.000,3.644,104.398,32.4,,,3.741,cpu04,ok,
11_matrix_mpi,pipeline R=56 4x7x2 s1,pipeline,64,1,0,1,56,1,128,128,128,10,4,7,2,41.450,12.351,15.828,9.009,7.130,2.232,2.096,1.311,0.501,0.000,3.343,106.522,32.4,,,3.897,cpu04,ok,
11_matrix_mpi,pipeline R=56 4x14x1 s1,pipeline,64,1,0,1,56,1,128,128,128,10,4,14,1,45.568,13.634,16.860,9.814,8.141,2.372,2.339,1.192,0.707,0.000,4.143,111.249,32.4,,,4.484,cpu04,ok,
11_matrix_mpi,pipeline R=56 7x1x8 s1,pipeline,64,1,0,1,56,1,128,128,128,10,7,1,8,42.552,12.750,16.917,7.424,8.920,3.078,0.915,1.755,0.642,0.000,2.901,109.353,32.4,,,4.035,cpu04,ok,
11_matrix_mpi,pipeline R=56 7x2x4 s1,pipeline,64,1,0,1,56,1,128,128,128,10,7,2,4,41.349,12.682,16.151,7.938,8.342,3.196,1.089,1.424,0.555,0.000,2.654,106.262,32.4,,,3.722,cpu04,ok,
11_matrix_mpi,pipeline R=56 7x4x2 s1,pipeline,64,1,0,1,56,1,128,128,128,10,7,4,2,41.469,12.595,15.728,8.077,7.946,3.371,1.137,1.171,0.737,0.000,3.302,106.571,32.4,,,3.836,cpu04,ok,
11_matrix_mpi,pipeline R=56 7x8x1 s1,pipeline,64,1,0,1,56,1,128,128,128,10,7,8,1,44.202,13.715,15.479,10.022,7.986,3.497,1.711,1.039,0.665,0.000,3.803,113.594,32.4,,,3.894,cpu04,ok,
11_matrix_mpi,pipeline R=56 8x1x7 s1,pipeline,64,1,0,1,56,1,128,128,128,10,8,1,7,41.933,12.027,16.327,7.460,8.585,4.077,0.937,1.406,0.766,0.000,2.375,107.764,32.4,,,3.899,cpu04,ok,
11_matrix_mpi,pipeline R=56 8x7x1 s1,pipeline,64,1,0,1,56,1,128,128,128,10,8,7,1,44.326,12.801,15.530,9.229,8.283,3.618,1.508,1.203,0.946,0.000,4.009,113.914,32.4,,,3.953,cpu04,ok,
11_matrix_mpi,pipeline R=56 14x1x4 s1,pipeline,64,1,0,1,56,1,128,128,128,10,14,1,4,46.780,14.388,18.079,8.175,10.031,5.682,0.993,1.547,0.958,0.000,1.315,114.209,32.4,,,4.159,cpu04,ok,
11_matrix_mpi,pipeline R=56 14x2x2 s1,pipeline,64,1,0,1,56,1,128,128,128,10,14,2,2,47.033,15.229,18.183,8.514,9.843,5.708,1.143,1.597,0.994,0.000,1.051,114.827,32.4,,,4.284,cpu04,ok,
11_matrix_mpi,pipeline R=56 14x4x1 s1,pipeline,64,1,0,1,56,1,128,128,128,10,14,4,1,47.359,13.677,17.851,10.458,8.855,4.657,1.214,1.355,0.887,0.000,2.082,115.623,32.4,,,4.644,cpu04,ok,
11_matrix_mpi,pipeline R=56 28x1x2 s1,pipeline,64,1,0,1,56,1,128,128,128,10,28,1,2,56.316,26.118,21.637,12.522,10.330,11.286,1.104,2.352,1.031,0.000,-3.946,137.490,34.1,,,5.761,cpu04,ok,
11_matrix_mpi,pipeline R=56 28x2x1 s1,pipeline,64,1,0,1,56,1,128,128,128,10,28,2,1,57.996,26.699,21.592,13.284,8.104,12.240,1.343,2.461,0.876,0.000,-1.904,141.593,34.1,,,5.770,cpu04,ok,
11_matrix_mpi,pipeline R=56 56x1x1 s1,pipeline,64,1,0,1,56,1,128,128,128,10,56,1,1,78.490,31.527,29.629,15.068,12.073,10.880,1.151,1.875,2.436,0.000,5.378,159.689,37.6,,,8.929,cpu04,ok,
11_matrix_mpi,cubo schur blocco 96^3 seriale,schur,64,1,0,0,1,1,96,96,96,10,1,1,1,156.825,0.000,90.105,14.304,18.586,12.072,10.291,10.441,1.025,0.000,0.001,17.726,107.6,,,35.215,cpu04,ok,riferimento a blocco locale
11_matrix_mpi,cubo schur blocco 96^3 T(1),schur,64,1,0,1,1,1,96,96,96,10,1,1,1,159.785,0.000,91.688,14.970,18.945,12.147,10.298,10.579,1.151,0.000,0.007,18.060,128.6,,,36.457,cpu04,ok,riferimento a blocco locale
11_matrix_mpi,cubo pipeline blocco 96^3 seriale,pipeline,64,1,0,0,1,1,96,96,96,10,1,1,1,277.093,0.000,166.347,29.134,35.691,17.797,13.718,13.363,1.043,0.000,0.000,31.319,147.9,,,37.167,cpu04,ok,riferimento a blocco locale
11_matrix_mpi,cubo pipeline blocco 96^3 T(1),pipeline,64,1,0,1,1,1,96,96,96,10,1,1,1,286.669,0.000,169.671,30.258,39.562,18.801,13.505,13.571,1.297,0.000,0.004,32.402,168.9,,,38.622,cpu04,ok,riferimento a blocco locale
11_matrix_mpi,cubo schur R=1 1x1x1,schur,64,1,0,1,1,1,96,96,96,10,1,1,1,160.161,0.000,91.613,15.166,19.113,12.200,10.304,10.595,1.164,0.000,0.006,18.103,128.6,,,36.132,cpu04,ok,blocco locale 96^3; globale al seguito
11_matrix_mpi,cubo schur R=2 1x1x2,schur,64,1,0,1,2,1,96,96,192,10,1,1,2,268.347,7.959,97.109,16.616,110.237,14.932,12.266,15.215,1.861,0.000,0.111,30.331,131.2,,,40.955,cpu04,ok,blocco locale 96^3; globale al seguito
11_matrix_mpi,cubo schur R=2 1x2x1,schur,64,1,0,1,2,1,96,192,96,10,1,2,1,290.249,5.305,97.906,121.872,26.417,14.737,13.443,12.775,1.703,0.000,1.396,32.806,129.5,,,41.875,cpu04,ok,blocco locale 96^3; globale al seguito
11_matrix_mpi,cubo schur R=2 2x1x1,schur,64,1,0,1,2,1,192,96,96,10,2,1,1,217.849,12.792,128.350,17.507,25.760,15.236,12.254,13.035,1.549,0.000,4.158,24.623,131.2,,,43.252,cpu04,ok,blocco locale 96^3; globale al seguito
11_matrix_mpi,cubo schur R=4 1x1x4,schur,64,1,0,1,4,1,96,96,384,10,1,1,4,326.839,36.289,105.265,18.841,152.376,16.502,13.042,19.282,2.482,0.000,-0.951,36.942,131.2,,,46.436,cpu04,ok,blocco locale 96^3; globale al seguito
11_matrix_mpi,cubo schur R=4 1x2x2,schur,64,1,0,1,4,1,96,192,192,10,1,2,2,414.699,10.873,102.903,135.883,122.836,16.451,14.423,18.837,2.463,0.000,0.903,46.873,130.4,,,44.562,cpu04,ok,blocco locale 96^3; globale al seguito
11_matrix_mpi,cubo schur R=4 1x4x1,schur,64,1,0,1,4,1,96,384,96,10,1,4,1,349.127,37.915,102.797,163.148,32.176,16.647,14.992,17.365,2.404,0.000,-0.402,39.461,130.4,,,44.371,cpu04,ok,blocco locale 96^3; globale al seguito
11_matrix_mpi,cubo schur R=4 2x1x2,schur,64,1,0,1,4,1,192,96,192,10,2,1,2,339.575,24.118,136.899,18.694,124.532,17.660,13.148,18.878,2.475,0.000,7.289,38.382,132.1,,,48.609,cpu04,ok,blocco locale 96^3; globale al seguito
11_matrix_mpi,cubo schur R=4 2x2x1,schur,64,1,0,1,4,1,192,192,96,10,2,2,1,361.571,25.263,138.693,136.192,30.467,17.526,14.335,17.315,2.404,0.000,4.639,40.868,132.1,,,48.723,cpu04,ok,blocco locale 96^3; globale al seguito
11_matrix_mpi,cubo schur R=4 4x1x1,schur,64,1,0,1,4,1,384,96,96,10,4,1,1,260.878,39.262,152.974,18.546,30.106,17.871,13.807,17.618,2.272,0.000,7.684,29.487,131.2,,,50.733,cpu04,ok,blocco locale 96^3; globale al seguito
11_matrix_mpi,cubo schur R=7 1x1x7,schur,64,1,0,1,7,1,96,96,672,10,1,1,7,346.119,39.765,106.625,20.426,161.598,18.621,13.516,21.158,4.953,0.000,-0.778,39.121,132.1,,,46.429,cpu04,ok,blocco locale 96^3; globale al seguito
11_matrix_mpi,cubo schur R=7 1x7x1,schur,64,1,0,1,7,1,96,672,96,10,1,7,1,373.746,42.083,107.009,171.660,32.740,18.878,18.843,18.610,4.765,0.000,1.241,42.244,130.4,,,47.381,cpu04,ok,blocco locale 96^3; globale al seguito
11_matrix_mpi,cubo schur R=7 7x1x1,schur,64,1,0,1,7,1,672,96,96,10,7,1,1,291.906,50.076,167.466,21.684,35.539,22.726,13.976,18.879,4.404,0.000,7.232,32.994,131.2,,,52.916,cpu04,ok,blocco locale 96^3; globale al seguito
11_matrix_mpi,cubo schur R=8 1x1x8,schur,64,1,0,1,8,1,96,96,768,10,1,1,8,350.982,39.802,106.423,23.799,161.740,19.317,13.563,21.478,6.019,0.000,-1.357,39.671,131.2,,,45.749,cpu04,ok,blocco locale 96^3; globale al seguito
11_matrix_mpi,cubo schur R=8 1x2x4,schur,64,1,0,1,8,1,96,192,384,10,1,2,4,466.917,45.038,108.779,141.830,157.241,19.005,15.344,22.149,5.793,0.000,-3.224,52.775,132.1,,,48.455,cpu04,ok,blocco locale 96^3; globale al seguito
11_matrix_mpi,cubo schur R=8 1x4x2,schur,64,1,0,1,8,1,96,384,192,10,1,4,2,466.393,42.183,108.944,169.889,124.711,19.291,15.698,20.945,6.203,0.000,0.712,52.715,131.2,,,48.459,cpu04,ok,blocco locale 96^3; globale al seguito
11_matrix_mpi,cubo schur R=8 1x8x1,schur,64,1,0,1,8,1,96,768,96,10,1,8,1,379.672,41.191,107.294,173.160,37.056,18.786,19.817,18.581,5.845,0.000,-0.867,42.914,131.2,,,47.509,cpu04,ok,blocco locale 96^3; globale al seguito
11_matrix_mpi,cubo schur R=8 2x1x4,schur,64,1,0,1,8,1,192,96,384,10,2,1,4,387.026,52.381,142.208,22.368,155.570,20.250,13.565,20.339,5.872,0.000,6.854,43.745,132.1,,,50.568,cpu04,ok,blocco locale 96^3; globale al seguito
11_matrix_mpi,cubo schur R=8 2x2x2,schur,64,1,0,1,8,1,192,192,192,10,2,2,2,477.846,29.532,141.411,142.132,126.960,20.212,14.882,20.835,5.852,0.000,5.562,54.010,131.2,,,50.270,cpu04,ok,blocco locale 96^3; globale al seguito
11_matrix_mpi,cubo schur R=8 2x4x1,schur,64,1,0,1,8,1,192,384,96,10,2,4,1,416.244,57.419,145.442,169.257,34.497,20.311,15.889,18.706,5.866,0.000,6.276,47.047,132.1,,,52.777,cpu04,ok,blocco locale 96^3; globale al seguito
11_matrix_mpi,cubo schur R=8 4x1x2,schur,64,1,0,1,8,1,384,96,192,10,4,1,2,379.369,49.924,160.568,22.526,127.138,21.098,13.639,19.927,5.785,0.000,8.688,42.879,132.1,,,55.162,cpu04,ok,blocco locale 96^3; globale al seguito
11_matrix_mpi,cubo schur R=8 4x2x1,schur,64,1,0,1,8,1,384,192,96,10,4,2,1,406.971,48.685,162.213,142.148,35.074,21.081,15.017,18.678,5.765,0.000,6.995,45.999,132.1,,,55.165,cpu04,ok,blocco locale 96^3; globale al seguito
11_matrix_mpi,cubo schur R=8 8x1x1,schur,64,1,0,1,8,1,768,96,96,10,8,1,1,298.998,52.592,170.357,23.526,36.688,25.296,13.815,18.692,5.600,0.000,5.024,33.795,131.2,,,52.747,cpu04,ok,blocco locale 96^3; globale al seguito
11_matrix_mpi,cubo schur R=14 1x1x14,schur,64,1,0,1,14,1,96,96,1344,10,1,1,14,402.366,58.220,121.230,29.335,178.610,23.920,14.451,26.425,12.121,0.000,-3.726,45.479,132.1,,,54.457,cpu04,ok,blocco locale 96^3; globale al seguito
11_matrix_mpi,cubo schur R=14 1x2x7,schur,64,1,0,1,14,1,96,192,672,10,1,2,7,519.746,51.036,118.906,147.666,177.904,24.758,16.775,22.994,11.936,0.000,-1.193,58.746,132.1,,,52.709,cpu04,ok,blocco locale 96^3; globale al seguito
11_matrix_mpi,cubo schur R=14 1x7x2,schur,64,1,0,1,14,1,96,672,192,10,1,7,2,516.821,55.088,119.334,184.616,134.540,24.412,21.272,21.457,11.754,0.000,-0.564,58.415,131.2,,,53.441,cpu04,ok,blocco locale 96^3; globale al seguito
11_matrix_mpi,cubo schur R=14 1x14x1,schur,64,1,0,1,14,1,96,1344,96,10,1,14,1,448.859,52.547,119.686,198.778,52.299,24.000,24.252,19.208,11.712,0.000,-1.076,50.734,131.2,,,53.807,cpu04,ok,blocco locale 96^3; globale al seguito
11_matrix_mpi,cubo schur R=14 2x1x7,schur,64,1,0,1,14,1,192,96,672,10,2,1,7,437.163,59.185,153.331,28.613,168.686,26.757,14.838,23.624,11.131,0.000,10.183,49.412,132.1,,,53.709,cpu04,ok,blocco locale 96^3; globale al seguito
11_matrix_mpi,cubo schur R=14 2x7x1,schur,64,1,0,1,14,1,192,672,96,10,2,7,1,482.003,63.120,155.983,186.903,53.534,25.427,23.241,19.089,11.720,0.000,6.106,54.480,132.1,,,55.827,cpu04,ok,blocco locale 96^3; globale al seguito
11_matrix_mpi,cubo schur R=14 7x1x2,schur,64,1,0,1,14,1,672,96,192,10,7,1,2,434.706,62.101,184.026,28.348,134.045,30.576,14.534,22.927,11.166,0.000,9.084,49.134,132.1,,,58.394,cpu04,ok,blocco locale 96^3; globale al seguito
11_matrix_mpi,cubo schur R=14 7x2x1,schur,64,1,0,1,14,1,672,192,96,10,7,2,1,476.684,63.931,186.903,149.775,52.396,28.900,16.804,19.131,11.409,0.000,11.366,53.879,132.1,,,59.632,cpu04,ok,blocco locale 96^3; globale al seguito
11_matrix_mpi,cubo schur R=14 14x1x1,schur,64,1,0,1,14,1,1344,96,96,10,14,1,1,370.122,70.428,198.447,29.438,53.316,35.806,14.421,19.064,11.248,0.000,8.382,41.834,132.1,,,60.131,cpu04,ok,blocco locale 96^3; globale al seguito
11_matrix_mpi,cubo schur R=28 1x1x28,schur,64,1,0,1,28,1,96,96,2688,10,1,1,28,562.521,82.137,147.302,54.225,247.968,40.418,17.405,36.357,24.669,0.000,-5.823,63.581,132.1,,,66.604,cpu04,ok,blocco locale 96^3; globale al seguito
11_matrix_mpi,cubo schur R=28 1x2x14,schur,64,1,0,1,28,1,96,192,1344,10,1,2,14,671.540,91.506,144.365,177.812,235.694,40.658,21.066,30.088,24.760,0.000,-2.903,75.903,133.0,,,63.038,cpu04,ok,blocco locale 96^3; globale al seguito
11_matrix_mpi,cubo schur R=28 1x4x7,schur,64,1,0,1,28,1,96,384,672,10,1,4,7,703.194,126.939,160.509,228.076,225.208,40.669,24.775,27.543,25.091,0.000,-28.677,79.481,133.0,,,67.133,cpu04,ok,blocco locale 96^3; globale al seguito
11_matrix_mpi,cubo schur R=28 1x7x4,schur,64,1,0,1,28,1,96,672,384,10,1,7,4,700.437,130.981,155.879,239.525,205.411,39.099,27.554,26.278,24.414,0.000,-17.723,79.169,132.1,,,64.695,cpu04,ok,blocco locale 96^3; globale al seguito
11_matrix_mpi,cubo schur R=28 1x14x2,schur,64,1,0,1,28,1,96,1344,192,10,1,14,2,671.953,95.672,142.539,249.610,166.949,37.498,33.109,25.296,24.321,0.000,-7.369,75.950,132.1,,,60.889,cpu04,ok,blocco locale 96^3; globale al seguito
11_matrix_mpi,cubo schur R=28 1x28x1,schur,64,1,0,1,28,1,96,2688,96,10,1,28,1,618.950,84.522,144.951,268.274,86.418,38.634,38.087,23.219,24.914,0.000,-5.547,69.959,131.2,,,61.292,cpu04,ok,blocco locale 96^3; globale al seguito
11_matrix_mpi,cubo schur R=28 2x1x14,schur,64,1,0,1,28,1,192,96,1344,10,2,1,14,606.287,100.357,194.042,53.829,233.244,42.974,17.969,31.171,24.235,0.000,8.823,68.527,133.0,,,70.276,cpu04,ok,blocco locale 96^3; globale al seguito
11_matrix_mpi,cubo schur R=28 2x2x7,schur,64,1,0,1,28,1,192,192,672,10,2,2,7,711.826,102.801,194.081,181.716,212.091,43.044,22.301,29.546,22.949,0.000,6.098,80.456,132.1,,,69.464,cpu04,ok,blocco locale 96^3; globale al seguito
11_matrix_mpi,cubo schur R=28 2x7x2,schur,64,1,0,1,28,1,192,672,192,10,2,7,2,713.583,106.520,192.808,229.869,158.309,41.375,28.628,26.443,23.894,0.000,12.257,80.655,133.0,,,67.763,cpu04,ok,blocco locale 96^3; globale al seguito
11_matrix_mpi,cubo schur R=28 2x14x1,schur,64,1,0,1,28,1,192,1344,96,10,2,14,1,650.263,104.171,187.019,245.911,84.415,40.816,35.330,23.326,23.497,0.000,9.949,73.498,133.0,,,63.475,cpu04,ok,blocco locale 96^3; globale al seguito
11_matrix_mpi,cubo schur R=28 4x1x7,schur,64,1,0,1,28,1,384,96,672,10,4,1,7,605.712,112.987,213.176,55.124,210.623,44.338,17.561,27.027,24.663,0.000,13.200,68.462,132.1,,,69.863,cpu04,ok,blocco locale 96^3; globale al seguito
11_matrix_mpi,cubo schur R=28 4x7x1,schur,64,1,0,1,28,1,384,672,96,10,4,7,1,667.597,138.318,217.948,236.918,85.869,39.655,35.978,22.869,23.873,0.000,4.487,75.457,133.0,,,69.073,cpu04,ok,blocco locale 96^3; globale al seguito
11_matrix_mpi,cubo schur R=28 7x1x4,schur,64,1,0,1,28,1,672,96,384,10,7,1,4,607.376,121.896,235.161,53.069,200.890,45.193,17.465,25.502,23.913,0.000,6.183,68.651,132.1,,,71.971,cpu04,ok,blocco locale 96^3; globale al seguito
11_matrix_mpi,cubo schur R=28 7x2x2,schur,64,1,0,1,28,1,672,192,192,10,7,2,2,698.115,105.946,238.434,177.712,158.424,43.808,21.189,25.250,24.097,0.000,9.201,78.907,132.1,,,75.435,cpu04,ok,blocco locale 96^3; globale al seguito
11_matrix_mpi,cubo schur R=28 7x4x1,schur,64,1,0,1,28,1,672,384,96,10,7,4,1,658.501,132.948,228.383,220.224,81.763,45.561,26.531,23.341,23.551,0.000,9.147,74.429,133.0,,,70.690,cpu04,ok,blocco locale 96^3; globale al seguito
11_matrix_mpi,cubo schur R=28 14x1x2,schur,64,1,0,1,28,1,1344,96,192,10,14,1,2,588.145,103.051,242.339,54.222,163.354,54.401,18.376,27.423,23.767,0.000,4.263,66.477,132.1,,,69.833,cpu04,ok,blocco locale 96^3; globale al seguito
11_matrix_mpi,cubo schur R=28 14x2x1,schur,64,1,0,1,28,1,1344,192,96,10,14,2,1,644.344,115.480,249.910,177.007,85.467,51.876,23.992,23.799,22.486,0.000,9.807,72.829,133.0,,,76.733,cpu04,ok,blocco locale 96^3; globale al seguito
11_matrix_mpi,cubo schur R=28 28x1x1,schur,64,1,0,1,28,1,2688,96,96,10,28,1,1,557.642,99.622,280.426,55.613,87.438,59.351,18.479,23.373,23.420,0.000,9.542,63.029,133.0,,,83.304,cpu04,ok,blocco locale 96^3; globale al seguito
11_matrix_mpi,cubo schur R=56 1x1x56,schur,64,1,0,1,56,1,96,96,5376,10,1,1,56,721.348,176.048,155.496,73.609,344.821,60.362,20.686,60.396,35.880,0.000,-29.902,81.533,133.9,,,73.324,cpu04,ok,blocco locale 96^3; globale al seguito
11_matrix_mpi,cubo schur R=56 1x2x28,schur,64,1,0,1,56,1,96,192,2688,10,1,2,28,754.736,137.838,149.629,189.287,257.413,59.105,31.411,41.433,29.785,0.000,-3.327,85.306,133.9,,,67.383,cpu04,ok,blocco locale 96^3; globale al seguito
11_matrix_mpi,cubo schur R=56 1x4x14,schur,64,1,0,1,56,1,96,384,1344,10,1,4,14,780.656,193.974,152.917,241.480,237.278,59.179,34.650,37.294,30.974,0.000,-13.116,88.236,133.9,,,69.849,cpu04,ok,blocco locale 96^3; globale al seguito
11_matrix_mpi,cubo schur R=56 1x7x8,schur,64,1,0,1,56,1,96,672,768,10,1,7,8,775.698,180.364,157.705,259.746,224.142,57.925,42.917,34.961,30.552,0.000,-32.250,87.676,133.0,,,68.779,cpu04,ok,blocco locale 96^3; globale al seguito
11_matrix_mpi,cubo schur R=56 1x8x7,schur,64,1,0,1,56,1,96,768,672,10,1,8,7,774.659,196.713,159.471,258.416,227.532,52.593,76.972,34.492,33.305,0.000,-68.122,87.558,133.9,,,68.852,cpu04,ok,blocco locale 96^3; globale al seguito
11_matrix_mpi,cubo schur R=56 1x14x4,schur,64,1,0,1,56,1,96,1344,384,10,1,14,4,771.435,187.354,162.838,272.037,210.074,50.883,61.918,31.273,34.060,0.000,-51.648,87.194,133.0,,,70.694,cpu04,ok,blocco locale 96^3; globale al seguito
11_matrix_mpi,cubo schur R=56 1x28x2,schur,64,1,0,1,56,1,96,2688,192,10,1,28,2,775.916,179.811,153.207,303.204,175.457,47.500,73.474,29.235,34.458,0.000,-40.619,87.700,132.1,,,68.270,cpu04,ok,blocco locale 96^3; globale al seguito
11_matrix_mpi,cubo schur R=56 1x56x1,schur,64,1,0,1,56,1,96,5376,96,10,1,56,1,798.524,205.536,160.850,361.157,131.223,49.806,80.662,29.056,33.372,0.000,-47.602,90.256,132.1,,,69.741,cpu04,ok,blocco locale 96^3; globale al seguito
11_matrix_mpi,cubo schur R=56 2x1x28,schur,64,1,0,1,56,1,192,96,2688,10,2,1,28,705.390,152.818,197.963,76.845,254.797,60.325,21.197,47.527,27.143,0.000,19.593,79.729,133.9,,,67.982,cpu04,ok,blocco locale 96^3; globale al seguito
11_matrix_mpi,cubo schur R=56 2x2x14,schur,64,1,0,1,56,1,192,192,1344,10,2,2,14,775.763,142.879,195.308,182.877,229.854,59.614,25.099,38.704,27.656,0.000,16.651,87.683,133.0,,,64.659,cpu04,ok,blocco locale 96^3; globale al seguito
11_matrix_mpi,cubo schur R=56 2x4x7,schur,64,1,0,1,56,1,192,384,672,10,2,4,7,812.269,177.779,195.290,223.162,225.524,61.064,29.275,33.239,27.391,0.000,17.324,91.809,133.9,,,66.132,cpu04,ok,blocco locale 96^3; globale al seguito
11_matrix_mpi,cubo schur R=56 2x7x4,schur,64,1,0,1,56,1,192,672,384,10,2,7,4,811.586,177.170,197.106,235.318,206.849,58.300,33.059,31.745,26.326,0.000,22.883,91.732,133.9,,,66.148,cpu04,ok,blocco locale 96^3; globale al seguito
11_matrix_mpi,cubo schur R=56 2x14x2,schur,64,1,0,1,56,1,192,1344,192,10,2,14,2,789.927,156.674,202.312,258.967,164.651,57.567,36.937,31.057,28.126,0.000,10.310,89.284,133.9,,,64.660,cpu04,ok,blocco locale 96^3; globale al seguito
11_matrix_mpi,cubo schur R=56 2x28x1,schur,64,1,0,1,56,1,192,2688,96,10,2,28,1,750.429,177.762,193.221,281.693,102.399,55.925,47.763,30.218,26.653,0.000,12.557,84.820,133.9,,,66.042,cpu04,ok,blocco locale 96^3; globale al seguito
11_matrix_mpi,cubo schur R=56 4x1x14,schur,64,1,0,1,56,1,384,96,1344,10,4,1,14,706.705,154.151,229.832,78.265,237.253,62.065,20.768,36.320,32.227,0.000,9.975,79.877,133.9,,,70.191,cpu04,ok,blocco locale 96^3; globale al seguito
11_matrix_mpi,cubo schur R=56 4x2x7,schur,64,1,0,1,56,1,384,192,672,10,4,2,7,791.647,157.564,224.427,180.286,220.358,61.903,25.480,32.368,30.557,0.000,16.268,89.478,133.9,,,69.029,cpu04,ok,blocco locale 96^3; globale al seguito
11_matrix_mpi,cubo schur R=56 4x7x2,schur,64,1,0,1,56,1,384,672,192,10,4,7,2,798.298,179.294,225.485,234.586,167.142,55.954,37.351,31.334,27.677,0.000,18.769,90.230,133.9,,,78.367,cpu04,ok,blocco locale 96^3; globale al seguito
11_matrix_mpi,cubo schur R=56 4x14x1,schur,64,1,0,1,56,1,384,1344,96,10,4,14,1,754.061,188.771,224.562,256.383,101.976,59.684,35.781,29.605,26.158,0.000,19.912,85.230,133.9,,,74.851,cpu04,ok,blocco locale 96^3; globale al seguito
11_matrix_mpi,cubo schur R=56 7x1x8,schur,64,1,0,1,56,1,672,96,768,10,7,1,8,702.494,160.366,243.022,79.573,226.012,68.850,20.942,36.864,27.497,0.000,-0.266,79.402,133.0,,,70.256,cpu04,ok,blocco locale 96^3; globale al seguito
11_matrix_mpi,cubo schur R=56 7x2x4,schur,64,1,0,1,56,1,672,192,384,10,7,2,4,788.408,178.390,239.068,179.898,200.160,73.287,27.163,33.588,29.818,0.000,5.426,89.112,133.0,,,69.248,cpu04,ok,blocco locale 96^3; globale al seguito
11_matrix_mpi,cubo schur R=56 7x4x2,schur,64,1,0,1,56,1,672,384,192,10,7,4,2,794.472,193.167,239.359,219.776,165.564,70.068,29.155,32.350,25.875,0.000,12.325,89.798,133.0,,,69.373,cpu04,ok,blocco locale 96^3; globale al seguito
11_matrix_mpi,cubo schur R=56 7x8x1,schur,64,1,0,1,56,1,672,768,96,10,7,8,1,757.099,197.277,237.340,240.542,110.668,68.461,36.549,30.411,26.525,0.000,6.603,85.573,133.0,,,74.494,cpu04,ok,blocco locale 96^3; globale al seguito
11_matrix_mpi,cubo schur R=56 8x1x7,schur,64,1,0,1,56,1,768,96,672,10,8,1,7,699.988,174.233,245.951,79.911,217.915,84.265,21.296,33.985,29.774,0.000,-13.109,79.118,133.9,,,69.232,cpu04,ok,blocco locale 96^3; globale al seguito
11_matrix_mpi,cubo schur R=56 8x7x1,schur,64,1,0,1,56,1,768,672,96,10,8,7,1,751.368,208.336,241.647,243.699,102.060,101.248,33.952,30.667,25.538,0.000,-27.443,84.926,133.9,,,66.980,cpu04,ok,blocco locale 96^3; globale al seguito
11_matrix_mpi,cubo schur R=56 14x1x4,schur,64,1,0,1,56,1,1344,96,384,10,14,1,4,699.460,175.322,256.936,80.922,211.786,82.032,21.615,31.254,31.666,0.000,-16.751,79.059,133.0,,,69.542,cpu04,ok,blocco locale 96^3; globale al seguito
11_matrix_mpi,cubo schur R=56 14x2x2,schur,64,1,0,1,56,1,1344,192,192,10,14,2,2,771.019,155.104,260.476,179.169,173.349,96.616,25.805,30.640,33.273,0.000,-28.309,87.147,133.9,,,67.353,cpu04,ok,blocco locale 96^3; globale al seguito
11_matrix_mpi,cubo schur R=56 14x4x1,schur,64,1,0,1,56,1,1344,384,96,10,14,4,1,744.942,190.838,257.652,227.799,99.521,104.265,29.871,31.248,26.203,0.000,-31.617,84.199,133.0,,,71.994,cpu04,ok,blocco locale 96^3; globale al seguito
11_matrix_mpi,cubo schur R=56 28x1x2,schur,64,1,0,1,56,1,2688,96,192,10,28,1,2,696.248,153.803,288.469,80.044,170.906,89.612,22.233,31.573,32.829,0.000,-19.418,78.696,133.0,,,65.635,cpu04,ok,blocco locale 96^3; globale al seguito
11_matrix_mpi,cubo schur R=56 28x2x1,schur,64,1,0,1,56,1,2688,192,96,10,28,2,1,752.865,185.600,301.276,188.315,106.523,106.529,27.075,30.457,29.324,0.000,-36.634,85.095,133.0,,,81.716,cpu04,ok,blocco locale 96^3; globale al seguito
11_matrix_mpi,cubo schur R=56 56x1x1,schur,64,1,0,1,56,1,5376,96,96,10,56,1,1,752.582,201.794,377.682,88.512,119.520,107.307,21.924,29.291,29.282,0.000,-20.936,85.063,133.0,,,80.410,cpu04,ok,blocco locale 96^3; globale al seguito
11_matrix_mpi,cubo pipeline R=1 1x1x1,pipeline,64,1,0,1,1,1,96,96,96,10,1,1,1,294.846,0.000,174.689,31.584,41.152,19.055,13.545,13.597,1.221,0.000,0.003,33.326,168.9,,,38.068,cpu04,ok,blocco locale 96^3; globale al seguito
11_matrix_mpi,cubo pipeline R=2 1x1x2,pipeline,64,1,0,1,2,1,96,96,192,10,1,1,2,329.793,8.363,186.070,37.049,51.507,23.064,14.407,15.044,2.024,0.000,0.628,37.276,169.8,,,41.696,cpu04,ok,blocco locale 96^3; globale al seguito
11_matrix_mpi,cubo pipeline R=2 1x2x1,pipeline,64,1,0,1,2,1,96,192,96,10,1,2,1,333.637,9.406,185.601,41.930,49.586,23.216,15.296,14.449,2.032,0.000,1.527,37.710,169.8,,,42.220,cpu04,ok,blocco locale 96^3; globale al seguito
11_matrix_mpi,cubo pipeline R=2 2x1x1,pipeline,64,1,0,1,2,1,192,96,96,10,2,1,1,336.557,18.661,187.012,37.574,50.042,24.315,14.363,14.445,2.065,0.000,6.741,38.040,170.6,,,45.255,cpu04,ok,blocco locale 96^3; globale al seguito
11_matrix_mpi,cubo pipeline R=4 1x1x4,pipeline,64,1,0,1,4,1,96,96,384,10,1,1,4,360.681,10.924,197.257,43.379,57.464,25.756,15.421,16.713,2.685,0.000,2.006,40.767,171.5,,,44.563,cpu04,ok,blocco locale 96^3; globale al seguito
11_matrix_mpi,cubo pipeline R=4 1x2x2,pipeline,64,1,0,1,4,1,96,192,192,10,1,2,2,368.486,15.270,199.478,47.661,55.962,25.851,16.194,16.456,2.649,0.000,4.235,41.649,171.5,,,45.694,cpu04,ok,blocco locale 96^3; globale al seguito
11_matrix_mpi,cubo pipeline R=4 1x4x1,pipeline,64,1,0,1,4,1,96,384,96,10,1,4,1,368.847,17.584,199.933,49.297,54.966,26.196,16.948,16.031,2.649,0.000,2.827,41.690,169.8,,,44.827,cpu04,ok,blocco locale 96^3; globale al seguito
11_matrix_mpi,cubo pipeline R=4 2x1x2,pipeline,64,1,0,1,4,1,192,96,192,10,2,1,2,370.285,24.225,201.705,42.547,56.751,26.815,15.476,16.437,2.662,0.000,7.892,41.853,170.6,,,49.496,cpu04,ok,blocco locale 96^3; globale al seguito
11_matrix_mpi,cubo pipeline R=4 2x2x1,pipeline,64,1,0,1,4,1,192,192,96,10,2,2,1,378.401,27.812,204.037,47.888,55.396,27.013,16.386,15.950,2.660,0.000,9.071,42.770,171.5,,,50.597,cpu04,ok,blocco locale 96^3; globale al seguito
11_matrix_mpi,cubo pipeline R=4 4x1x1,pipeline,64,1,0,1,4,1,384,96,96,10,4,1,1,380.310,30.895,211.315,42.655,54.355,27.454,15.517,15.820,2.640,0.000,10.554,42.986,171.5,,,53.803,cpu04,ok,blocco locale 96^3; globale al seguito
11_matrix_mpi,cubo pipeline R=7 1x1x7,pipeline,64,1,0,1,7,1,96,96,672,10,1,1,7,396.932,20.818,208.104,48.281,68.768,28.675,17.082,18.948,4.958,0.000,2.116,44.864,172.4,,,49.454,cpu04,ok,blocco locale 96^3; globale al seguito
11_matrix_mpi,cubo pipeline R=7 1x7x1,pipeline,64,1,0,1,7,1,96,672,96,10,1,7,1,394.936,19.223,206.782,53.734,61.942,28.656,18.736,16.735,4.895,0.000,3.456,44.639,169.8,,,49.031,cpu04,ok,blocco locale 96^3; globale al seguito
11_matrix_mpi,cubo pipeline R=7 7x1x1,pipeline,64,1,0,1,7,1,672,96,96,10,7,1,1,409.609,37.558,221.322,48.710,59.559,31.680,16.304,17.037,4.848,0.000,10.149,46.297,171.5,,,54.547,cpu04,ok,blocco locale 96^3; globale al seguito
11_matrix_mpi,cubo pipeline R=8 1x1x8,pipeline,64,1,0,1,8,1,96,96,768,10,1,1,8,400.667,16.573,207.283,52.322,68.182,29.972,16.431,19.011,5.931,0.000,1.535,45.287,171.5,,,47.870,cpu04,ok,blocco locale 96^3; globale al seguito
11_matrix_mpi,cubo pipeline R=8 1x2x4,pipeline,64,1,0,1,8,1,96,192,384,10,1,2,4,408.852,26.835,210.427,58.251,66.684,29.648,17.357,18.250,6.050,0.000,2.185,46.212,171.5,,,49.258,cpu04,ok,blocco locale 96^3; globale al seguito
11_matrix_mpi,cubo pipeline R=8 1x4x2,pipeline,64,1,0,1,8,1,96,384,192,10,1,4,2,407.849,27.436,208.768,58.018,64.735,29.892,17.943,17.891,6.016,0.000,4.586,46.098,170.6,,,48.611,cpu04,ok,blocco locale 96^3; globale al seguito
11_matrix_mpi,cubo pipeline R=8 1x8x1,pipeline,64,1,0,1,8,1,96,768,96,10,1,8,1,403.053,21.944,206.880,59.566,61.374,29.615,18.105,17.157,5.833,0.000,4.523,45.556,171.5,,,48.166,cpu04,ok,blocco locale 96^3; globale al seguito
11_matrix_mpi,cubo pipeline R=8 2x1x4,pipeline,64,1,0,1,8,1,192,96,384,10,2,1,4,409.544,31.531,212.359,51.284,64.753,30.899,16.475,18.575,5.567,0.000,9.632,46.290,171.5,,,52.470,cpu04,ok,blocco locale 96^3; globale al seguito
11_matrix_mpi,cubo pipeline R=8 2x2x2,pipeline,64,1,0,1,8,1,192,192,192,10,2,2,2,416.778,37.974,213.833,57.110,64.116,30.653,17.241,17.684,5.992,0.000,10.149,47.108,171.5,,,52.279,cpu04,ok,blocco locale 96^3; globale al seguito
11_matrix_mpi,cubo pipeline R=8 2x4x1,pipeline,64,1,0,1,8,1,192,384,96,10,2,4,1,419.419,38.088,214.221,57.194,62.190,30.922,18.180,17.503,5.881,0.000,13.328,47.406,171.5,,,52.732,cpu04,ok,blocco locale 96^3; globale al seguito
11_matrix_mpi,cubo pipeline R=8 4x1x2,pipeline,64,1,0,1,8,1,384,96,192,10,4,1,2,418.895,39.388,219.511,50.776,62.315,31.828,17.248,20.367,5.031,0.000,11.819,47.347,171.5,,,56.924,cpu04,ok,blocco locale 96^3; globale al seguito
11_matrix_mpi,cubo pipeline R=8 4x2x1,pipeline,64,1,0,1,8,1,384,192,96,10,4,2,1,422.789,43.996,216.562,56.612,61.402,31.657,17.121,17.825,6.525,0.000,15.085,47.787,172.4,,,54.152,cpu04,ok,blocco locale 96^3; globale al seguito
11_matrix_mpi,cubo pipeline R=8 8x1x1,pipeline,64,1,0,1,8,1,768,96,96,10,8,1,1,416.569,37.808,223.140,50.863,61.187,32.852,16.440,17.024,5.794,0.000,9.269,47.084,171.5,,,55.402,cpu04,ok,blocco locale 96^3; globale al seguito
11_matrix_mpi,cubo pipeline R=14 1x1x14,pipeline,64,1,0,1,14,1,96,96,1344,10,1,1,14,479.284,25.496,225.800,72.903,87.286,38.245,19.471,24.201,11.224,0.000,0.154,54.173,172.4,,,52.466,cpu04,ok,blocco locale 96^3; globale al seguito
11_matrix_mpi,cubo pipeline R=14 1x2x7,pipeline,64,1,0,1,14,1,96,192,672,10,1,2,7,487.781,37.316,226.530,78.761,86.560,38.248,20.726,23.149,11.411,0.000,2.396,55.133,172.4,,,53.823,cpu04,ok,blocco locale 96^3; globale al seguito
11_matrix_mpi,cubo pipeline R=14 1x7x2,pipeline,64,1,0,1,14,1,96,672,192,10,1,7,2,485.276,33.259,225.737,80.252,81.988,37.929,21.476,21.228,11.522,0.000,5.144,54.850,171.5,,,54.040,cpu04,ok,blocco locale 96^3; globale al seguito
11_matrix_mpi,cubo pipeline R=14 1x14x1,pipeline,64,1,0,1,14,1,96,1344,96,10,1,14,1,482.523,31.045,225.112,81.960,80.442,37.755,23.230,21.152,11.243,0.000,1.629,54.539,170.6,,,52.572,cpu04,ok,blocco locale 96^3; globale al seguito
11_matrix_mpi,cubo pipeline R=14 2x1x7,pipeline,64,1,0,1,14,1,192,96,672,10,2,1,7,495.477,39.974,233.601,72.979,88.084,38.806,19.385,23.137,11.205,0.000,8.280,56.003,172.4,,,59.135,cpu04,ok,blocco locale 96^3; globale al seguito
11_matrix_mpi,cubo pipeline R=14 2x7x1,pipeline,64,1,0,1,14,1,192,672,96,10,2,7,1,494.139,44.444,226.787,79.277,80.178,38.304,21.744,21.929,11.240,0.000,14.680,55.852,171.5,,,55.007,cpu04,ok,blocco locale 96^3; globale al seguito
11_matrix_mpi,cubo pipeline R=14 7x1x2,pipeline,64,1,0,1,14,1,672,96,192,10,7,1,2,503.538,49.197,240.686,73.072,83.925,42.029,19.519,22.448,11.271,0.000,10.588,56.914,172.4,,,60.092,cpu04,ok,blocco locale 96^3; globale al seguito
11_matrix_mpi,cubo pipeline R=14 7x2x1,pipeline,64,1,0,1,14,1,672,192,96,10,7,2,1,504.266,55.435,237.284,78.038,80.526,41.356,20.521,22.689,11.148,0.000,12.704,56.996,172.4,,,60.611,cpu04,ok,blocco locale 96^3; globale al seguito
11_matrix_mpi,cubo pipeline R=14 14x1x1,pipeline,64,1,0,1,14,1,1344,96,96,10,14,1,1,508.173,48.825,250.649,73.743,80.295,43.165,19.321,21.076,11.036,0.000,8.888,57.438,172.4,,,59.353,cpu04,ok,blocco locale 96^3; globale al seguito
11_matrix_mpi,cubo pipeline R=28 1x1x28,pipeline,64,1,0,1,28,1,96,96,2688,10,1,1,28,758.542,64.794,295.704,136.106,175.956,62.510,33.946,46.070,22.035,0.000,-13.785,85.737,172.4,,,73.478,cpu04,ok,blocco locale 96^3; globale al seguito
11_matrix_mpi,cubo pipeline R=28 1x2x14,pipeline,64,1,0,1,28,1,96,192,1344,10,1,2,14,761.074,85.146,292.387,147.529,168.040,62.697,36.046,43.045,21.704,0.000,-10.374,86.023,172.4,,,71.750,cpu04,ok,blocco locale 96^3; globale al seguito
11_matrix_mpi,cubo pipeline R=28 1x4x7,pipeline,64,1,0,1,28,1,96,384,672,10,1,4,7,766.495,77.622,295.003,149.139,151.943,64.788,37.376,40.409,23.530,0.000,4.307,86.635,172.4,,,77.430,cpu04,ok,blocco locale 96^3; globale al seguito
11_matrix_mpi,cubo pipeline R=28 1x7x4,pipeline,64,1,0,1,28,1,96,672,384,10,1,7,4,763.326,81.513,289.970,149.567,152.109,62.266,39.337,41.800,22.874,0.000,5.403,86.277,172.4,,,71.639,cpu04,ok,blocco locale 96^3; globale al seguito
11_matrix_mpi,cubo pipeline R=28 1x14x2,pipeline,64,1,0,1,28,1,96,1344,192,10,1,14,2,758.391,78.816,288.337,152.638,148.451,61.779,41.194,38.468,22.848,0.000,4.676,85.719,172.4,,,71.066,cpu04,ok,blocco locale 96^3; globale al seguito
11_matrix_mpi,cubo pipeline R=28 1x28x1,pipeline,64,1,0,1,28,1,96,2688,96,10,1,28,1,752.459,65.303,287.491,158.412,146.305,62.333,45.170,40.531,20.809,0.000,-8.592,85.049,171.5,,,69.461,cpu04,ok,blocco locale 96^3; globale al seguito
11_matrix_mpi,cubo pipeline R=28 2x1x14,pipeline,64,1,0,1,28,1,192,96,1344,10,2,1,14,769.979,64.581,296.365,141.368,159.441,64.631,34.936,41.963,22.150,0.000,9.125,87.029,172.4,,,74.641,cpu04,ok,blocco locale 96^3; globale al seguito
11_matrix_mpi,cubo pipeline R=28 2x2x7,pipeline,64,1,0,1,28,1,192,192,672,10,2,2,7,780.850,96.333,294.463,146.382,151.538,65.043,36.923,42.906,21.710,0.000,21.885,88.258,172.4,,,76.683,cpu04,ok,blocco locale 96^3; globale al seguito
11_matrix_mpi,cubo pipeline R=28 2x7x2,pipeline,64,1,0,1,28,1,192,672,192,10,2,7,2,779.043,96.468,293.095,153.367,148.557,64.541,38.748,41.313,21.573,0.000,17.849,88.054,172.4,,,74.915,cpu04,ok,blocco locale 96^3; globale al seguito
11_matrix_mpi,cubo pipeline R=28 2x14x1,pipeline,64,1,0,1,28,1,192,1344,96,10,2,14,1,775.158,93.778,293.199,153.790,145.339,62.611,44.593,41.455,22.494,0.000,11.677,87.615,172.4,,,76.869,cpu04,ok,blocco locale 96^3; globale al seguito
11_matrix_mpi,cubo pipeline R=28 4x1x7,pipeline,64,1,0,1,28,1,384,96,672,10,4,1,7,795.112,86.681,313.382,143.534,151.554,68.661,36.095,44.989,22.104,0.000,14.793,89.870,172.4,,,87.905,cpu04,ok,blocco locale 96^3; globale al seguito
11_matrix_mpi,cubo pipeline R=28 4x7x1,pipeline,64,1,0,1,28,1,384,672,96,10,4,7,1,794.508,106.401,308.607,154.676,145.020,65.024,41.866,43.115,21.880,0.000,14.320,89.802,172.4,,,87.438,cpu04,ok,blocco locale 96^3; globale al seguito
11_matrix_mpi,cubo pipeline R=28 7x1x4,pipeline,64,1,0,1,28,1,672,96,384,10,7,1,4,783.151,80.360,308.075,142.079,151.664,68.733,36.012,40.008,21.566,0.000,15.014,88.518,172.4,,,76.893,cpu04,ok,blocco locale 96^3; globale al seguito
11_matrix_mpi,cubo pipeline R=28 7x2x2,pipeline,64,1,0,1,28,1,672,192,192,10,7,2,2,789.479,106.176,308.807,146.054,152.147,68.277,36.947,39.417,22.340,0.000,15.490,89.233,172.4,,,76.250,cpu04,ok,blocco locale 96^3; globale al seguito
11_matrix_mpi,cubo pipeline R=28 7x4x1,pipeline,64,1,0,1,28,1,672,384,96,10,7,4,1,788.703,100.571,305.382,149.416,144.690,68.838,38.839,37.335,21.948,0.000,22.255,89.146,172.4,,,76.966,cpu04,ok,blocco locale 96^3; globale al seguito
11_matrix_mpi,cubo pipeline R=28 14x1x2,pipeline,64,1,0,1,28,1,1344,96,192,10,14,1,2,788.209,90.256,324.331,139.468,158.196,71.940,36.684,43.639,21.780,0.000,-7.829,89.090,172.4,,,71.594,cpu04,ok,blocco locale 96^3; globale al seguito
11_matrix_mpi,cubo pipeline R=28 14x2x1,pipeline,64,1,0,1,28,1,1344,192,96,10,14,2,1,792.917,112.545,319.002,150.834,145.767,69.749,36.658,43.138,21.094,0.000,6.675,89.622,172.4,,,71.265,cpu04,ok,blocco locale 96^3; globale al seguito
11_matrix_mpi,cubo pipeline R=28 28x1x1,pipeline,64,1,0,1,28,1,2688,96,96,10,28,1,1,805.988,98.658,337.573,143.705,146.658,76.823,35.698,42.334,20.111,0.000,3.086,91.099,172.4,,,78.098,cpu04,ok,blocco locale 96^3; globale al seguito
11_matrix_mpi,cubo pipeline R=56 1x1x56,pipeline,64,1,0,1,56,1,96,96,5376,10,1,1,56,1007.431,213.670,355.824,188.770,303.818,113.765,45.461,93.581,33.930,0.000,-127.718,113.868,173.2,,,80.740,cpu04,ok,blocco locale 96^3; globale al seguito
11_matrix_mpi,cubo pipeline R=56 1x2x28,pipeline,64,1,0,1,56,1,96,192,2688,10,1,2,28,1008.902,236.699,321.712,235.056,240.960,95.716,66.079,73.086,33.729,0.000,-57.436,114.034,173.2,,,81.060,cpu04,ok,blocco locale 96^3; globale al seguito
11_matrix_mpi,cubo pipeline R=56 1x4x14,pipeline,64,1,0,1,56,1,96,384,1344,10,1,4,14,1010.481,230.355,322.951,233.548,226.543,97.001,67.095,67.714,34.698,0.000,-39.069,114.213,173.2,,,80.745,cpu04,ok,blocco locale 96^3; globale al seguito
11_matrix_mpi,cubo pipeline R=56 1x7x8,pipeline,64,1,0,1,56,1,96,672,768,10,1,7,8,1012.756,246.989,325.127,244.113,226.822,97.937,80.496,72.512,33.834,0.000,-68.085,114.470,172.4,,,81.954,cpu04,ok,blocco locale 96^3; globale al seguito
11_matrix_mpi,cubo pipeline R=56 1x8x7,pipeline,64,1,0,1,56,1,96,768,672,10,1,8,7,1012.225,230.400,327.585,234.604,235.304,94.917,107.406,69.338,36.203,0.000,-93.132,114.410,173.2,,,79.246,cpu04,ok,blocco locale 96^3; globale al seguito
11_matrix_mpi,cubo pipeline R=56 1x14x4,pipeline,64,1,0,1,56,1,96,1344,384,10,1,14,4,1013.088,236.262,324.430,234.565,247.133,80.014,106.420,71.623,35.663,0.000,-86.760,114.507,173.2,,,83.415,cpu04,ok,blocco locale 96^3; globale al seguito
11_matrix_mpi,cubo pipeline R=56 1x28x2,pipeline,64,1,0,1,56,1,96,2688,192,10,1,28,2,1013.699,233.667,316.176,236.617,261.815,78.341,111.083,73.414,33.504,0.000,-97.251,114.576,172.4,,,79.171,cpu04,ok,blocco locale 96^3; globale al seguito
11_matrix_mpi,cubo pipeline R=56 1x56x1,pipeline,64,1,0,1,56,1,96,5376,96,10,1,56,1,1008.194,225.960,309.659,237.414,234.902,80.931,119.869,64.722,25.029,0.000,-64.332,113.954,171.5,,,79.184,cpu04,ok,blocco locale 96^3; globale al seguito
11_matrix_mpi,cubo pipeline R=56 2x1x28,pipeline,64,1,0,1,56,1,192,96,2688,10,2,1,28,1037.553,204.365,344.639,215.155,231.564,108.182,56.496,76.149,24.810,0.000,-19.442,117.273,173.2,,,84.843,cpu04,ok,blocco locale 96^3; globale al seguito
11_matrix_mpi,cubo pipeline R=56 2x2x14,pipeline,64,1,0,1,56,1,192,192,1344,10,2,2,14,1047.735,218.061,335.745,232.787,223.689,98.770,56.998,68.028,30.637,0.000,1.081,118.423,173.2,,,87.409,cpu04,ok,blocco locale 96^3; globale al seguito
11_matrix_mpi,cubo pipeline R=56 2x4x7,pipeline,64,1,0,1,56,1,192,384,672,10,2,4,7,1056.413,219.966,333.078,232.134,210.914,98.999,59.790,67.674,31.122,0.000,22.702,119.404,173.2,,,84.835,cpu04,ok,blocco locale 96^3; globale al seguito
11_matrix_mpi,cubo pipeline R=56 2x7x4,pipeline,64,1,0,1,56,1,192,672,384,10,2,7,4,1052.374,223.306,336.881,240.357,211.903,92.926,66.836,67.478,30.926,0.000,5.067,118.948,173.2,,,89.628,cpu04,ok,blocco locale 96^3; globale al seguito
11_matrix_mpi,cubo pipeline R=56 2x14x2,pipeline,64,1,0,1,56,1,192,1344,192,10,2,14,2,1047.429,237.879,326.721,241.276,209.333,94.420,68.822,70.238,29.115,0.000,7.504,118.389,173.2,,,85.958,cpu04,ok,blocco locale 96^3; globale al seguito
11_matrix_mpi,cubo pipeline R=56 2x28x1,pipeline,64,1,0,1,56,1,192,2688,96,10,2,28,1,1037.464,207.312,323.205,252.347,198.774,93.761,78.048,74.559,26.424,0.000,-9.654,117.263,173.2,,,83.061,cpu04,ok,blocco locale 96^3; globale al seguito
11_matrix_mpi,cubo pipeline R=56 4x1x14,pipeline,64,1,0,1,56,1,384,96,1344,10,4,1,14,1061.186,214.093,360.336,223.433,223.043,103.957,56.714,73.954,29.728,0.000,-9.979,119.944,173.2,,,95.204,cpu04,ok,blocco locale 96^3; globale al seguito
11_matrix_mpi,cubo pipeline R=56 4x2x7,pipeline,64,1,0,1,56,1,384,192,672,10,4,2,7,1069.073,238.884,354.721,233.842,211.615,104.361,60.968,71.518,29.436,0.000,2.612,120.835,173.2,,,96.238,cpu04,ok,blocco locale 96^3; globale al seguito
11_matrix_mpi,cubo pipeline R=56 4x7x2,pipeline,64,1,0,1,56,1,384,672,192,10,4,7,2,1073.782,233.647,352.273,244.679,204.875,96.115,66.682,73.631,31.174,0.000,4.353,121.368,173.2,,,98.747,cpu04,ok,blocco locale 96^3; globale al seguito
11_matrix_mpi,cubo pipeline R=56 4x14x1,pipeline,64,1,0,1,56,1,384,1344,96,10,4,14,1,1069.138,228.826,350.233,251.501,200.936,91.091,74.876,71.757,27.989,0.000,0.755,120.843,172.4,,,92.917,cpu04,ok,blocco locale 96^3; globale al seguito
11_matrix_mpi,cubo pipeline R=56 7x1x8,pipeline,64,1,0,1,56,1,672,96,768,10,7,1,8,1054.084,246.743,347.919,230.986,245.237,113.655,57.431,80.212,24.636,0.000,-45.992,119.141,172.4,,,84.904,cpu04,ok,blocco locale 96^3; globale al seguito
11_matrix_mpi,cubo pipeline R=56 7x2x4,pipeline,64,1,0,1,56,1,672,192,384,10,7,2,4,1060.338,264.593,346.058,236.744,218.984,112.178,65.334,78.021,28.614,0.000,-25.595,119.848,173.2,,,92.387,cpu04,ok,blocco locale 96^3; globale al seguito
11_matrix_mpi,cubo pipeline R=56 7x4x2,pipeline,64,1,0,1,56,1,672,384,192,10,7,4,2,1058.192,261.467,344.636,239.773,201.328,107.638,62.326,73.902,27.166,0.000,1.423,119.605,172.4,,,86.220,cpu04,ok,blocco locale 96^3; globale al seguito
11_matrix_mpi,cubo pipeline R=56 7x8x1,pipeline,64,1,0,1,56,1,672,768,96,10,7,8,1,1053.732,258.764,342.491,242.285,201.771,115.536,76.439,72.991,26.650,0.000,-24.431,119.101,173.2,,,88.036,cpu04,ok,blocco locale 96^3; globale al seguito
11_matrix_mpi,cubo pipeline R=56 8x1x7,pipeline,64,1,0,1,56,1,768,96,672,10,8,1,7,1055.129,215.048,347.780,231.731,214.273,158.360,56.830,76.921,28.963,0.000,-59.729,119.259,173.2,,,85.535,cpu04,ok,blocco locale 96^3; globale al seguito
11_matrix_mpi,cubo pipeline R=56 8x7x1,pipeline,64,1,0,1,56,1,768,672,96,10,8,7,1,1056.618,242.359,338.772,245.654,201.826,147.110,76.693,65.166,29.016,0.000,-47.619,119.427,173.2,,,80.339,cpu04,ok,blocco locale 96^3; globale al seguito
11_matrix_mpi,cubo pipeline R=56 14x1x4,pipeline,64,1,0,1,56,1,1344,96,384,10,14,1,4,1052.037,221.697,354.306,234.813,216.053,152.558,61.574,75.989,27.611,0.000,-70.867,118.910,172.4,,,79.697,cpu04,ok,blocco locale 96^3; globale al seguito
11_matrix_mpi,cubo pipeline R=56 14x2x2,pipeline,64,1,0,1,56,1,1344,192,192,10,14,2,2,1055.297,250.030,352.332,227.326,227.616,148.970,61.615,64.510,26.285,0.000,-53.357,119.278,172.4,,,83.024,cpu04,ok,blocco locale 96^3; globale al seguito
11_matrix_mpi,cubo pipeline R=56 14x4x1,pipeline,64,1,0,1,56,1,1344,384,96,10,14,4,1,1061.393,239.422,352.699,246.379,209.367,152.638,64.200,73.077,27.576,0.000,-64.543,119.967,172.4,,,80.463,cpu04,ok,blocco locale 96^3; globale al seguito
11_matrix_mpi,cubo pipeline R=56 28x1x2,pipeline,64,1,0,1,56,1,2688,96,192,10,28,1,2,1063.303,242.814,377.229,228.283,229.110,151.307,65.196,78.533,24.315,0.000,-90.670,120.183,172.4,,,77.550,cpu04,ok,blocco locale 96^3; globale al seguito
11_matrix_mpi,cubo pipeline R=56 28x2x1,pipeline,64,1,0,1,56,1,2688,192,96,10,28,2,1,1074.615,251.439,368.266,242.207,211.821,159.533,69.381,72.145,24.470,0.000,-73.208,121.462,173.2,,,83.685,cpu04,ok,blocco locale 96^3; globale al seguito
11_matrix_mpi,cubo pipeline R=56 56x1x1,pipeline,64,1,0,1,56,1,5376,96,96,10,56,1,1,1083.851,227.306,396.334,235.314,207.326,171.011,62.688,62.578,22.656,0.000,-74.056,122.506,172.4,,,73.384,cpu04,ok,blocco locale 96^3; globale al seguito
11_matrix_mpi,aspetto schur 128x128x128 s0 seriale,schur,64,0,0,0,1,1,128,128,128,10,1,1,1,744.440,0.000,229.859,215.755,192.907,36.534,31.289,33.841,4.253,0.000,0.002,35.498,249.4,,,107.709,cpu04,ok,riferimento a blocco locale 128x128x128
11_matrix_mpi,aspetto schur 128x128x128 s0 T(1),schur,64,0,0,1,1,1,128,128,128,10,1,1,1,725.663,0.000,237.330,212.181,179.604,33.282,28.554,31.114,3.588,0.000,0.010,34.602,271.2,,,110.580,cpu04,ok,riferimento a blocco locale 128x128x128
11_matrix_mpi,aspetto schur 128x128x128 s0,schur,64,0,0,1,8,1,256,256,256,10,2,2,2,1171.082,104.808,349.965,363.640,293.872,48.527,37.093,47.714,13.454,0.000,16.817,55.842,276.5,,,143.196,cpu04,ok,blocco locale 128x128x128
11_matrix_mpi,aspetto schur 128x128x128 s1 seriale,schur,64,1,0,0,1,1,128,128,128,10,1,1,1,440.928,0.000,238.607,37.257,59.735,35.668,33.017,32.687,3.955,0.000,0.002,21.025,250.2,,,109.233,cpu04,ok,riferimento a blocco locale 128x128x128
11_matrix_mpi,aspetto schur 128x128x128 s1 T(1),schur,64,1,0,1,1,1,128,128,128,10,1,1,1,442.021,0.000,241.457,46.171,57.140,34.055,28.753,31.309,3.127,0.000,0.009,21.077,271.2,,,107.931,cpu04,ok,riferimento a blocco locale 128x128x128
11_matrix_mpi,aspetto schur 128x128x128 s1,schur,64,1,0,1,8,1,256,256,256,10,2,2,2,1208.528,95.447,353.341,372.735,316.897,49.492,38.058,47.738,14.872,0.000,15.395,57.627,275.6,,,135.775,cpu04,ok,blocco locale 128x128x128
11_matrix_mpi,aspetto pipeline 128x128x128 s0 seriale,pipeline,64,0,0,0,1,1,128,128,128,10,1,1,1,1022.946,0.000,459.664,219.272,210.594,59.461,35.136,33.578,5.240,0.000,0.001,48.778,344.8,,,114.996,cpu04,ok,riferimento a blocco locale 128x128x128
11_matrix_mpi,aspetto pipeline 128x128x128 s0 T(1),pipeline,64,0,0,1,1,1,128,128,128,10,1,1,1,991.337,0.000,447.961,220.918,203.092,49.654,32.374,33.159,4.174,0.000,0.005,47.271,365.8,,,113.051,cpu04,ok,riferimento a blocco locale 128x128x128
11_matrix_mpi,aspetto pipeline 128x128x128 s0,pipeline,64,0,0,1,8,1,256,256,256,10,2,2,2,1251.932,100.098,529.717,261.837,244.458,84.675,40.569,41.855,14.897,0.000,33.924,59.697,371.0,,,132.826,cpu04,ok,blocco locale 128x128x128
11_matrix_mpi,aspetto pipeline 128x128x128 s1 seriale,pipeline,64,1,0,0,1,1,128,128,128,10,1,1,1,802.302,0.000,463.759,85.206,119.820,59.908,34.657,34.369,4.581,0.000,0.002,38.257,344.8,,,110.910,cpu04,ok,riferimento a blocco locale 128x128x128
11_matrix_mpi,aspetto pipeline 128x128x128 s1 T(1),pipeline,64,1,0,1,1,1,128,128,128,10,1,1,1,750.372,0.000,457.046,74.896,97.724,49.454,33.586,33.689,3.974,0.000,0.003,35.781,364.9,,,109.633,cpu04,ok,riferimento a blocco locale 128x128x128
11_matrix_mpi,aspetto pipeline 128x128x128 s1,pipeline,64,1,0,1,8,1,256,256,256,10,2,2,2,1073.537,115.851,546.718,134.982,153.960,88.603,48.795,47.858,11.550,0.000,41.071,51.190,371.0,,,134.783,cpu04,ok,blocco locale 128x128x128
11_matrix_mpi,aspetto schur 256x128x64 s0 seriale,schur,64,0,0,0,1,1,256,128,64,4,1,1,1,758.924,0.000,235.192,203.924,202.439,38.545,37.964,36.556,4.304,0.000,0.000,36.188,248.5,,,115.880,cpu04,ok,riferimento a blocco locale 256x128x64
11_matrix_mpi,aspetto schur 256x128x64 s0 T(1),schur,64,0,0,1,1,1,256,128,64,4,1,1,1,749.950,0.000,246.941,205.451,192.840,34.160,33.127,33.852,3.568,0.000,0.011,35.760,269.8,,,123.222,cpu04,ok,riferimento a blocco locale 256x128x64
11_matrix_mpi,aspetto schur 256x128x64 s0,schur,64,0,0,1,8,1,512,256,128,4,2,2,2,1178.244,146.832,362.152,324.663,307.383,49.741,44.552,54.559,13.664,0.000,21.530,56.183,277.2,,,152.274,cpu04,ok,blocco locale 256x128x64
11_matrix_mpi,aspetto schur 256x128x64 s1 seriale,schur,64,1,0,0,1,1,256,128,64,4,1,1,1,480.634,0.000,235.680,58.977,71.468,37.354,37.453,35.874,3.827,0.000,0.001,22.918,248.5,,,109.234,cpu04,ok,riferimento a blocco locale 256x128x64
11_matrix_mpi,aspetto schur 256x128x64 s1 T(1),schur,64,1,0,1,1,1,256,128,64,4,1,1,1,482.416,0.000,246.115,58.545,70.514,34.682,34.527,34.493,3.529,0.000,0.011,23.003,269.4,,,117.874,cpu04,ok,riferimento a blocco locale 256x128x64
11_matrix_mpi,aspetto schur 256x128x64 s1,schur,64,1,0,1,8,1,512,256,128,4,2,2,2,1212.155,128.385,364.412,330.369,323.192,51.247,46.151,54.991,14.331,0.000,27.462,57.800,277.3,,,140.137,cpu04,ok,blocco locale 256x128x64
11_matrix_mpi,aspetto pipeline 256x128x64 s0 seriale,pipeline,64,0,0,0,1,1,256,128,64,4,1,1,1,1175.440,0.000,551.508,232.142,230.254,88.175,34.961,32.967,5.432,0.000,0.001,56.049,343.0,,,119.903,cpu04,ok,riferimento a blocco locale 256x128x64
11_matrix_mpi,aspetto pipeline 256x128x64 s0 T(1),pipeline,64,0,0,1,1,1,256,128,64,4,1,1,1,1151.679,0.000,546.467,251.500,213.986,68.818,33.443,32.941,4.518,0.000,0.006,54.916,364.0,,,120.541,cpu04,ok,riferimento a blocco locale 256x128x64
11_matrix_mpi,aspetto pipeline 256x128x64 s0,pipeline,64,0,0,1,8,1,512,256,128,4,2,2,2,1470.948,154.687,663.882,279.972,259.232,113.503,43.870,44.017,13.757,0.000,52.715,70.140,371.9,,,144.620,cpu04,ok,blocco locale 256x128x64
11_matrix_mpi,aspetto pipeline 256x128x64 s1 seriale,pipeline,64,1,0,0,1,1,256,128,64,4,1,1,1,977.466,0.000,602.117,86.931,125.139,86.402,36.090,35.366,5.421,0.000,-0.000,46.609,343.0,,,122.634,cpu04,ok,riferimento a blocco locale 256x128x64
11_matrix_mpi,aspetto pipeline 256x128x64 s1 T(1),pipeline,64,1,0,1,1,1,256,128,64,4,1,1,1,928.892,0.000,589.406,85.252,110.046,67.267,37.684,34.696,4.538,0.000,0.003,44.293,364.0,,,138.837,cpu04,ok,riferimento a blocco locale 256x128x64
11_matrix_mpi,aspetto pipeline 256x128x64 s1,pipeline,64,1,0,1,8,1,512,256,128,4,2,2,2,1297.753,156.639,699.233,147.867,178.156,126.701,50.081,48.886,14.716,0.000,32.113,61.882,371.9,,,142.661,cpu04,ok,blocco locale 256x128x64
11_matrix_mpi,aspetto schur 64x128x256 s0 seriale,schur,64,0,0,0,1,1,64,128,256,20,1,1,1,659.161,0.000,223.201,137.151,196.149,34.818,29.912,33.867,4.063,0.000,0.000,31.431,253.8,,,94.724,cpu04,ok,riferimento a blocco locale 64x128x256
11_matrix_mpi,aspetto schur 64x128x256 s0 T(1),schur,64,0,0,1,1,1,64,128,256,20,1,1,1,635.961,0.000,230.760,134.786,176.702,32.053,27.690,30.492,3.470,0.000,0.008,30.325,274.8,,,98.879,cpu04,ok,riferimento a blocco locale 64x128x256
11_matrix_mpi,aspetto schur 64x128x256 s0,schur,64,0,0,1,8,1,128,256,512,20,2,2,2,1048.328,79.006,330.104,240.621,293.956,47.918,36.329,46.688,14.670,0.000,38.042,49.988,279.1,,,118.493,cpu04,ok,blocco locale 64x128x256
11_matrix_mpi,aspetto schur 64x128x256 s1 seriale,schur,64,1,0,0,1,1,64,128,256,20,1,1,1,423.899,0.000,228.781,37.833,56.853,33.991,30.422,32.172,3.845,0.000,0.002,20.213,253.8,,,92.648,cpu04,ok,riferimento a blocco locale 64x128x256
11_matrix_mpi,aspetto schur 64x128x256 s1 T(1),schur,64,1,0,1,1,1,64,128,256,20,1,1,1,410.424,0.000,232.701,37.884,48.385,31.104,27.585,29.739,3.019,0.000,0.007,19.571,273.9,,,92.600,cpu04,ok,riferimento a blocco locale 64x128x256
11_matrix_mpi,aspetto schur 64x128x256 s1,schur,64,1,0,1,8,1,128,256,512,20,2,2,2,1087.695,81.195,334.123,258.247,310.200,48.074,36.727,47.026,15.520,0.000,37.778,51.865,278.2,,,113.063,cpu04,ok,blocco locale 64x128x256
11_matrix_mpi,aspetto pipeline 64x128x256 s0 seriale,pipeline,64,0,0,0,1,1,64,128,256,20,1,1,1,959.942,0.000,411.435,217.595,206.556,52.944,33.283,33.261,4.867,0.000,0.001,45.774,349.1,,,95.774,cpu04,ok,riferimento a blocco locale 64x128x256
11_matrix_mpi,aspetto pipeline 64x128x256 s0 T(1),pipeline,64,0,0,1,1,1,64,128,256,20,1,1,1,933.907,0.000,407.050,216.987,195.492,45.634,31.918,32.985,3.836,0.000,0.005,44.532,370.1,,,99.012,cpu04,ok,riferimento a blocco locale 64x128x256
11_matrix_mpi,aspetto pipeline 64x128x256 s0,pipeline,64,0,0,1,8,1,128,256,512,20,2,2,2,1177.310,69.962,474.764,249.529,246.122,73.949,39.032,42.696,13.107,0.000,38.111,56.138,372.8,,,119.750,cpu04,ok,blocco locale 64x128x256
11_matrix_mpi,aspetto pipeline 64x128x256 s1 seriale,pipeline,64,1,0,0,1,1,64,128,256,20,1,1,1,714.148,0.000,417.062,67.868,105.485,51.732,33.797,33.949,4.253,0.000,0.002,34.053,349.1,,,90.291,cpu04,ok,riferimento a blocco locale 64x128x256
11_matrix_mpi,aspetto pipeline 64x128x256 s1 T(1),pipeline,64,1,0,1,1,1,64,128,256,20,1,1,1,675.001,0.000,413.609,62.815,82.227,45.972,33.552,33.580,3.239,0.000,0.007,32.187,370.1,,,90.893,cpu04,ok,riferimento a blocco locale 64x128x256
11_matrix_mpi,aspetto pipeline 64x128x256 s1,pipeline,64,1,0,1,8,1,128,256,512,20,2,2,2,957.224,64.082,481.606,112.979,149.053,73.670,39.188,42.651,14.829,0.000,43.248,45.644,374.5,,,111.875,cpu04,ok,blocco locale 64x128x256
11_matrix_mpi,aspetto schur 512x64x64 s0 seriale,schur,64,0,0,0,1,1,512,64,64,4,1,1,1,801.568,0.000,223.242,256.591,203.024,36.910,37.616,39.945,4.239,0.000,0.001,38.222,247.6,,,105.061,cpu04,ok,riferimento a blocco locale 512x64x64
11_matrix_mpi,aspetto schur 512x64x64 s0 T(1),schur,64,0,0,1,1,1,512,64,64,4,1,1,1,786.188,0.000,231.676,255.240,193.766,33.437,32.856,35.558,3.643,0.000,0.012,37.488,269.2,,,109.142,cpu04,ok,riferimento a blocco locale 512x64x64
11_matrix_mpi,aspetto schur 512x64x64 s0,schur,64,0,0,1,8,1,1024,128,128,4,2,2,2,1220.054,118.847,346.253,379.787,298.756,50.433,46.074,55.495,13.308,0.000,29.948,58.177,278.9,,,135.680,cpu04,ok,blocco locale 512x64x64
11_matrix_mpi,aspetto schur 512x64x64 s1 seriale,schur,64,1,0,0,1,1,512,64,64,4,1,1,1,494.053,0.000,227.336,75.149,70.238,37.899,41.280,38.007,4.143,0.000,0.001,23.558,247.6,,,102.807,cpu04,ok,riferimento a blocco locale 512x64x64
11_matrix_mpi,aspetto schur 512x64x64 s1 T(1),schur,64,1,0,1,1,1,512,64,64,4,1,1,1,488.719,0.000,238.610,71.184,69.004,35.387,34.520,36.175,3.827,0.000,0.012,23.304,268.2,,,109.980,cpu04,ok,riferimento a blocco locale 512x64x64
11_matrix_mpi,aspetto schur 512x64x64 s1,schur,64,1,0,1,8,1,1024,128,128,4,2,2,2,1254.710,130.102,356.007,386.801,312.446,51.246,47.175,56.609,14.597,0.000,29.829,59.829,278.6,,,131.793,cpu04,ok,blocco locale 512x64x64
11_matrix_mpi,aspetto pipeline 512x64x64 s0 seriale,pipeline,64,0,0,0,1,1,512,64,64,4,1,1,1,1319.690,0.000,651.094,252.962,218.744,123.002,35.684,32.772,5.431,0.000,0.001,62.928,342.1,,,112.527,cpu04,ok,riferimento a blocco locale 512x64x64
11_matrix_mpi,aspetto pipeline 512x64x64 s0 T(1),pipeline,64,0,0,1,1,1,512,64,64,4,1,1,1,1241.998,0.000,604.521,269.761,208.205,89.692,32.466,32.963,4.386,0.000,0.004,59.223,363.1,,,106.902,cpu04,ok,riferimento a blocco locale 512x64x64
11_matrix_mpi,aspetto pipeline 512x64x64 s0,pipeline,64,0,0,1,8,1,1024,128,128,4,2,2,2,1674.923,146.069,781.173,301.416,251.147,177.443,48.234,46.774,10.904,0.000,57.832,79.867,373.6,,,134.182,cpu04,ok,blocco locale 512x64x64
11_matrix_mpi,aspetto pipeline 512x64x64 s1 seriale,pipeline,64,1,0,0,1,1,512,64,64,4,1,1,1,1078.108,0.000,653.915,106.329,119.826,123.764,35.935,33.830,4.507,0.000,0.002,51.408,342.1,,,112.757,cpu04,ok,riferimento a blocco locale 512x64x64
11_matrix_mpi,aspetto pipeline 512x64x64 s1 T(1),pipeline,64,1,0,1,1,1,512,64,64,4,1,1,1,1016.013,0.000,635.398,105.605,114.307,87.971,33.679,33.485,5.561,0.000,0.007,48.447,363.1,,,121.117,cpu04,ok,riferimento a blocco locale 512x64x64
11_matrix_mpi,aspetto pipeline 512x64x64 s1,pipeline,64,1,0,1,8,1,1024,128,128,4,2,2,2,1484.897,149.194,818.045,171.881,164.428,174.498,45.911,45.158,12.249,0.000,52.727,70.805,374.5,,,135.157,cpu04,ok,blocco locale 512x64x64
11_matrix_mpi,aspetto schur 64x512x64 s0 seriale,schur,64,0,0,0,1,1,64,512,64,20,1,1,1,717.422,0.000,226.336,181.300,189.146,36.115,36.319,43.681,4.524,0.000,0.001,34.209,251.4,,,95.789,cpu04,ok,riferimento a blocco locale 64x512x64
11_matrix_mpi,aspetto schur 64x512x64 s0 T(1),schur,64,0,0,1,1,1,64,512,64,20,1,1,1,669.273,0.000,230.037,167.620,169.915,31.249,31.617,35.469,3.359,0.000,0.007,31.913,272.1,,,98.848,cpu03,ok,riferimento a blocco locale 64x512x64
11_matrix_mpi,aspetto schur 64x512x64 s0,schur,64,0,0,1,8,1,128,1024,128,20,2,2,2,984.500,63.883,323.291,256.436,258.431,39.053,36.329,44.602,6.631,0.000,19.727,46.945,281.5,,,109.671,cpu03,ok,blocco locale 64x512x64
11_matrix_mpi,aspetto schur 64x512x64 s1 seriale,schur,64,1,0,0,1,1,64,512,64,20,1,1,1,410.630,0.000,224.350,30.999,55.288,30.044,31.935,35.384,2.629,0.000,0.001,19.580,251.4,,,85.478,cpu03,ok,riferimento a blocco locale 64x512x64
11_matrix_mpi,aspetto schur 64x512x64 s1 T(1),schur,64,1,0,1,1,1,64,512,64,20,1,1,1,419.319,0.000,231.311,31.673,54.721,30.819,31.778,35.842,3.168,0.000,0.007,19.995,271.7,,,91.306,cpu03,ok,riferimento a blocco locale 64x512x64
11_matrix_mpi,aspetto schur 64x512x64 s1,schur,64,1,0,1,8,1,128,1024,128,20,2,2,2,1030.170,64.415,335.203,268.309,273.237,39.936,37.832,45.560,6.772,0.000,23.321,49.122,280.6,,,105.017,cpu03,ok,blocco locale 64x512x64
11_matrix_mpi,aspetto pipeline 64x512x64 s0 seriale,pipeline,64,0,0,0,1,1,64,512,64,20,1,1,1,907.607,0.000,387.149,207.612,200.221,45.723,32.279,31.722,2.899,0.000,0.002,43.278,345.6,,,90.272,cpu03,ok,riferimento a blocco locale 64x512x64
11_matrix_mpi,aspetto pipeline 64x512x64 s0 T(1),pipeline,64,0,0,1,1,1,64,512,64,20,1,1,1,932.895,0.000,401.931,212.095,203.247,46.939,31.704,32.810,4.164,0.000,0.005,44.484,366.6,,,95.558,cpu03,ok,riferimento a blocco locale 64x512x64
11_matrix_mpi,aspetto pipeline 64x512x64 s0,pipeline,64,0,0,1,8,1,128,1024,128,20,2,2,2,1063.754,58.576,428.666,236.665,227.004,58.288,36.274,39.914,7.416,0.000,29.527,50.724,374.5,,,109.223,cpu03,ok,blocco locale 64x512x64
11_matrix_mpi,aspetto pipeline 64x512x64 s1 seriale,pipeline,64,1,0,0,1,1,64,512,64,20,1,1,1,661.442,0.000,397.906,52.751,96.128,45.426,33.285,32.927,3.019,0.000,0.000,31.540,345.6,,,84.563,cpu03,ok,riferimento a blocco locale 64x512x64
11_matrix_mpi,aspetto pipeline 64x512x64 s1 T(1),pipeline,64,1,0,1,1,1,64,512,64,20,1,1,1,681.501,0.000,409.976,56.394,97.652,46.467,33.145,34.047,3.815,0.000,0.005,32.496,366.6,,,92.278,cpu03,ok,riferimento a blocco locale 64x512x64
11_matrix_mpi,aspetto pipeline 64x512x64 s1,pipeline,64,1,0,1,8,1,128,1024,128,20,2,2,2,817.346,64.775,442.799,74.398,124.159,58.217,37.356,39.949,6.989,0.000,33.479,38.974,374.5,,,105.658,cpu03,ok,blocco locale 64x512x64
11_matrix_mpi,aspetto schur 64x64x512 s0 seriale,schur,64,0,0,0,1,1,64,64,512,20,1,1,1,629.048,0.000,220.567,134.379,184.721,29.716,27.122,29.614,2.927,0.000,0.002,29.995,257.9,,,91.449,cpu03,ok,riferimento a blocco locale 64x64x512
11_matrix_mpi,aspetto schur 64x64x512 s0 T(1),schur,64,0,0,1,1,1,64,64,512,20,1,1,1,640.339,0.000,228.233,135.226,186.783,30.419,26.785,29.369,3.517,0.000,0.007,30.534,278.2,,,97.885,cpu03,ok,riferimento a blocco locale 64x64x512
11_matrix_mpi,aspetto schur 64x64x512 s0,schur,64,0,0,1,8,1,128,128,1024,20,2,2,2,971.232,76.438,317.438,227.505,284.071,39.088,32.629,37.474,7.285,0.000,25.742,46.312,282.5,,,110.539,cpu03,ok,blocco locale 64x64x512
11_matrix_mpi,aspetto schur 64x64x512 s1 seriale,schur,64,1,0,0,1,1,64,64,512,20,1,1,1,399.956,0.000,221.215,42.324,46.887,29.808,27.741,29.463,2.515,0.000,0.003,19.071,258.1,,,84.663,cpu03,ok,riferimento a blocco locale 64x64x512
11_matrix_mpi,aspetto schur 64x64x512 s1 T(1),schur,64,1,0,1,1,1,64,64,512,20,1,1,1,409.089,0.000,225.850,45.636,47.917,30.146,27.125,29.217,3.190,0.000,0.008,19.507,278.2,,,88.048,cpu03,ok,riferimento a blocco locale 64x64x512
11_matrix_mpi,aspetto schur 64x64x512 s1,schur,64,1,0,1,8,1,128,128,1024,20,2,2,2,995.436,63.696,322.143,234.782,286.766,40.775,33.792,39.467,7.181,0.000,30.530,47.466,282.5,,,107.573,cpu03,ok,blocco locale 64x64x512
11_matrix_mpi,aspetto pipeline 64x64x512 s0 seriale,pipeline,64,0,0,0,1,1,64,64,512,20,1,1,1,911.064,0.000,388.140,221.561,188.655,44.921,32.332,32.485,2.969,0.000,0.001,43.443,352.6,,,90.962,cpu03,ok,riferimento a blocco locale 64x64x512
11_matrix_mpi,aspetto pipeline 64x64x512 s0 T(1),pipeline,64,0,0,1,1,1,64,64,512,20,1,1,1,936.701,0.000,404.296,225.700,191.874,45.851,31.475,33.635,3.865,0.000,0.005,44.665,371.9,,,97.456,cpu03,ok,riferimento a blocco locale 64x64x512
11_matrix_mpi,aspetto pipeline 64x64x512 s0,pipeline,64,0,0,1,8,1,128,128,1024,20,2,2,2,1088.402,73.762,436.716,254.522,227.003,57.614,36.433,39.305,7.287,0.000,29.522,51.899,376.2,,,110.171,cpu03,ok,blocco locale 64x64x512
11_matrix_mpi,aspetto pipeline 64x64x512 s1 seriale,pipeline,64,1,0,0,1,1,64,64,512,20,1,1,1,661.399,0.000,396.251,70.411,80.951,44.322,33.174,33.542,2.745,0.000,0.003,31.538,352.6,,,84.283,cpu03,ok,riferimento a blocco locale 64x64x512
11_matrix_mpi,aspetto pipeline 64x64x512 s1 T(1),pipeline,64,1,0,1,1,1,64,64,512,20,1,1,1,677.826,0.000,408.616,74.177,78.961,44.873,32.845,35.042,3.307,0.000,0.005,32.321,372.8,,,90.775,cpu03,ok,riferimento a blocco locale 64x64x512
11_matrix_mpi,aspetto pipeline 64x64x512 s1,pipeline,64,1,0,1,8,1,128,128,1024,20,2,2,2,823.721,63.965,446.341,94.241,113.127,57.343,37.887,40.298,6.795,0.000,27.689,39.278,378.0,,,106.421,cpu03,ok,blocco locale 64x64x512
11_matrix_mpi,schur ponte R=1 omp=1,schur,64,1,1,1,1,1,224,224,224,4,1,1,1,2476.911,0.000,1381.044,266.838,278.022,179.518,170.845,177.200,23.434,0.000,0.010,22.038,1334.8,,,619.014,cpu03,ok,
11_matrix_mpi,schur ponte R=8 omp=1,schur,64,1,1,1,8,1,224,224,224,4,2,2,2,740.013,52.777,231.904,229.054,196.113,26.805,21.415,25.596,4.975,0.000,4.151,52.673,193.4,,,74.625,cpu03,ok,
11_matrix_mpi,schur ponte R=56 omp=1,schur,64,1,1,1,56,1,224,224,224,4,7,4,2,164.483,43.202,59.092,40.489,35.328,8.520,5.179,4.899,2.137,0.000,8.839,81.953,50.8,,,16.239,cpu03,ok,
11_matrix_mpi,pipeline ponte R=1 omp=1,pipeline,64,1,1,1,1,1,224,224,224,4,1,1,1,4883.740,0.000,2708.227,617.696,673.473,395.575,234.381,232.382,21.999,0.000,0.007,43.452,1845.4,,,600.975,cpu03,ok,
11_matrix_mpi,pipeline ponte R=8 omp=1,pipeline,64,1,1,1,8,1,224,224,224,4,2,2,2,711.030,73.959,346.779,109.147,106.852,52.109,32.399,31.869,5.002,0.000,26.873,50.610,257.2,,,73.506,cpu03,ok,
11_matrix_mpi,pipeline ponte R=56 omp=1,pipeline,64,1,1,1,56,1,224,224,224,4,7,4,2,161.370,37.670,67.163,23.126,26.067,13.251,6.670,7.532,2.160,0.000,15.401,80.402,60.4,,,15.524,cpu03,ok,
12_matrix_hybrid,schur s0 seriale,schur,64,0,0,0,1,1,224,224,224,4,1,1,1,3753.658,0.000,1202.102,1103.318,901.030,177.396,172.349,179.915,17.548,0.000,0.000,33.397,1313.2,,,561.793,cpu02,ok,
12_matrix_hybrid,schur s0 T(1),schur,64,0,0,1,1,1,224,224,224,4,1,1,1,3969.678,0.000,1264.589,1165.195,975.895,183.234,174.970,182.000,23.780,0.000,0.015,35.319,1325.7,,,620.933,cpu02,ok,
12_matrix_hybrid,schur R=1 T=1 s0,schur,64,0,1,1,1,1,224,224,224,4,1,1,1,4105.455,0.000,1324.680,1207.040,1014.035,185.274,171.540,179.285,23.589,0.000,0.012,36.527,1325.6,,,611.281,cpu02,ok,
12_matrix_hybrid,schur R=1 T=2 s0,schur,64,0,1,1,1,2,224,224,224,4,1,1,1,2081.397,0.000,661.415,620.679,509.527,100.396,86.115,89.117,14.136,0.000,0.012,18.519,1327.4,,,305.007,cpu02,ok,
12_matrix_hybrid,schur R=1 T=4 s0,schur,64,0,1,1,1,4,224,224,224,4,1,1,1,1089.843,0.000,347.093,322.781,270.412,51.296,45.135,46.278,6.836,0.000,0.012,9.697,1331.9,,,158.536,cpu02,ok,
12_matrix_hybrid,schur R=1 T=7 s0,schur,64,0,1,1,1,7,224,224,224,4,1,1,1,633.629,0.000,204.088,181.661,157.196,31.210,26.628,27.231,5.602,0.000,0.013,5.638,1338.9,,,92.534,cpu02,ok,
12_matrix_hybrid,schur R=1 T=8 s0,schur,64,0,1,1,1,8,224,224,224,4,1,1,1,574.346,0.000,185.532,160.591,148.803,26.189,24.944,25.283,2.998,0.000,0.006,5.110,1340.1,,,86.606,cpu02,ok,
12_matrix_hybrid,schur R=1 T=14 s0,schur,64,0,1,1,1,14,224,224,224,4,1,1,1,359.188,0.000,117.272,106.042,84.606,18.443,13.994,14.247,4.579,0.000,0.005,3.196,1383.3,,,52.741,cpu02,ok,
12_matrix_hybrid,schur R=1 T=28 s0,schur,64,0,1,1,1,28,224,224,224,4,1,1,1,294.954,0.000,101.120,84.000,70.988,15.648,9.293,9.110,4.788,0.000,0.007,2.624,1407.3,,,44.535,cpu02,ok,
12_matrix_hybrid,schur R=1 T=56 s0,schur,64,0,1,1,1,56,224,224,224,4,1,1,1,256.415,0.000,84.807,67.686,65.845,13.883,10.825,11.060,2.298,0.000,0.011,2.281,1442.1,,,28.022,cpu02,ok,
12_matrix_hybrid,schur R=1 T=112 s0,schur,64,0,1,1,1,112,224,224,224,4,1,1,1,424.078,0.000,141.125,114.180,117.486,19.479,14.436,14.916,2.447,0.000,0.009,3.773,1568.8,,,31.638,cpu02,ok,
12_matrix_hybrid,schur R=2 T=1 s0,schur,64,0,1,1,2,1,224,224,224,4,2,1,1,2353.508,136.650,852.021,610.541,528.929,95.301,94.279,93.689,12.667,0.000,66.081,41.880,682.3,,,286.945,cpu02,ok,
12_matrix_hybrid,schur R=2 T=2 s0,schur,64,0,1,1,2,2,224,224,224,4,2,1,1,1475.917,124.509,637.879,322.471,288.386,81.124,45.920,44.659,6.818,0.000,48.660,26.263,682.0,,,149.119,cpu02,ok,
12_matrix_hybrid,schur R=2 T=4 s0,schur,64,0,1,1,2,4,224,224,224,4,2,1,1,1012.459,70.785,540.350,159.659,143.251,72.828,25.297,22.803,3.410,0.000,44.861,18.016,683.3,,,78.742,cpu02,ok,
12_matrix_hybrid,schur R=2 T=7 s0,schur,64,0,1,1,2,7,224,224,224,4,2,1,1,787.280,45.150,477.909,95.716,82.321,70.337,14.849,13.379,2.505,0.000,30.264,14.009,686.4,,,46.704,cpu02,ok,
12_matrix_hybrid,schur R=2 T=8 s0,schur,64,0,1,1,2,8,224,224,224,4,2,1,1,752.030,34.214,473.279,82.994,70.338,70.521,12.111,11.705,2.269,0.000,28.813,13.382,683.8,,,40.679,cpu02,ok,
12_matrix_hybrid,schur R=2 T=14 s0,schur,64,0,1,1,2,14,224,224,224,4,2,1,1,670.020,33.279,455.297,47.542,39.341,71.060,7.164,6.967,2.062,0.000,40.587,11.923,690.4,,,29.477,cpu02,ok,
12_matrix_hybrid,schur R=2 T=28 s0,schur,64,0,1,1,2,28,224,224,224,4,2,1,1,723.277,39.739,527.233,31.241,24.459,84.608,4.432,4.203,3.500,0.000,43.601,12.870,702.1,,,22.054,cpu02,ok,
12_matrix_hybrid,schur R=2 T=56 s0,schur,64,0,1,1,2,56,224,224,224,4,2,1,1,812.441,42.142,580.854,43.173,42.562,92.463,3.907,3.119,2.213,0.000,44.150,14.457,752.3,,,24.672,cpu02,ok,
12_matrix_hybrid,schur R=4 T=1 s0,schur,64,0,1,1,4,1,224,224,224,4,2,2,1,1307.202,75.063,432.814,419.117,282.413,50.040,41.604,46.123,7.451,0.000,27.640,46.522,352.6,,,143.912,cpu02,ok,
12_matrix_hybrid,schur R=4 T=2 s0,schur,64,0,1,1,4,2,224,224,224,4,2,2,1,923.104,68.385,319.195,324.686,146.425,42.799,38.428,22.890,3.697,0.000,24.984,32.852,353.9,,,75.733,cpu02,ok,
12_matrix_hybrid,schur R=4 T=4 s0,schur,64,0,1,1,4,4,224,224,224,4,2,2,1,710.351,44.010,257.439,253.705,76.657,38.562,38.466,11.733,2.341,0.000,31.448,25.281,354.3,,,39.293,cpu02,ok,
12_matrix_hybrid,schur R=4 T=7 s0,schur,64,0,1,1,4,7,224,224,224,4,2,2,1,664.397,65.193,255.626,268.334,43.328,38.933,41.684,6.792,1.775,0.000,7.925,23.645,354.4,,,28.371,cpu02,ok,
12_matrix_hybrid,schur R=4 T=8 s0,schur,64,0,1,1,4,8,224,224,224,4,2,2,1,638.448,46.156,245.565,253.968,37.056,38.116,40.311,6.084,1.697,0.000,15.651,22.722,354.3,,,24.382,cpu02,ok,
12_matrix_hybrid,schur R=4 T=14 s0,schur,64,0,1,1,4,14,224,224,224,4,2,2,1,700.311,39.599,276.274,281.303,25.791,45.177,47.315,4.233,1.642,0.000,18.576,24.923,359.6,,,25.795,cpu02,ok,
12_matrix_hybrid,schur R=4 T=28 s0,schur,64,0,1,1,4,28,224,224,224,4,2,2,1,750.250,39.158,298.706,285.824,27.787,47.214,57.774,3.328,1.915,0.000,27.702,26.701,360.7,,,20.894,cpu02,ok,
12_matrix_hybrid,schur R=7 T=1 s0,schur,64,0,1,1,7,1,224,224,224,4,7,1,1,769.085,127.760,338.334,113.119,165.552,51.131,22.710,27.276,5.712,0.000,45.251,47.899,216.1,,,106.818,cpu02,ok,
12_matrix_hybrid,schur R=7 T=2 s0,schur,64,0,1,1,7,2,224,224,224,4,7,1,1,507.145,90.376,249.774,55.366,76.451,34.538,11.853,13.895,4.701,0.000,60.567,31.585,215.2,,,52.839,cpu02,ok,7 rank non si dividono fra 2 socket: niente localita' NUMA
12_matrix_hybrid,schur R=7 T=4 s0,schur,64,0,1,1,7,4,224,224,224,4,7,1,1,459.888,107.027,261.178,36.079,45.987,38.552,8.068,8.301,4.577,0.000,57.146,28.642,215.2,,,33.108,cpu02,ok,7 rank non si dividono fra 2 socket: niente localita' NUMA
12_matrix_hybrid,schur R=7 T=7 s0,schur,64,0,1,1,7,7,224,224,224,4,7,1,1,403.693,118.383,256.224,20.184,26.771,39.170,4.498,4.652,2.252,0.000,49.942,25.142,214.0,,,19.375,cpu02,ok,7 rank non si dividono fra 2 socket: niente localita' NUMA
12_matrix_hybrid,schur R=7 T=8 s0,schur,64,0,1,1,7,8,224,224,224,4,7,1,1,408.368,131.636,252.041,18.504,25.675,34.450,5.370,7.600,1.597,0.000,63.131,25.433,212.9,,,17.929,cpu02,ok,7 rank non si dividono fra 2 socket: niente localita' NUMA
12_matrix_hybrid,schur R=7 T=14 s0,schur,64,0,1,1,7,14,224,224,224,4,7,1,1,440.927,145.660,312.957,17.546,21.299,36.348,3.071,2.767,2.357,0.000,44.582,27.461,212.6,,,17.685,cpu02,ok,7 rank non si dividono fra 2 socket: niente localita' NUMA
12_matrix_hybrid,schur R=8 T=1 s0,schur,64,0,1,1,8,1,224,224,224,4,2,2,2,712.266,50.250,219.774,212.729,194.774,27.058,21.514,25.484,5.094,0.000,5.839,50.698,186.4,,,73.607,cpu02,ok,
12_matrix_hybrid,schur R=8 T=2 s0,schur,64,0,1,1,8,2,224,224,224,4,2,2,2,544.927,41.301,163.646,159.575,148.608,21.681,19.295,21.774,2.254,0.000,8.094,38.787,185.5,,,41.385,cpu02,ok,
12_matrix_hybrid,schur R=8 T=4 s0,schur,64,0,1,1,8,4,224,224,224,4,2,2,2,482.250,53.976,135.033,138.923,143.818,21.385,19.332,20.097,1.804,0.000,1.858,34.326,183.8,,,20.235,cpu02,ok,
12_matrix_hybrid,schur R=8 T=7 s0,schur,64,0,1,1,8,7,224,224,224,4,2,2,2,506.266,22.530,141.605,143.854,139.430,23.695,22.706,21.820,1.643,0.000,11.513,36.035,183.8,,,14.314,cpu02,ok,
12_matrix_hybrid,schur R=8 T=8 s0,schur,64,0,1,1,8,8,224,224,224,4,2,2,2,500.785,38.582,151.388,146.110,139.518,22.920,20.323,19.923,1.756,0.000,-1.153,35.645,181.1,,,18.498,cpu02,ok,
12_matrix_hybrid,schur R=8 T=14 s0,schur,64,0,1,1,8,14,224,224,224,4,2,2,2,541.244,34.112,161.589,163.179,146.920,24.876,23.489,22.484,1.639,0.000,-2.932,38.525,178.5,,,14.918,cpu02,ok,
12_matrix_hybrid,schur R=14 T=1 s0,schur,64,0,1,1,14,1,224,224,224,4,7,2,1,423.336,73.956,165.678,90.435,79.349,27.343,13.032,14.183,4.531,0.000,28.785,52.731,117.2,,,51.487,cpu02,ok,
12_matrix_hybrid,schur R=14 T=2 s0,schur,64,0,1,1,14,2,224,224,224,4,7,2,1,341.707,75.161,144.182,98.704,40.223,17.066,14.505,6.856,1.806,0.000,18.365,42.564,116.4,,,28.261,cpu02,ok,
12_matrix_hybrid,schur R=14 T=4 s0,schur,64,0,1,1,14,4,224,224,224,4,7,2,1,332.589,69.327,142.132,102.606,23.324,20.887,17.564,4.202,1.550,0.000,20.324,41.428,118.1,,,17.172,cpu02,ok,
12_matrix_hybrid,schur R=14 T=7 s0,schur,64,0,1,1,14,7,224,224,224,4,7,2,1,370.471,94.762,176.883,118.077,20.924,20.187,17.979,3.096,1.514,0.000,11.811,46.146,115.5,,,18.881,cpu02,ok,
12_matrix_hybrid,schur R=14 T=8 s0,schur,64,0,1,1,14,8,224,224,224,4,7,2,1,358.890,92.613,174.229,114.011,18.783,20.195,16.894,2.491,1.512,0.000,10.775,44.704,115.3,,,17.025,cpu02,ok,
12_matrix_hybrid,schur R=28 T=1 s0,schur,64,0,1,1,28,1,224,224,224,4,7,2,2,289.316,52.869,106.941,54.170,65.169,16.543,8.363,9.956,4.788,0.000,23.386,72.075,67.4,,,35.172,cpu02,ok,
12_matrix_hybrid,schur R=28 T=2 s0,schur,64,0,1,1,28,2,224,224,224,4,7,2,2,239.556,49.352,84.746,55.619,55.665,12.451,8.743,8.116,1.710,0.000,12.506,59.679,66.5,,,16.759,cpu02,ok,
12_matrix_hybrid,schur R=28 T=4 s0,schur,64,0,1,1,28,4,224,224,224,4,7,2,2,255.030,58.241,93.581,59.115,57.689,13.368,9.975,9.239,1.609,0.000,10.454,63.534,67.4,,,14.720,cpu02,ok,
12_matrix_hybrid,schur R=56 T=1 s0,schur,64,0,1,1,56,1,224,224,224,4,7,4,2,161.860,50.678,57.562,39.165,36.383,8.838,5.346,6.023,1.956,0.000,6.587,80.646,42.9,,,17.584,cpu02,ok,
12_matrix_hybrid,schur R=56 T=2 s0,schur,64,0,1,1,56,2,224,224,224,4,7,4,2,169.036,47.826,59.804,45.015,37.694,10.113,6.163,4.879,1.957,0.000,3.411,84.222,42.9,,,14.637,cpu02,ok,
12_matrix_hybrid,pipeline s0 seriale,pipeline,64,0,0,0,1,1,224,224,224,4,1,1,1,5330.420,0.000,2393.239,1174.351,1054.954,336.637,181.483,172.242,17.512,0.000,0.002,47.426,1825.2,,,536.544,cpu02,ok,
12_matrix_hybrid,pipeline s0 T(1),pipeline,64,0,0,1,1,1,224,224,224,4,1,1,1,5478.499,0.000,2496.766,1220.973,1034.918,338.093,186.453,177.605,23.686,0.000,0.005,48.744,1837.5,,,602.039,cpu02,ok,
12_matrix_hybrid,pipeline R=1 T=1 s0,pipeline,64,0,1,1,1,1,224,224,224,4,1,1,1,6620.654,0.000,2549.428,1490.316,1690.489,405.814,231.481,226.159,26.961,0.000,0.006,58.906,1837.5,,,634.383,cpu02,ok,
12_matrix_hybrid,pipeline R=1 T=2 s0,pipeline,64,0,1,1,1,2,224,224,224,4,1,1,1,4712.768,0.000,1514.686,1166.427,1291.831,281.842,222.589,222.157,13.229,0.000,0.007,41.931,1838.4,,,330.619,cpu02,ok,
12_matrix_hybrid,pipeline R=1 T=4 s0,pipeline,64,0,1,1,1,4,224,224,224,4,1,1,1,4446.711,0.000,1093.560,1228.283,1308.174,229.973,292.080,284.883,9.749,0.000,0.009,39.564,1837.5,,,193.048,cpu02,ok,
12_matrix_hybrid,pipeline R=1 T=7 s0,pipeline,64,0,1,1,1,7,224,224,224,4,1,1,1,5956.814,0.000,1275.091,1751.384,1689.744,351.140,449.553,433.307,6.587,0.000,0.008,52.999,1834.0,,,122.203,cpu02,ok,
12_matrix_hybrid,pipeline R=1 T=8 s0,pipeline,64,0,1,1,1,8,224,224,224,4,1,1,1,10712.066,0.000,1655.484,3487.845,3458.878,462.593,839.326,802.793,5.141,0.000,0.006,95.308,1835.8,,,140.128,cpu02,ok,
12_matrix_hybrid,pipeline R=1 T=14 s0,pipeline,64,0,1,1,1,14,224,224,224,4,1,1,1,9580.498,0.000,2130.350,2731.818,2550.268,681.375,737.188,744.552,4.941,0.000,0.006,85.240,1828.8,,,84.702,cpu02,ok,
12_matrix_hybrid,pipeline R=1 T=28 s0,pipeline,64,0,1,1,1,28,224,224,224,4,1,1,1,10915.401,0.000,2132.672,3125.576,3079.678,698.483,969.037,905.176,4.773,0.000,0.006,97.117,1827.9,,,96.750,cpu02,ok,
12_matrix_hybrid,pipeline R=1 T=56 s0,pipeline,64,0,1,1,1,56,224,224,224,4,1,1,1,23572.655,0.000,4694.168,7026.028,6612.933,1511.683,1939.378,1784.366,4.089,0.000,0.010,209.732,1795.5,,,158.543,cpu02,ok,
12_matrix_hybrid,pipeline R=1 T=112 s0,pipeline,64,0,1,1,1,112,224,224,224,4,1,1,1,52828.260,0.000,13395.573,13511.233,13022.833,4263.430,4357.356,4271.477,6.350,0.000,0.008,470.026,1803.4,,,178.654,cpu04,ok,
12_matrix_hybrid,pipeline R=2 T=1 s0,pipeline,64,0,1,1,2,1,224,224,224,4,2,1,1,3760.495,127.451,1418.582,751.756,988.471,252.044,122.420,119.736,16.108,0.000,91.378,66.916,945.9,,,318.116,cpu04,ok,
12_matrix_hybrid,pipeline R=2 T=2 s0,pipeline,64,0,1,1,2,2,224,224,224,4,2,1,1,2567.853,237.454,761.012,610.513,733.172,144.568,114.916,123.508,8.926,0.000,71.238,45.694,946.8,,,155.663,cpu04,ok,
12_matrix_hybrid,pipeline R=2 T=4 s0,pipeline,64,0,1,1,2,4,224,224,224,4,2,1,1,2300.851,132.901,570.516,605.769,655.433,132.108,135.583,143.145,5.083,0.000,53.214,40.943,944.1,,,86.990,cpu04,ok,
12_matrix_hybrid,pipeline R=2 T=7 s0,pipeline,64,0,1,1,2,7,224,224,224,4,2,1,1,3048.975,80.596,658.529,838.898,825.640,186.242,218.932,213.467,5.214,0.000,102.053,54.255,941.5,,,64.248,cpu04,ok,
12_matrix_hybrid,pipeline R=2 T=8 s0,pipeline,64,0,1,1,2,8,224,224,224,4,2,1,1,3271.406,448.682,694.393,899.909,905.880,205.530,241.641,239.383,4.775,0.000,79.895,58.213,943.2,,,60.471,cpu04,ok,
12_matrix_hybrid,pipeline R=2 T=14 s0,pipeline,64,0,1,1,2,14,224,224,224,4,2,1,1,4889.365,1282.692,1103.825,1333.483,1281.756,353.622,370.053,376.318,5.285,0.000,65.023,87.004,938.0,,,52.956,cpu04,ok,
12_matrix_hybrid,pipeline R=2 T=28 s0,pipeline,64,0,1,1,2,28,224,224,224,4,2,1,1,5642.366,239.033,1153.365,1542.804,1527.513,372.237,455.058,430.189,5.088,0.000,156.112,100.403,933.6,,,56.846,cpu04,ok,
12_matrix_hybrid,pipeline R=2 T=56 s0,pipeline,64,0,1,1,2,56,224,224,224,4,2,1,1,10123.937,187.890,2605.841,2611.646,2424.492,818.122,776.060,768.307,4.879,0.000,114.590,180.150,924.0,,,73.537,cpu04,ok,
12_matrix_hybrid,pipeline R=4 T=1 s0,pipeline,64,0,1,1,4,1,224,224,224,4,2,2,1,1998.344,133.289,740.360,431.479,497.509,126.236,67.308,62.351,9.834,0.000,63.267,71.119,489.1,,,171.636,cpu04,ok,
12_matrix_hybrid,pipeline R=4 T=2 s0,pipeline,64,0,1,1,4,2,224,224,224,4,2,2,1,1364.099,120.351,401.801,334.404,381.288,75.121,62.329,63.698,5.086,0.000,40.372,48.547,487.4,,,84.393,cpu04,ok,
12_matrix_hybrid,pipeline R=4 T=4 s0,pipeline,64,0,1,1,4,4,224,224,224,4,2,2,1,1240.696,156.314,292.306,329.073,350.848,72.844,82.302,78.594,2.843,0.000,31.886,44.155,486.5,,,46.347,cpu04,ok,
12_matrix_hybrid,pipeline R=4 T=7 s0,pipeline,64,0,1,1,4,7,224,224,224,4,2,2,1,1571.366,231.841,334.618,452.824,419.920,98.275,114.668,111.077,3.287,0.000,36.697,55.923,485.6,,,35.785,cpu04,ok,
12_matrix_hybrid,pipeline R=4 T=8 s0,pipeline,64,0,1,1,4,8,224,224,224,4,2,2,1,1650.206,279.096,345.472,532.871,444.934,106.051,145.662,122.407,4.425,0.000,-51.616,58.729,485.6,,,33.199,cpu04,ok,
12_matrix_hybrid,pipeline R=4 T=14 s0,pipeline,64,0,1,1,4,14,224,224,224,4,2,2,1,2613.476,728.195,587.501,935.979,677.579,190.373,270.665,190.356,2.478,0.000,-241.455,93.011,483.0,,,28.871,cpu04,ok,
12_matrix_hybrid,pipeline R=4 T=28 s0,pipeline,64,0,1,1,4,28,224,224,224,4,2,2,1,2759.033,910.535,666.474,716.723,701.641,208.965,207.756,205.012,2.702,0.000,49.760,98.191,476.9,,,33.398,cpu04,ok,
12_matrix_hybrid,pipeline R=7 T=1 s0,pipeline,64,0,1,1,7,1,224,224,224,4,7,1,1,1191.362,114.207,415.262,217.000,289.386,80.707,35.767,38.834,8.647,0.000,105.759,74.199,297.5,,,110.887,cpu04,ok,
12_matrix_hybrid,pipeline R=7 T=2 s0,pipeline,64,0,1,1,7,2,224,224,224,4,7,1,1,902.472,95.476,268.645,162.202,239.889,69.838,30.587,40.138,6.256,0.000,84.917,56.207,296.6,,,60.762,cpu04,ok,7 rank non si dividono fra 2 socket: niente localita' NUMA
12_matrix_hybrid,pipeline R=7 T=4 s0,pipeline,64,0,1,1,7,4,224,224,224,4,7,1,1,931.225,133.264,238.869,182.112,244.472,73.711,46.620,56.179,4.640,0.000,84.622,57.997,296.6,,,46.685,cpu04,ok,7 rank non si dividono fra 2 socket: niente localita' NUMA
12_matrix_hybrid,pipeline R=7 T=7 s0,pipeline,64,0,1,1,7,7,224,224,224,4,7,1,1,1057.300,160.548,256.069,243.037,264.029,77.685,67.058,71.251,2.362,0.000,75.809,65.849,295.8,,,30.339,cpu04,ok,7 rank non si dividono fra 2 socket: niente localita' NUMA
12_matrix_hybrid,pipeline R=7 T=8 s0,pipeline,64,0,1,1,7,8,224,224,224,4,7,1,1,1450.289,519.609,316.603,357.387,409.122,92.800,93.975,103.176,1.619,0.000,75.607,90.325,294.0,,,30.494,cpu04,ok,7 rank non si dividono fra 2 socket: niente localita' NUMA
12_matrix_hybrid,pipeline R=7 T=14 s0,pipeline,64,0,1,1,7,14,224,224,224,4,7,1,1,1160.166,312.252,290.404,261.526,289.367,83.765,72.995,82.264,1.764,0.000,78.081,72.256,293.1,,,31.944,cpu04,ok,7 rank non si dividono fra 2 socket: niente localita' NUMA
12_matrix_hybrid,pipeline R=8 T=1 s0,pipeline,64,0,1,1,8,1,224,224,224,4,2,2,2,1065.907,88.697,392.572,226.647,264.252,67.758,36.258,34.407,9.359,0.000,34.654,75.869,257.2,,,88.188,cpu04,ok,
12_matrix_hybrid,pipeline R=8 T=2 s0,pipeline,64,0,1,1,8,2,224,224,224,4,2,2,2,696.736,76.548,194.246,157.256,202.697,41.945,34.498,39.579,3.864,0.000,22.651,49.592,257.2,,,41.676,cpu04,ok,
12_matrix_hybrid,pipeline R=8 T=4 s0,pipeline,64,0,1,1,8,4,224,224,224,4,2,2,2,648.067,65.882,161.163,167.095,176.735,43.527,43.514,43.802,4.346,0.000,7.885,46.128,256.4,,,26.584,cpu04,ok,
12_matrix_hybrid,pipeline R=8 T=7 s0,pipeline,64,0,1,1,8,7,224,224,224,4,2,2,2,865.493,135.538,184.400,240.816,282.576,58.789,63.815,75.612,2.577,0.000,-43.092,61.604,255.5,,,20.992,cpu04,ok,
12_matrix_hybrid,pipeline R=8 T=8 s0,pipeline,64,0,1,1,8,8,224,224,224,4,2,2,2,658.371,80.316,160.019,168.205,181.281,45.185,44.966,48.882,3.133,0.000,6.700,46.862,255.5,,,27.280,cpu04,ok,
12_matrix_hybrid,pipeline R=8 T=14 s0,pipeline,64,0,1,1,8,14,224,224,224,4,2,2,2,909.068,193.491,205.447,266.205,304.058,66.172,76.690,86.870,2.504,0.000,-98.878,64.706,250.2,,,22.746,cpu04,ok,
12_matrix_hybrid,pipeline R=14 T=1 s0,pipeline,64,0,1,1,14,1,224,224,224,4,7,2,1,669.323,74.375,220.673,123.052,153.379,45.680,21.284,21.817,10.586,0.000,72.852,83.372,161.9,,,52.747,cpu04,ok,
12_matrix_hybrid,pipeline R=14 T=2 s0,pipeline,64,0,1,1,14,2,224,224,224,4,7,2,1,449.726,66.674,137.490,89.371,110.999,33.842,17.361,22.178,4.470,0.000,34.015,56.019,161.9,,,29.136,cpu04,ok,
12_matrix_hybrid,pipeline R=14 T=4 s0,pipeline,64,0,1,1,14,4,224,224,224,4,7,2,1,465.976,76.869,124.702,104.149,110.970,35.963,25.420,29.364,2.265,0.000,33.143,58.043,160.1,,,23.052,cpu04,ok,
12_matrix_hybrid,pipeline R=14 T=7 s0,pipeline,64,0,1,1,14,7,224,224,224,4,7,2,1,532.778,76.023,139.521,126.462,127.063,41.377,30.675,33.143,1.981,0.000,32.556,66.364,160.1,,,22.987,cpu04,ok,
12_matrix_hybrid,pipeline R=14 T=8 s0,pipeline,64,0,1,1,14,8,224,224,224,4,7,2,1,490.794,95.399,129.316,113.934,112.243,39.087,27.657,31.151,2.850,0.000,34.556,61.134,159.2,,,22.023,cpu04,ok,
12_matrix_hybrid,pipeline R=28 T=1 s0,pipeline,64,0,1,1,28,1,224,224,224,4,7,2,2,468.844,62.814,155.098,79.075,97.737,36.965,16.697,21.150,10.319,0.000,51.803,116.800,93.6,,,38.658,cpu04,ok,
12_matrix_hybrid,pipeline R=28 T=2 s0,pipeline,64,0,1,1,28,2,224,224,224,4,7,2,2,311.210,56.505,94.799,55.239,69.912,27.620,15.042,17.655,4.835,0.000,26.108,77.530,93.6,,,21.312,cpu04,ok,
12_matrix_hybrid,pipeline R=28 T=4 s0,pipeline,64,0,1,1,28,4,224,224,224,4,7,2,2,309.541,56.658,90.591,56.161,65.146,27.736,14.936,17.410,4.134,0.000,33.427,77.114,92.8,,,21.042,cpu04,ok,
12_matrix_hybrid,pipeline R=56 T=1 s0,pipeline,64,0,1,1,56,1,224,224,224,4,7,4,2,276.090,63.569,86.974,51.801,57.796,25.051,12.602,13.626,6.264,0.000,21.976,137.561,59.5,,,21.345,cpu04,ok,
12_matrix_hybrid,pipeline R=56 T=2 s0,pipeline,64,0,1,1,56,2,224,224,224,4,7,4,2,265.134,56.344,79.489,50.418,52.772,22.558,12.651,13.794,6.577,0.000,26.875,132.102,60.4,,,19.564,cpu04,ok,
12_matrix_hybrid,schur s1 seriale,schur,64,1,0,0,1,1,224,224,224,4,1,1,1,2684.113,0.000,1381.929,335.185,317.276,207.439,201.496,214.388,26.399,0.000,0.001,23.881,1313.2,,,695.246,cpu04,ok,
12_matrix_hybrid,schur s1 T(1),schur,64,1,0,1,1,1,224,224,224,4,1,1,1,2528.079,0.000,1357.024,311.528,293.822,184.570,175.913,184.384,20.823,0.000,0.015,22.493,1334.1,,,650.533,cpu04,ok,
12_matrix_hybrid,schur R=1 T=1 s1,schur,64,1,1,1,1,1,224,224,224,4,1,1,1,2788.736,0.000,1466.505,339.357,332.994,206.924,201.665,214.880,26.401,0.000,0.010,24.812,1333.8,,,707.248,cpu04,ok,
12_matrix_hybrid,schur R=1 T=2 s1,schur,64,1,1,1,1,2,224,224,224,4,1,1,1,1406.439,0.000,730.917,178.300,164.509,106.065,103.294,108.744,14.599,0.000,0.011,12.513,1335.2,,,351.502,cpu04,ok,
12_matrix_hybrid,schur R=1 T=4 s1,schur,64,1,1,1,1,4,224,224,224,4,1,1,1,743.518,0.000,383.342,95.994,90.982,57.156,52.437,54.513,9.086,0.000,0.008,6.615,1339.3,,,182.617,cpu04,ok,
12_matrix_hybrid,schur R=1 T=7 s1,schur,64,1,1,1,1,7,224,224,224,4,1,1,1,450.789,0.000,227.045,58.146,56.304,36.283,31.060,32.013,9.929,0.000,0.009,4.011,1347.5,,,104.830,cpu04,ok,
12_matrix_hybrid,schur R=1 T=8 s1,schur,64,1,1,1,1,8,224,224,224,4,1,1,1,388.342,0.000,192.993,47.721,57.451,31.136,25.952,26.971,6.111,0.000,0.007,3.455,1347.9,,,86.316,cpu04,ok,
12_matrix_hybrid,schur R=1 T=14 s1,schur,64,1,1,1,1,14,224,224,224,4,1,1,1,287.250,0.000,140.497,32.728,44.372,25.028,16.867,17.028,10.721,0.000,0.009,2.556,1375.3,,,62.420,cpu04,ok,
12_matrix_hybrid,schur R=1 T=28 s1,schur,64,1,1,1,1,28,224,224,224,4,1,1,1,249.857,0.000,131.354,23.335,38.256,22.689,11.855,11.718,10.642,0.000,0.008,2.223,1418.3,,,60.267,cpu04,ok,
12_matrix_hybrid,schur R=1 T=56 s1,schur,64,1,1,1,1,56,224,224,224,4,1,1,1,225.544,0.000,124.186,16.794,35.274,20.632,10.666,11.500,6.483,0.000,0.009,2.007,1462.0,,,49.016,cpu04,ok,
12_matrix_hybrid,schur R=1 T=112 s1,schur,64,1,1,1,1,112,224,224,224,4,1,1,1,302.262,0.000,180.940,16.871,34.572,27.391,17.758,17.888,6.832,0.000,0.010,2.689,1592.2,,,52.469,cpu04,ok,
12_matrix_hybrid,schur R=2 T=1 s1,schur,64,1,1,1,2,1,224,224,224,4,2,1,1,1594.631,123.584,907.003,109.474,174.786,114.058,110.163,105.206,14.481,0.000,59.460,28.376,691.1,,,309.837,cpu04,ok,
12_matrix_hybrid,schur R=2 T=2 s1,schur,64,1,1,1,2,2,224,224,224,4,2,1,1,1073.899,82.714,680.234,56.094,86.917,89.782,52.995,50.822,7.392,0.000,49.663,19.110,690.0,,,152.603,cpu04,ok,
12_matrix_hybrid,schur R=2 T=4 s1,schur,64,1,1,1,2,4,224,224,224,4,2,1,1,832.989,54.589,556.993,29.878,47.544,84.116,27.441,26.673,4.674,0.000,55.670,14.823,689.3,,,78.428,cpu04,ok,
12_matrix_hybrid,schur R=2 T=7 s1,schur,64,1,1,1,2,7,224,224,224,4,2,1,1,721.591,48.583,512.770,22.669,33.200,79.326,16.540,16.086,4.384,0.000,36.616,12.840,691.5,,,47.062,cpu04,ok,
12_matrix_hybrid,schur R=2 T=8 s1,schur,64,1,1,1,2,8,224,224,224,4,2,1,1,701.794,46.421,502.861,20.873,28.585,79.077,14.592,14.345,4.563,0.000,36.898,12.488,693.0,,,41.058,cpu04,ok,
12_matrix_hybrid,schur R=2 T=14 s1,schur,64,1,1,1,2,14,224,224,224,4,2,1,1,736.841,49.676,528.981,17.136,20.816,89.973,9.151,9.230,4.796,0.000,56.758,13.112,693.1,,,36.788,cpu04,ok,
12_matrix_hybrid,schur R=2 T=28 s1,schur,64,1,1,1,2,28,224,224,224,4,2,1,1,819.215,38.394,611.171,16.629,18.293,104.934,6.300,5.990,5.081,0.000,50.817,14.578,697.4,,,24.397,cpu04,ok,
12_matrix_hybrid,schur R=2 T=56 s1,schur,64,1,1,1,2,56,224,224,224,4,2,1,1,865.245,39.321,650.512,19.223,20.038,107.596,6.951,5.259,6.452,0.000,49.214,15.397,714.6,,,32.069,cpu04,ok,
12_matrix_hybrid,schur R=4 T=1 s1,schur,64,1,1,1,4,1,224,224,224,4,2,2,1,1256.570,89.928,468.775,490.777,94.892,58.692,46.146,55.336,10.063,0.000,31.889,44.720,360.5,,,162.867,cpu04,ok,
12_matrix_hybrid,schur R=4 T=2 s1,schur,64,1,1,1,4,2,224,224,224,4,2,2,1,892.044,85.211,335.185,355.827,49.291,47.795,40.670,26.503,4.261,0.000,32.512,31.747,360.5,,,78.839,cpu04,ok,
12_matrix_hybrid,schur R=4 T=4 s1,schur,64,1,1,1,4,4,224,224,224,4,2,2,1,705.183,38.827,268.294,272.890,29.374,44.974,39.402,13.765,3.820,0.000,32.664,25.097,362.2,,,38.506,cpu04,ok,
12_matrix_hybrid,schur R=4 T=7 s1,schur,64,1,1,1,4,7,224,224,224,4,2,2,1,714.085,43.680,272.693,268.258,21.842,49.346,50.170,8.577,4.003,0.000,39.196,25.414,363.1,,,26.853,cpu04,ok,
12_matrix_hybrid,schur R=4 T=8 s1,schur,64,1,1,1,4,8,224,224,224,4,2,2,1,710.245,53.834,271.440,268.906,19.759,50.832,50.165,7.809,4.130,0.000,37.204,25.277,362.2,,,25.839,cpu04,ok,
12_matrix_hybrid,schur R=4 T=14 s1,schur,64,1,1,1,4,14,224,224,224,4,2,2,1,794.514,36.261,303.250,315.646,18.525,55.872,57.004,5.973,3.625,0.000,34.619,28.276,364.2,,,22.897,cpu04,ok,
12_matrix_hybrid,schur R=4 T=28 s1,schur,64,1,1,1,4,28,224,224,224,4,2,2,1,858.919,50.900,322.691,346.294,19.038,61.749,55.772,6.123,4.738,0.000,42.514,30.568,370.1,,,21.514,cpu04,ok,
12_matrix_hybrid,schur R=7 T=1 s1,schur,64,1,1,1,7,1,224,224,224,4,7,1,1,650.741,178.645,347.208,34.942,65.131,44.136,24.844,32.276,9.583,0.000,92.621,40.529,224.9,,,115.957,cpu04,ok,
12_matrix_hybrid,schur R=7 T=2 s1,schur,64,1,1,1,7,2,224,224,224,4,7,1,1,526.676,120.882,276.751,24.873,44.576,47.971,13.412,16.297,10.896,0.000,91.900,32.802,224.9,,,55.351,cpu04,ok,7 rank non si dividono fra 2 socket: niente localita' NUMA
12_matrix_hybrid,schur R=7 T=4 s1,schur,64,1,1,1,7,4,224,224,224,4,7,1,1,518.430,131.918,299.506,24.468,33.236,46.155,8.974,9.816,10.135,0.000,86.140,32.288,223.1,,,40.482,cpu04,ok,7 rank non si dividono fra 2 socket: niente localita' NUMA
12_matrix_hybrid,schur R=7 T=7 s1,schur,64,1,1,1,7,7,224,224,224,4,7,1,1,461.572,164.280,298.708,17.657,25.003,43.582,5.529,6.433,5.436,0.000,59.224,28.747,223.1,,,22.451,cpu04,ok,7 rank non si dividono fra 2 socket: niente localita' NUMA
12_matrix_hybrid,schur R=7 T=8 s1,schur,64,1,1,1,7,8,224,224,224,4,7,1,1,445.108,136.156,290.706,17.762,25.007,43.690,5.200,5.816,5.153,0.000,51.774,27.722,222.2,,,24.070,cpu04,ok,7 rank non si dividono fra 2 socket: niente localita' NUMA
12_matrix_hybrid,schur R=7 T=14 s1,schur,64,1,1,1,7,14,224,224,224,4,7,1,1,494.770,169.002,328.263,19.194,24.633,48.473,4.846,4.728,6.129,0.000,58.504,30.815,223.1,,,21.540,cpu04,ok,7 rank non si dividono fra 2 socket: niente localita' NUMA
12_matrix_hybrid,schur R=8 T=1 s1,schur,64,1,1,1,8,1,224,224,224,4,2,2,2,831.363,75.115,241.986,256.830,226.066,33.464,23.996,29.969,9.573,0.000,9.479,59.175,194.2,,,84.624,cpu04,ok,
12_matrix_hybrid,schur R=8 T=2 s1,schur,64,1,1,1,8,2,224,224,224,4,2,2,2,589.685,50.419,166.592,169.971,158.033,30.176,21.223,24.755,4.151,0.000,14.784,41.973,193.4,,,37.906,cpu04,ok,
12_matrix_hybrid,schur R=8 T=4 s1,schur,64,1,1,1,8,4,224,224,224,4,2,2,2,541.451,34.943,157.005,152.640,142.734,28.440,21.832,22.411,4.730,0.000,11.659,38.539,191.6,,,22.723,cpu04,ok,
12_matrix_hybrid,schur R=8 T=7 s1,schur,64,1,1,1,8,7,224,224,224,4,2,2,2,585.903,34.993,165.533,165.415,159.249,31.363,25.941,25.090,4.017,0.000,9.295,41.703,192.5,,,18.197,cpu04,ok,
12_matrix_hybrid,schur R=8 T=8 s1,schur,64,1,1,1,8,8,224,224,224,4,2,2,2,577.126,50.915,165.053,158.235,157.436,31.190,23.762,23.784,4.005,0.000,13.661,41.079,191.6,,,21.876,cpu04,ok,
12_matrix_hybrid,schur R=8 T=14 s1,schur,64,1,1,1,8,14,224,224,224,4,2,2,2,612.958,29.253,171.560,170.394,166.146,33.374,27.097,26.131,4.247,0.000,14.009,43.629,186.4,,,16.486,cpu04,ok,
12_matrix_hybrid,schur R=14 T=1 s1,schur,64,1,1,1,14,1,224,224,224,4,7,2,1,449.985,85.037,180.609,99.260,35.753,28.927,16.959,18.007,9.763,0.000,60.707,56.051,125.1,,,55.149,cpu04,ok,
12_matrix_hybrid,schur R=14 T=2 s1,schur,64,1,1,1,14,2,224,224,224,4,7,2,1,369.331,78.069,152.190,107.224,23.053,24.616,16.561,8.798,4.443,0.000,32.446,46.004,126.0,,,26.470,cpu04,ok,
12_matrix_hybrid,schur R=14 T=4 s1,schur,64,1,1,1,14,4,224,224,224,4,7,2,1,379.712,81.598,156.018,113.517,19.358,26.045,19.211,5.143,4.427,0.000,35.993,47.298,124.2,,,17.329,cpu04,ok,
12_matrix_hybrid,schur R=14 T=7 s1,schur,64,1,1,1,14,7,224,224,224,4,7,2,1,412.789,87.191,173.692,122.229,20.180,28.734,19.932,4.354,4.903,0.000,38.765,51.418,125.1,,,18.134,cpu04,ok,
12_matrix_hybrid,schur R=14 T=8 s1,schur,64,1,1,1,14,8,224,224,224,4,7,2,1,403.288,89.345,171.815,116.811,19.627,28.809,18.835,3.858,4.949,0.000,38.584,50.234,124.2,,,16.909,cpu04,ok,
12_matrix_hybrid,schur R=28 T=1 s1,schur,64,1,1,1,28,1,224,224,224,4,7,2,2,359.041,63.013,114.130,63.901,78.704,22.860,11.171,11.394,10.301,0.000,46.580,89.445,75.2,,,33.704,cpu04,ok,
12_matrix_hybrid,schur R=28 T=2 s1,schur,64,1,1,1,28,2,224,224,224,4,7,2,2,291.735,62.264,94.207,61.703,62.934,20.436,11.593,11.408,3.913,0.000,25.541,72.678,75.2,,,17.075,cpu04,ok,
12_matrix_hybrid,schur R=28 T=4 s1,schur,64,1,1,1,28,4,224,224,224,4,7,2,2,301.907,65.371,98.403,59.066,67.567,18.622,10.248,10.661,4.533,0.000,32.807,75.212,75.2,,,15.136,cpu04,ok,
12_matrix_hybrid,schur R=56 T=1 s1,schur,64,1,1,1,56,1,224,224,224,4,7,4,2,200.134,52.098,62.943,41.618,42.053,16.371,7.383,6.813,6.089,0.000,16.864,99.716,50.8,,,18.398,cpu04,ok,
12_matrix_hybrid,schur R=56 T=2 s1,schur,64,1,1,1,56,2,224,224,224,4,7,4,2,207.521,54.114,62.710,42.914,44.233,17.341,7.448,5.949,6.182,0.000,20.744,103.396,50.8,,,14.629,cpu04,ok,
12_matrix_hybrid,pipeline s1 seriale,pipeline,64,1,0,0,1,1,224,224,224,4,1,1,1,5039.126,0.000,3020.990,540.148,602.143,459.402,199.102,188.254,29.086,0.000,0.001,44.834,1825.2,,,681.385,cpu04,ok,
12_matrix_hybrid,pipeline s1 T(1),pipeline,64,1,0,1,1,1,224,224,224,4,1,1,1,4409.420,0.000,2743.128,445.365,480.588,347.383,186.765,183.591,22.594,0.000,0.006,39.232,1846.2,,,628.186,cpu04,ok,
12_matrix_hybrid,pipeline R=1 T=1 s1,pipeline,64,1,1,1,1,1,224,224,224,4,1,1,1,5759.569,0.000,3134.679,747.519,836.015,529.402,246.991,235.844,29.111,0.000,0.008,51.244,1845.4,,,690.534,cpu04,ok,
12_matrix_hybrid,pipeline R=1 T=2 s1,pipeline,64,1,1,1,1,2,224,224,224,4,1,1,1,4320.180,0.000,1837.324,740.381,896.572,348.956,238.361,242.563,16.017,0.000,0.006,38.438,1845.4,,,361.860,cpu04,ok,
12_matrix_hybrid,pipeline R=1 T=4 s1,pipeline,64,1,1,1,1,4,224,224,224,4,1,1,1,3920.095,0.000,1168.768,915.276,1000.863,250.565,282.292,291.376,10.949,0.000,0.006,34.878,1845.4,,,192.677,cpu04,ok,
12_matrix_hybrid,pipeline R=1 T=7 s1,pipeline,64,1,1,1,1,7,224,224,224,4,1,1,1,4527.129,0.000,1074.025,1188.329,1214.422,277.560,388.343,374.729,9.715,0.000,0.006,40.279,1841.9,,,127.673,cpu04,ok,
12_matrix_hybrid,pipeline R=1 T=8 s1,pipeline,64,1,1,1,1,8,224,224,224,4,1,1,1,10198.031,0.000,2263.081,2693.317,2668.185,734.139,926.547,905.255,7.499,0.000,0.008,90.734,1841.9,,,129.514,cpu04,ok,
12_matrix_hybrid,pipeline R=1 T=14 s1,pipeline,64,1,1,1,1,14,224,224,224,4,1,1,1,6475.263,0.000,1385.150,1747.916,1751.406,416.139,576.314,587.363,10.967,0.000,0.008,57.612,1836.6,,,95.662,cpu04,ok,
12_matrix_hybrid,pipeline R=1 T=28 s1,pipeline,64,1,1,1,1,28,224,224,224,4,1,1,1,9388.706,0.000,2195.050,2311.290,2409.895,705.828,881.010,875.045,10.576,0.000,0.012,83.534,1830.5,,,100.933,cpu04,ok,
12_matrix_hybrid,pipeline R=1 T=56 s1,pipeline,64,1,1,1,1,56,224,224,224,4,1,1,1,19503.219,0.000,4780.270,4714.470,4649.496,1517.963,1947.400,1886.781,6.830,0.000,0.009,173.525,1806.9,,,158.409,cpu04,ok,
12_matrix_hybrid,pipeline R=1 T=112 s1,pipeline,64,1,1,1,1,112,224,224,224,4,1,1,1,19006.020,0.000,4895.113,4850.050,4793.453,1507.404,1485.047,1468.115,6.822,0.000,0.016,169.101,1810.4,,,190.752,cpu04,ok,
12_matrix_hybrid,pipeline R=2 T=1 s1,pipeline,64,1,1,1,2,1,224,224,224,4,2,1,1,2936.612,137.892,1525.841,356.508,467.415,244.393,123.402,123.589,15.714,0.000,79.750,52.256,945.9,,,312.856,cpu04,ok,
12_matrix_hybrid,pipeline R=2 T=2 s1,pipeline,64,1,1,1,2,2,224,224,224,4,2,1,1,2068.280,176.764,803.218,365.593,435.677,146.502,112.346,120.283,8.712,0.000,75.949,36.804,945.9,,,158.749,cpu04,ok,
12_matrix_hybrid,pipeline R=2 T=4 s1,pipeline,64,1,1,1,2,4,224,224,224,4,2,1,1,1988.745,162.786,581.869,433.334,497.529,131.492,134.969,139.330,5.068,0.000,65.154,35.389,945.0,,,89.181,cpu04,ok,
12_matrix_hybrid,pipeline R=2 T=7 s1,pipeline,64,1,1,1,2,7,224,224,224,4,2,1,1,2325.257,75.086,558.570,571.135,604.388,146.689,181.773,185.981,4.870,0.000,71.851,41.377,942.4,,,63.375,cpu04,ok,
12_matrix_hybrid,pipeline R=2 T=8 s1,pipeline,64,1,1,1,2,8,224,224,224,4,2,1,1,2839.404,530.347,676.959,721.010,689.800,206.597,228.349,228.566,5.002,0.000,83.121,50.526,943.2,,,57.064,cpu04,ok,
12_matrix_hybrid,pipeline R=2 T=14 s1,pipeline,64,1,1,1,2,14,224,224,224,4,2,1,1,3180.424,138.106,706.131,808.294,815.859,213.041,279.433,267.560,5.406,0.000,84.700,56.594,938.9,,,54.911,cpu04,ok,
12_matrix_hybrid,pipeline R=2 T=28 s1,pipeline,64,1,1,1,2,28,224,224,224,4,2,1,1,9212.047,4309.210,2392.228,2295.190,2209.492,756.376,727.352,713.794,4.879,0.000,112.736,163.924,933.6,,,58.750,cpu04,ok,
12_matrix_hybrid,pipeline R=2 T=56 s1,pipeline,64,1,1,1,2,56,224,224,224,4,2,1,1,9492.222,4528.722,2557.536,2286.186,2240.147,786.507,767.684,754.726,4.901,0.000,94.535,168.909,923.1,,,76.326,cpu04,ok,
12_matrix_hybrid,pipeline R=4 T=1 s1,pipeline,64,1,1,1,4,1,224,224,224,4,2,2,1,1573.713,138.708,794.710,212.597,222.701,127.193,69.119,62.758,9.178,0.000,75.457,56.007,489.1,,,164.019,cpu04,ok,
12_matrix_hybrid,pipeline R=4 T=2 s1,pipeline,64,1,1,1,4,2,224,224,224,4,2,2,1,1084.289,117.269,411.653,202.737,210.150,79.142,69.534,64.909,4.972,0.000,41.192,38.589,488.2,,,85.459,cpu04,ok,
12_matrix_hybrid,pipeline R=4 T=4 s1,pipeline,64,1,1,1,4,4,224,224,224,4,2,2,1,1061.758,140.872,300.669,240.909,257.072,71.502,79.566,75.749,2.613,0.000,33.678,37.787,486.5,,,46.061,cpu04,ok,
12_matrix_hybrid,pipeline R=4 T=7 s1,pipeline,64,1,1,1,4,7,224,224,224,4,2,2,1,1363.365,223.589,345.680,387.655,332.964,95.505,126.437,110.706,4.729,0.000,-40.311,48.521,486.5,,,37.151,cpu04,ok,
12_matrix_hybrid,pipeline R=4 T=8 s1,pipeline,64,1,1,1,4,8,224,224,224,4,2,2,1,1484.148,304.156,359.241,432.863,362.521,105.055,144.788,119.331,2.567,0.000,-42.218,52.819,487.4,,,33.490,cpu04,ok,
12_matrix_hybrid,pipeline R=4 T=14 s1,pipeline,64,1,1,1,4,14,224,224,224,4,2,2,1,1771.568,131.334,401.664,462.775,430.772,119.931,154.262,148.005,4.158,0.000,50.001,63.048,480.4,,,31.792,cpu04,ok,
12_matrix_hybrid,pipeline R=4 T=28 s1,pipeline,64,1,1,1,4,28,224,224,224,4,2,2,1,2489.786,886.568,656.843,830.452,573.437,209.666,283.692,193.495,2.495,0.000,-260.294,88.609,477.8,,,35.091,cpu04,ok,
12_matrix_hybrid,pipeline R=7 T=1 s1,pipeline,64,1,1,1,7,1,224,224,224,4,7,1,1,926.584,111.603,422.474,92.073,152.082,72.739,36.259,39.840,8.947,0.000,102.170,57.708,298.4,,,100.813,cpu04,ok,
12_matrix_hybrid,pipeline R=7 T=2 s1,pipeline,64,1,1,1,7,2,224,224,224,4,7,1,1,764.979,102.315,279.222,96.058,144.803,65.274,30.992,41.798,6.848,0.000,99.984,47.644,296.6,,,60.140,cpu04,ok,7 rank non si dividono fra 2 socket: niente localita' NUMA
12_matrix_hybrid,pipeline R=7 T=4 s1,pipeline,64,1,1,1,7,4,224,224,224,4,7,1,1,797.136,89.151,240.144,129.683,161.645,77.375,45.002,55.312,5.649,0.000,82.326,49.646,297.5,,,46.835,cpu04,ok,7 rank non si dividono fra 2 socket: niente localita' NUMA
12_matrix_hybrid,pipeline R=7 T=7 s1,pipeline,64,1,1,1,7,7,224,224,224,4,7,1,1,962.352,198.451,279.247,190.487,209.073,78.232,67.794,69.853,1.934,0.000,65.732,59.936,295.8,,,33.672,cpu04,ok,7 rank non si dividono fra 2 socket: niente localita' NUMA
12_matrix_hybrid,pipeline R=7 T=8 s1,pipeline,64,1,1,1,7,8,224,224,224,4,7,1,1,1160.994,393.571,307.568,236.212,272.622,85.188,86.521,94.647,1.737,0.000,76.499,72.308,293.1,,,33.765,cpu04,ok,7 rank non si dividono fra 2 socket: niente localita' NUMA
12_matrix_hybrid,pipeline R=7 T=14 s1,pipeline,64,1,1,1,7,14,224,224,224,4,7,1,1,1013.618,253.403,297.024,193.741,215.993,93.464,71.044,75.851,2.722,0.000,63.779,63.129,293.1,,,33.331,cpu04,ok,7 rank non si dividono fra 2 socket: niente localita' NUMA
12_matrix_hybrid,pipeline R=8 T=1 s1,pipeline,64,1,1,1,8,1,224,224,224,4,2,2,2,842.520,83.292,414.038,115.709,131.771,69.966,41.952,39.388,8.552,0.000,21.144,59.969,257.2,,,88.538,cpu04,ok,
12_matrix_hybrid,pipeline R=8 T=2 s1,pipeline,64,1,1,1,8,2,224,224,224,4,2,2,2,575.070,82.943,205.338,102.351,116.354,41.478,37.144,39.438,4.105,0.000,28.862,40.932,257.2,,,41.547,cpu04,ok,
12_matrix_hybrid,pipeline R=8 T=4 s1,pipeline,64,1,1,1,8,4,224,224,224,4,2,2,2,571.655,91.622,166.021,128.074,132.655,42.859,41.007,43.528,3.595,0.000,13.916,40.689,256.4,,,25.805,cpu04,ok,
12_matrix_hybrid,pipeline R=8 T=7 s1,pipeline,64,1,1,1,8,7,224,224,224,4,2,2,2,767.982,144.674,191.258,208.773,187.745,56.553,71.763,71.653,2.998,0.000,-22.761,54.663,254.6,,,21.785,cpu04,ok,
12_matrix_hybrid,pipeline R=8 T=8 s1,pipeline,64,1,1,1,8,8,224,224,224,4,2,2,2,583.771,85.323,172.684,143.892,135.229,44.687,45.913,47.568,2.710,0.000,-8.912,41.552,255.5,,,25.406,cpu04,ok,
12_matrix_hybrid,pipeline R=8 T=14 s1,pipeline,64,1,1,1,8,14,224,224,224,4,2,2,2,837.387,225.068,218.185,231.749,217.341,64.877,85.049,81.281,2.668,0.000,-63.763,59.604,251.1,,,21.821,cpu04,ok,
12_matrix_hybrid,pipeline R=14 T=1 s1,pipeline,64,1,1,1,14,1,224,224,224,4,7,2,1,553.446,71.365,229.722,71.286,84.396,47.715,20.492,24.176,10.302,0.000,65.357,68.938,161.9,,,51.531,cpu04,ok,
12_matrix_hybrid,pipeline R=14 T=2 s1,pipeline,64,1,1,1,14,2,224,224,224,4,7,2,1,388.435,72.988,137.952,57.630,76.856,39.069,17.308,21.834,4.541,0.000,33.245,48.384,161.9,,,28.591,cpu04,ok,
12_matrix_hybrid,pipeline R=14 T=4 s1,pipeline,64,1,1,1,14,4,224,224,224,4,7,2,1,408.557,70.909,125.529,73.011,87.680,35.051,24.836,29.228,1.792,0.000,31.430,50.890,160.1,,,24.171,cpu04,ok,
12_matrix_hybrid,pipeline R=14 T=7 s1,pipeline,64,1,1,1,14,7,224,224,224,4,7,2,1,456.563,77.876,137.268,90.910,88.683,37.085,31.094,33.425,2.030,0.000,36.068,56.870,160.1,,,24.780,cpu04,ok,
12_matrix_hybrid,pipeline R=14 T=8 s1,pipeline,64,1,1,1,14,8,224,224,224,4,7,2,1,438.366,74.471,134.501,83.468,88.730,38.841,27.390,30.553,1.671,0.000,33.212,54.604,160.1,,,22.201,cpu04,ok,
12_matrix_hybrid,pipeline R=28 T=1 s1,pipeline,64,1,1,1,28,1,224,224,224,4,7,2,2,432.423,66.620,159.369,67.598,73.459,35.465,16.668,21.519,9.919,0.000,48.426,107.727,93.6,,,34.850,cpu04,ok,
12_matrix_hybrid,pipeline R=28 T=2 s1,pipeline,64,1,1,1,28,2,224,224,224,4,7,2,2,294.793,57.264,97.530,49.334,55.518,28.667,16.155,18.353,5.644,0.000,23.592,73.440,93.6,,,19.869,cpu04,ok,
12_matrix_hybrid,pipeline R=28 T=4 s1,pipeline,64,1,1,1,28,4,224,224,224,4,7,2,2,295.232,56.895,94.821,49.719,55.857,27.933,16.457,19.928,4.468,0.000,26.049,73.549,92.8,,,21.965,cpu04,ok,
12_matrix_hybrid,pipeline R=56 T=1 s1,pipeline,64,1,1,1,56,1,224,224,224,4,7,4,2,271.006,69.263,89.536,56.208,49.178,27.504,12.968,15.855,6.415,0.000,13.342,135.028,60.4,,,20.103,cpu04,ok,
12_matrix_hybrid,pipeline R=56 T=2 s1,pipeline,64,1,1,1,56,2,224,224,224,4,7,4,2,266.847,68.598,83.467,52.337,49.596,23.753,12.722,14.486,6.776,0.000,23.710,132.956,60.4,,,19.840,cpu04,ok,
12_matrix_hybrid,schur s1 seriale,schur,64,1,0,0,1,1,128,128,128,10,1,1,1,438.642,0.000,238.699,37.317,58.755,36.898,30.779,32.401,3.792,0.000,0.001,20.916,250.2,,,108.816,cpu04,ok,
12_matrix_hybrid,schur s1 T(1),schur,64,1,0,1,1,1,128,128,128,10,1,1,1,441.339,0.000,238.852,41.508,59.244,34.165,30.697,33.064,3.802,0.000,0.007,21.045,271.2,,,107.633,cpu04,ok,
12_matrix_hybrid,schur R=1 T=1 s1,schur,64,1,1,1,1,1,128,128,128,10,1,1,1,456.355,0.000,254.524,39.829,60.239,34.432,30.739,32.745,3.839,0.000,0.008,21.761,270.4,,,110.143,cpu04,ok,
12_matrix_hybrid,schur R=1 T=2 s1,schur,64,1,1,1,1,2,128,128,128,10,1,1,1,229.278,0.000,128.139,19.181,30.113,18.528,16.032,15.388,1.891,0.000,0.006,10.933,270.8,,,55.506,cpu04,ok,
12_matrix_hybrid,schur R=1 T=4 s1,schur,64,1,1,1,1,4,128,128,128,10,1,1,1,123.014,0.000,69.257,10.375,16.218,9.881,8.170,7.965,1.141,0.000,0.007,5.866,272.1,,,30.974,cpu04,ok,
12_matrix_hybrid,schur R=1 T=7 s1,schur,64,1,1,1,1,7,128,128,128,10,1,1,1,74.875,0.000,39.940,7.227,10.467,6.751,4.860,4.680,0.944,0.000,0.006,3.570,273.8,,,17.462,cpu04,ok,
12_matrix_hybrid,schur R=1 T=8 s1,schur,64,1,1,1,1,8,128,128,128,10,1,1,1,64.942,0.000,34.791,5.236,10.660,5.426,3.497,4.805,0.521,0.000,0.006,3.097,275.0,,,14.796,cpu04,ok,
12_matrix_hybrid,schur R=1 T=14 s1,schur,64,1,1,1,1,14,128,128,128,10,1,1,1,44.902,0.000,23.400,3.978,6.779,4.960,2.512,2.347,0.918,0.000,0.008,2.141,271.4,,,10.397,cpu04,ok,
12_matrix_hybrid,schur R=1 T=28 s1,schur,64,1,1,1,1,28,128,128,128,10,1,1,1,30.582,0.000,15.365,2.728,4.644,4.314,1.410,1.365,0.749,0.000,0.007,1.458,272.2,,,7.231,cpu04,ok,
12_matrix_hybrid,schur R=1 T=56 s1,schur,64,1,1,1,1,56,128,128,128,10,1,1,1,39.810,0.000,27.263,2.716,4.352,2.973,0.838,1.256,0.404,0.000,0.008,1.898,324.2,,,5.662,cpu04,ok,
12_matrix_hybrid,schur R=1 T=112 s1,schur,64,1,1,1,1,112,128,128,128,10,1,1,1,65.741,0.000,52.391,3.393,4.389,3.206,0.902,1.020,0.430,0.000,0.010,3.135,373.9,,,8.835,cpu04,ok,
12_matrix_hybrid,schur R=2 T=1 s1,schur,64,1,1,1,2,1,128,128,128,10,2,1,1,278.137,19.793,161.575,22.437,32.279,18.955,15.040,16.877,2.073,0.000,8.901,26.525,150.5,,,50.368,cpu04,ok,
12_matrix_hybrid,schur R=2 T=2 s1,schur,64,1,1,1,2,2,128,128,128,10,2,1,1,178.958,17.213,119.767,9.832,13.653,15.081,6.729,6.758,0.771,0.000,6.367,17.067,152.2,,,25.013,cpu04,ok,
12_matrix_hybrid,schur R=2 T=4 s1,schur,64,1,1,1,2,4,128,128,128,10,2,1,1,141.556,12.253,101.171,5.057,7.044,14.379,3.544,3.465,0.436,0.000,6.460,13.500,151.4,,,13.881,cpu04,ok,
12_matrix_hybrid,schur R=2 T=7 s1,schur,64,1,1,1,2,7,128,128,128,10,2,1,1,125.729,8.670,92.370,3.305,4.379,14.189,2.310,2.246,0.320,0.000,6.610,11.990,149.6,,,8.793,cpu04,ok,
12_matrix_hybrid,schur R=2 T=8 s1,schur,64,1,1,1,2,8,128,128,128,10,2,1,1,122.953,9.353,91.182,2.906,3.871,14.219,1.935,1.898,0.303,0.000,6.639,11.726,150.5,,,7.897,cpu04,ok,
12_matrix_hybrid,schur R=2 T=14 s1,schur,64,1,1,1,2,14,128,128,128,10,2,1,1,124.686,9.109,94.545,2.279,2.918,15.437,1.326,1.182,0.255,0.000,6.744,11.891,147.9,,,5.816,cpu04,ok,
12_matrix_hybrid,schur R=2 T=28 s1,schur,64,1,1,1,2,28,128,128,128,10,2,1,1,145.892,9.243,111.387,2.004,3.447,19.171,0.987,0.763,0.381,0.000,7.752,13.913,147.9,,,5.674,cpu04,ok,
12_matrix_hybrid,schur R=2 T=56 s1,schur,64,1,1,1,2,56,128,128,128,10,2,1,1,158.063,11.122,120.987,2.025,2.654,20.896,1.099,0.585,0.405,0.000,9.412,15.074,125.1,,,6.276,cpu04,ok,
12_matrix_hybrid,schur R=4 T=1 s1,schur,64,1,1,1,4,1,128,128,128,10,2,2,1,197.031,15.727,83.501,63.144,17.212,10.455,8.769,8.202,1.122,0.000,4.626,37.581,89.2,,,26.774,cpu04,ok,
12_matrix_hybrid,schur R=4 T=2 s1,schur,64,1,1,1,4,2,128,128,128,10,2,2,1,148.254,11.011,62.778,52.819,7.869,8.926,7.799,3.752,0.620,0.000,3.691,28.277,87.5,,,14.241,cpu04,ok,
12_matrix_hybrid,schur R=4 T=4 s1,schur,64,1,1,1,4,4,128,128,128,10,2,2,1,130.253,8.052,51.509,49.968,4.845,8.495,8.269,2.033,0.417,0.000,4.717,24.844,88.4,,,7.713,cpu04,ok,
12_matrix_hybrid,schur R=4 T=7 s1,schur,64,1,1,1,4,7,128,128,128,10,2,2,1,133.064,8.533,51.566,52.943,3.802,9.125,8.870,1.355,0.367,0.000,5.036,25.380,86.6,,,5.748,cpu04,ok,
12_matrix_hybrid,schur R=4 T=8 s1,schur,64,1,1,1,4,8,128,128,128,10,2,2,1,136.819,13.236,53.331,55.052,3.040,9.530,9.284,1.223,0.314,0.000,5.045,26.096,88.4,,,5.647,cpu04,ok,
12_matrix_hybrid,schur R=4 T=14 s1,schur,64,1,1,1,4,14,128,128,128,10,2,2,1,154.558,8.539,58.125,65.341,3.068,10.706,11.004,0.968,0.285,0.000,5.061,29.480,85.8,,,4.363,cpu04,ok,
12_matrix_hybrid,schur R=4 T=28 s1,schur,64,1,1,1,4,28,128,128,128,10,2,2,1,161.496,9.723,63.988,64.485,2.762,11.403,11.313,0.973,0.324,0.000,6.248,30.803,80.9,,,5.345,cpu04,ok,
12_matrix_hybrid,schur R=7 T=1 s1,schur,64,1,1,1,7,1,128,128,128,10,7,1,1,120.413,19.888,68.400,7.049,13.023,9.571,4.686,5.369,0.796,0.000,11.519,38.681,64.8,,,20.715,cpu04,ok,
12_matrix_hybrid,schur R=7 T=2 s1,schur,64,1,1,1,7,2,128,128,128,10,7,1,1,97.385,21.051,58.114,4.917,7.619,8.052,2.391,2.740,0.609,0.000,12.943,31.284,65.6,,,11.735,cpu04,ok,7 rank non si dividono fra 2 socket: niente localita' NUMA
12_matrix_hybrid,schur R=7 T=4 s1,schur,64,1,1,1,7,4,128,128,128,10,7,1,1,96.408,26.780,61.827,4.314,5.344,8.152,1.431,1.621,0.621,0.000,13.098,30.970,63.9,,,8.061,cpu04,ok,7 rank non si dividono fra 2 socket: niente localita' NUMA
12_matrix_hybrid,schur R=7 T=7 s1,schur,64,1,1,1,7,7,128,128,128,10,7,1,1,86.464,33.216,61.674,1.903,3.126,7.820,0.886,0.932,0.258,0.000,9.865,27.776,62.1,,,4.433,cpu04,ok,7 rank non si dividono fra 2 socket: niente localita' NUMA
12_matrix_hybrid,schur R=7 T=8 s1,schur,64,1,1,1,7,8,128,128,128,10,7,1,1,87.889,34.134,63.294,2.083,3.385,7.571,0.761,0.772,0.307,0.000,9.716,28.233,60.4,,,4.287,cpu04,ok,7 rank non si dividono fra 2 socket: niente localita' NUMA
12_matrix_hybrid,schur R=7 T=14 s1,schur,64,1,1,1,7,14,128,128,128,10,7,1,1,99.921,39.986,72.245,2.112,3.095,8.996,0.734,0.644,0.265,0.000,11.830,32.098,62.1,,,4.298,cpu04,ok,7 rank non si dividono fra 2 socket: niente localita' NUMA
12_matrix_hybrid,schur R=8 T=1 s1,schur,64,1,1,1,8,1,128,128,128,10,2,2,2,133.659,8.849,42.549,32.903,39.769,6.228,4.385,4.610,0.822,0.000,2.393,50.987,56.9,,,13.691,cpu04,ok,
12_matrix_hybrid,schur R=8 T=2 s1,schur,64,1,1,1,8,2,128,128,128,10,2,2,2,105.147,8.014,31.221,27.762,30.051,4.951,3.951,3.971,0.451,0.000,2.789,40.110,56.9,,,6.865,cpu04,ok,
12_matrix_hybrid,schur R=8 T=4 s1,schur,64,1,1,1,8,4,128,128,128,10,2,2,2,103.413,10.130,29.643,28.376,28.161,5.074,4.685,4.253,0.296,0.000,2.925,39.449,56.0,,,4.444,cpu04,ok,
12_matrix_hybrid,schur R=8 T=7 s1,schur,64,1,1,1,8,7,128,128,128,10,2,2,2,112.651,7.052,31.474,32.126,30.603,5.304,5.281,4.860,0.354,0.000,2.649,42.973,56.0,,,3.455,cpu04,ok,
12_matrix_hybrid,schur R=8 T=8 s1,schur,64,1,1,1,8,8,128,128,128,10,2,2,2,112.179,9.345,32.215,30.608,30.543,5.431,4.911,4.433,0.335,0.000,3.703,42.793,54.2,,,4.499,cpu04,ok,
12_matrix_hybrid,schur R=8 T=14 s1,schur,64,1,1,1,8,14,128,128,128,10,2,2,2,119.647,7.534,32.901,32.992,32.659,5.710,5.615,5.178,0.367,0.000,4.225,45.642,49.9,,,3.375,cpu04,ok,
12_matrix_hybrid,schur R=14 T=1 s1,schur,64,1,1,1,14,1,128,128,128,10,7,2,1,88.976,19.628,41.164,21.508,7.974,6.751,2.939,2.743,0.698,0.000,5.199,57.165,45.5,,,12.617,cpu04,ok,
12_matrix_hybrid,schur R=14 T=2 s1,schur,64,1,1,1,14,2,128,128,128,10,7,2,1,77.324,22.393,35.792,21.882,4.077,5.576,3.662,1.346,0.323,0.000,4.666,49.679,43.8,,,5.941,cpu04,ok,
12_matrix_hybrid,schur R=14 T=4 s1,schur,64,1,1,1,14,4,128,128,128,10,7,2,1,82.402,24.541,38.428,25.770,2.735,5.610,4.457,0.850,0.219,0.000,4.333,52.941,43.8,,,4.222,cpu04,ok,
12_matrix_hybrid,schur R=14 T=7 s1,schur,64,1,1,1,14,7,128,128,128,10,7,2,1,89.819,27.739,43.966,25.930,2.781,6.258,4.419,0.673,0.218,0.000,5.574,57.707,43.8,,,4.171,cpu04,ok,
12_matrix_hybrid,schur R=14 T=8 s1,schur,64,1,1,1,14,8,128,128,128,10,7,2,1,87.154,27.604,42.729,25.425,2.263,6.325,4.344,0.610,0.205,0.000,5.253,55.994,45.5,,,3.792,cpu04,ok,
12_matrix_hybrid,schur R=28 T=1 s1,schur,64,1,1,1,28,1,128,128,128,10,7,2,2,69.598,17.495,24.525,12.584,18.324,8.411,1.841,1.764,0.890,0.000,1.259,89.430,35.0,,,7.456,cpu04,ok,
12_matrix_hybrid,schur R=28 T=2 s1,schur,64,1,1,1,28,2,128,128,128,10,7,2,2,58.698,16.196,20.960,12.971,13.585,5.460,2.181,1.930,0.304,0.000,1.307,75.424,34.1,,,3.632,cpu04,ok,
12_matrix_hybrid,schur R=28 T=4 s1,schur,64,1,1,1,28,4,128,128,128,10,7,2,2,60.969,16.783,23.574,12.790,13.283,3.729,2.042,1.954,0.307,0.000,3.290,78.342,33.2,,,3.309,cpu04,ok,
12_matrix_hybrid,schur R=56 T=1 s1,schur,64,1,1,1,56,1,128,128,128,10,7,4,2,40.856,14.891,14.682,8.569,9.095,4.444,1.200,0.929,0.529,0.000,1.408,104.996,30.6,,,3.998,cpu04,ok,
12_matrix_hybrid,schur R=56 T=2 s1,schur,64,1,1,1,56,2,128,128,128,10,7,4,2,42.083,15.219,14.168,9.146,8.131,3.764,1.430,1.231,0.587,0.000,3.626,108.150,30.6,,,3.377,cpu04,ok,
12_matrix_hybrid,pipeline s1 seriale,pipeline,64,1,0,0,1,1,128,128,128,10,1,1,1,792.592,0.000,467.376,79.176,114.814,58.306,34.381,33.974,4.564,0.000,0.001,37.794,344.8,,,107.968,cpu04,ok,
12_matrix_hybrid,pipeline s1 T(1),pipeline,64,1,0,1,1,1,128,128,128,10,1,1,1,777.891,0.000,470.067,80.651,102.586,52.666,33.764,34.091,4.061,0.000,0.005,37.093,366.6,,,110.612,cpu04,ok,
12_matrix_hybrid,pipeline R=1 T=1 s1,pipeline,64,1,1,1,1,1,128,128,128,10,1,1,1,920.688,0.000,487.524,111.802,157.924,70.024,44.434,44.003,4.972,0.000,0.005,43.902,365.8,,,118.451,cpu04,ok,
12_matrix_hybrid,pipeline R=1 T=2 s1,pipeline,64,1,1,1,1,2,128,128,128,10,1,1,1,705.040,0.000,270.498,134.637,163.143,47.692,41.383,45.064,2.618,0.000,0.005,33.619,364.9,,,58.991,cpu04,ok,
12_matrix_hybrid,pipeline R=1 T=4 s1,pipeline,64,1,1,1,1,4,128,128,128,10,1,1,1,717.120,0.000,212.862,166.432,178.037,47.235,53.759,57.090,1.699,0.000,0.006,34.195,364.9,,,35.123,cpu04,ok,
12_matrix_hybrid,pipeline R=1 T=7 s1,pipeline,64,1,1,1,1,7,128,128,128,10,1,1,1,942.938,0.000,237.772,240.439,239.049,65.699,80.196,78.049,1.729,0.000,0.005,44.963,363.1,,,22.332,cpu04,ok,
12_matrix_hybrid,pipeline R=1 T=8 s1,pipeline,64,1,1,1,1,8,128,128,128,10,1,1,1,1512.165,0.000,326.245,403.468,398.309,87.022,151.506,144.351,1.258,0.000,0.006,72.106,364.0,,,25.011,cpu04,ok,
12_matrix_hybrid,pipeline R=1 T=14 s1,pipeline,64,1,1,1,1,14,128,128,128,10,1,1,1,1678.991,0.000,420.913,424.175,412.135,135.759,145.413,138.989,1.601,0.000,0.006,80.061,362.2,,,17.705,cpu04,ok,
12_matrix_hybrid,pipeline R=1 T=28 s1,pipeline,64,1,1,1,1,28,128,128,128,10,1,1,1,1723.206,0.000,413.831,423.639,414.994,132.824,173.801,163.031,1.080,0.000,0.006,82.169,355.2,,,19.589,cpu04,ok,
12_matrix_hybrid,pipeline R=1 T=56 s1,pipeline,64,1,1,1,1,56,128,128,128,10,1,1,1,3535.606,0.000,905.502,834.515,820.788,280.836,361.365,331.770,0.821,0.000,0.009,168.591,351.8,,,39.271,cpu04,ok,
12_matrix_hybrid,pipeline R=1 T=112 s1,pipeline,64,1,1,1,1,112,128,128,128,10,1,1,1,3733.044,0.000,985.586,921.124,909.431,298.312,317.755,299.986,0.833,0.000,0.017,178.005,322.9,,,58.103,cpu04,ok,
12_matrix_hybrid,pipeline R=2 T=1 s1,pipeline,64,1,1,1,2,1,128,128,128,10,2,1,1,450.477,15.877,224.663,52.594,76.690,33.663,21.346,23.972,2.559,0.000,14.990,42.961,199.5,,,51.173,cpu04,ok,
12_matrix_hybrid,pipeline R=2 T=2 s1,pipeline,64,1,1,1,2,2,128,128,128,10,2,1,1,359.880,36.132,138.281,63.679,77.112,24.831,19.012,23.155,1.178,0.000,12.632,34.321,198.6,,,26.989,cpu04,ok,
12_matrix_hybrid,pipeline R=2 T=4 s1,pipeline,64,1,1,1,2,4,128,128,128,10,2,1,1,372.238,34.245,111.473,80.266,89.252,25.127,26.355,27.996,0.648,0.000,11.121,35.499,197.8,,,16.429,cpu04,ok,
12_matrix_hybrid,pipeline R=2 T=7 s1,pipeline,64,1,1,1,2,7,128,128,128,10,2,1,1,420.547,21.202,108.719,101.194,103.928,27.717,34.973,33.472,0.496,0.000,10.048,40.106,196.0,,,11.818,cpu04,ok,
12_matrix_hybrid,pipeline R=2 T=8 s1,pipeline,64,1,1,1,2,8,128,128,128,10,2,1,1,505.092,72.952,127.722,123.587,120.773,36.453,44.002,41.635,0.464,0.000,10.456,48.169,194.2,,,10.715,cpu04,ok,
12_matrix_hybrid,pipeline R=2 T=14 s1,pipeline,64,1,1,1,2,14,128,128,128,10,2,1,1,581.209,23.472,139.800,145.906,142.322,41.210,51.350,49.395,0.378,0.000,10.848,55.428,191.6,,,9.508,cpu04,ok,
12_matrix_hybrid,pipeline R=2 T=28 s1,pipeline,64,1,1,1,2,28,128,128,128,10,2,1,1,925.674,24.136,228.248,219.585,214.203,71.959,91.129,84.376,0.353,0.000,15.821,88.279,184.6,,,10.601,cpu04,ok,
12_matrix_hybrid,pipeline R=2 T=56 s1,pipeline,64,1,1,1,2,56,128,128,128,10,2,1,1,1801.821,867.422,491.949,432.699,424.946,151.717,145.557,140.203,0.348,0.000,14.402,171.835,178.5,,,15.940,cpu04,ok,
12_matrix_hybrid,pipeline R=4 T=1 s1,pipeline,64,1,1,1,4,1,128,128,128,10,2,2,1,240.512,15.244,116.610,31.713,42.300,17.825,11.548,11.392,1.490,0.000,7.634,45.874,112.9,,,26.648,cpu04,ok,
12_matrix_hybrid,pipeline R=4 T=2 s1,pipeline,64,1,1,1,4,2,128,128,128,10,2,2,1,179.867,15.481,71.162,31.648,37.525,12.417,10.723,10.748,0.585,0.000,5.059,34.307,112.0,,,14.356,cpu04,ok,
12_matrix_hybrid,pipeline R=4 T=4 s1,pipeline,64,1,1,1,4,4,128,128,128,10,2,2,1,188.715,24.895,56.812,45.383,43.576,12.914,15.095,13.880,0.303,0.000,0.752,35.995,112.0,,,8.237,cpu04,ok,
12_matrix_hybrid,pipeline R=4 T=7 s1,pipeline,64,1,1,1,4,7,128,128,128,10,2,2,1,253.393,47.954,66.988,74.040,59.853,18.065,23.869,19.584,0.221,0.000,-9.227,48.331,108.5,,,6.307,cpu04,ok,
12_matrix_hybrid,pipeline R=4 T=8 s1,pipeline,64,1,1,1,4,8,128,128,128,10,2,2,1,270.207,48.499,68.902,76.836,62.992,19.621,27.064,22.377,0.209,0.000,-7.794,51.538,109.4,,,6.382,cpu04,ok,
12_matrix_hybrid,pipeline R=4 T=14 s1,pipeline,64,1,1,1,4,14,128,128,128,10,2,2,1,436.328,135.219,111.805,107.934,100.574,35.351,38.523,35.150,0.211,0.000,6.780,83.223,105.0,,,5.812,cpu04,ok,
12_matrix_hybrid,pipeline R=4 T=28 s1,pipeline,64,1,1,1,4,28,128,128,128,10,2,2,1,469.126,197.044,129.087,117.109,106.021,38.728,39.628,36.223,0.200,0.000,2.130,89.479,102.4,,,7.007,cpu04,ok,
12_matrix_hybrid,pipeline R=7 T=1 s1,pipeline,64,1,1,1,7,1,128,128,128,10,7,1,1,172.162,26.158,77.773,22.289,31.017,16.370,6.893,7.399,1.019,0.000,9.402,55.305,78.8,,,18.581,cpu04,ok,
12_matrix_hybrid,pipeline R=7 T=2 s1,pipeline,64,1,1,1,7,2,128,128,128,10,7,1,1,142.968,21.326,53.505,21.963,29.501,14.335,6.170,7.490,0.718,0.000,9.286,45.927,78.8,,,11.865,cpu04,ok,7 rank non si dividono fra 2 socket: niente localita' NUMA
12_matrix_hybrid,pipeline R=7 T=4 s1,pipeline,64,1,1,1,7,4,128,128,128,10,7,1,1,150.031,20.313,49.660,26.016,30.620,12.133,8.422,9.667,0.436,0.000,13.077,48.195,77.9,,,9.802,cpu04,ok,7 rank non si dividono fra 2 socket: niente localita' NUMA
12_matrix_hybrid,pipeline R=7 T=7 s1,pipeline,64,1,1,1,7,7,128,128,128,10,7,1,1,173.415,28.857,51.994,34.850,36.982,20.405,12.138,12.135,0.213,0.000,4.698,55.707,76.1,,,6.823,cpu04,ok,7 rank non si dividono fra 2 socket: niente localita' NUMA
12_matrix_hybrid,pipeline R=7 T=8 s1,pipeline,64,1,1,1,7,8,128,128,128,10,7,1,1,289.638,147.529,80.389,64.512,63.953,24.057,21.840,21.913,0.180,0.000,12.794,93.043,75.2,,,7.784,cpu04,ok,7 rank non si dividono fra 2 socket: niente localita' NUMA
12_matrix_hybrid,pipeline R=7 T=14 s1,pipeline,64,1,1,1,7,14,128,128,128,10,7,1,1,193.912,65.773,61.535,38.504,39.374,35.286,12.912,13.267,0.180,0.000,-7.146,62.292,74.4,,,6.655,cpu04,ok,7 rank non si dividono fra 2 socket: niente localita' NUMA
12_matrix_hybrid,pipeline R=8 T=1 s1,pipeline,64,1,1,1,8,1,128,128,128,10,2,2,2,132.000,10.070,62.269,16.939,24.796,10.091,6.074,6.344,1.309,0.000,4.178,50.354,69.1,,,14.147,cpu04,ok,
12_matrix_hybrid,pipeline R=8 T=2 s1,pipeline,64,1,1,1,8,2,128,128,128,10,2,2,2,98.266,15.318,36.308,16.833,21.548,7.013,5.444,6.508,0.428,0.000,4.184,37.485,68.2,,,7.325,cpu04,ok,
12_matrix_hybrid,pipeline R=8 T=4 s1,pipeline,64,1,1,1,8,4,128,128,128,10,2,2,2,106.827,14.271,31.364,23.603,26.763,7.612,8.078,7.889,0.199,0.000,1.319,40.751,67.4,,,4.950,cpu04,ok,
12_matrix_hybrid,pipeline R=8 T=7 s1,pipeline,64,1,1,1,8,7,128,128,128,10,2,2,2,141.360,28.450,36.513,39.237,34.738,10.107,12.702,11.247,0.143,0.000,-3.327,53.925,65.6,,,4.000,cpu04,ok,
12_matrix_hybrid,pipeline R=8 T=8 s1,pipeline,64,1,1,1,8,8,128,128,128,10,2,2,2,113.368,26.022,33.955,27.253,26.340,8.372,8.669,8.547,0.271,0.000,-0.039,43.247,67.4,,,4.999,cpu04,ok,
12_matrix_hybrid,pipeline R=8 T=14 s1,pipeline,64,1,1,1,8,14,128,128,128,10,2,2,2,152.104,36.561,42.291,43.354,36.921,11.650,14.343,12.945,0.144,0.000,-9.544,58.023,64.8,,,4.107,cpu04,ok,
12_matrix_hybrid,pipeline R=14 T=1 s1,pipeline,64,1,1,1,14,1,128,128,128,10,7,2,1,103.066,18.534,43.868,16.295,18.274,9.684,3.744,4.312,1.192,0.000,5.697,66.217,52.5,,,10.206,cpu04,ok,
12_matrix_hybrid,pipeline R=14 T=2 s1,pipeline,64,1,1,1,14,2,128,128,128,10,7,2,1,73.771,17.117,27.792,12.026,14.945,7.678,3.217,3.411,0.322,0.000,4.380,47.396,51.6,,,6.192,cpu04,ok,
12_matrix_hybrid,pipeline R=14 T=4 s1,pipeline,64,1,1,1,14,4,128,128,128,10,7,2,1,76.447,14.734,25.020,13.891,15.656,6.516,5.167,4.940,0.189,0.000,5.068,49.115,49.9,,,4.926,cpu04,ok,
12_matrix_hybrid,pipeline R=14 T=7 s1,pipeline,64,1,1,1,14,7,128,128,128,10,7,2,1,88.246,18.329,29.003,16.585,16.516,6.989,5.823,5.677,0.194,0.000,7.459,56.696,49.9,,,5.251,cpu04,ok,
12_matrix_hybrid,pipeline R=14 T=8 s1,pipeline,64,1,1,1,14,8,128,128,128,10,7,2,1,82.105,17.790,28.640,15.360,15.598,7.578,5.010,4.782,0.203,0.000,4.934,52.751,49.9,,,4.897,cpu04,ok,
12_matrix_hybrid,pipeline R=28 T=1 s1,pipeline,64,1,1,1,28,1,128,128,128,10,7,2,2,72.680,14.962,27.909,12.729,13.807,6.563,2.545,3.634,1.060,0.000,4.433,93.390,38.5,,,6.727,cpu04,ok,
12_matrix_hybrid,pipeline R=28 T=2 s1,pipeline,64,1,1,1,28,2,128,128,128,10,7,2,2,50.664,12.749,18.058,9.290,10.462,4.190,1.967,2.437,0.336,0.000,3.924,65.101,37.6,,,4.151,cpu04,ok,
12_matrix_hybrid,pipeline R=28 T=4 s1,pipeline,64,1,1,1,28,4,128,128,128,10,7,2,2,51.419,13.247,18.201,9.411,10.111,4.146,2.138,2.492,0.299,0.000,4.621,66.071,37.6,,,4.363,cpu04,ok,
12_matrix_hybrid,pipeline R=56 T=1 s1,pipeline,64,1,1,1,56,1,128,128,128,10,7,4,2,43.416,12.924,16.091,8.421,8.510,3.760,1.389,1.415,0.618,0.000,3.212,111.575,32.4,,,3.735,cpu04,ok,
12_matrix_hybrid,pipeline R=56 T=2 s1,pipeline,64,1,1,1,56,2,128,128,128,10,7,4,2,43.069,13.870,15.571,8.320,8.271,3.856,1.467,1.596,0.548,0.000,3.440,110.683,32.4,,,3.802,cpu04,ok,
13_matrix_batch,pipeline 128^3 s0 b=8 seriale,pipeline,8,0,0,0,1,1,128,128,128,10,1,1,1,1012.571,0.000,397.293,234.465,261.948,46.748,33.291,35.682,3.143,0.000,0.001,48.283,344.8,,,97.805,cpu01,ok,
13_matrix_batch,pipeline 128^3 s0 b=8 T(1),pipeline,8,0,0,1,1,1,128,128,128,10,1,1,1,1050.143,0.000,420.855,238.861,268.083,47.612,32.969,37.286,4.472,0.000,0.005,50.075,365.8,,,111.753,cpu01,ok,
13_matrix_batch,pipeline 128^3 s0 b=16 seriale,pipeline,16,0,0,0,1,1,128,128,128,10,1,1,1,978.072,0.000,393.804,229.421,237.292,46.968,33.400,34.057,3.129,0.000,0.001,46.638,344.8,,,98.454,cpu01,ok,
13_matrix_batch,pipeline 128^3 s0 b=16 T(1),pipeline,16,0,0,1,1,1,128,128,128,10,1,1,1,1012.265,0.000,415.374,236.632,240.901,47.409,32.836,34.737,4.371,0.000,0.005,48.269,365.8,,,110.930,cpu01,ok,
13_matrix_batch,pipeline 128^3 s0 b=32 seriale,pipeline,32,0,0,0,1,1,128,128,128,10,1,1,1,951.764,0.000,393.413,224.465,216.729,45.926,34.673,33.179,3.377,0.000,0.002,45.384,344.8,,,97.374,cpu01,ok,
13_matrix_batch,pipeline 128^3 s0 b=32 T(1),pipeline,32,0,0,1,1,1,128,128,128,10,1,1,1,982.222,0.000,410.612,231.604,220.596,48.166,33.007,33.937,4.295,0.000,0.005,46.836,365.8,,,104.954,cpu01,ok,
13_matrix_batch,pipeline 128^3 s0 b=64 seriale,pipeline,64,0,0,0,1,1,128,128,128,10,1,1,1,939.585,0.000,414.346,215.071,194.034,48.553,32.631,31.919,3.031,0.000,0.000,44.803,344.8,,,97.251,cpu01,ok,
13_matrix_batch,pipeline 128^3 s0 b=64 T(1),pipeline,64,0,0,1,1,1,128,128,128,10,1,1,1,971.003,0.000,430.927,221.587,197.929,49.849,33.745,32.684,4.277,0.000,0.005,46.301,365.8,,,103.183,cpu01,ok,
13_matrix_batch,pipeline 128^3 s0 b=128 seriale,pipeline,128,0,0,0,1,1,128,128,128,10,1,1,1,994.479,0.000,470.141,213.491,184.037,59.418,32.686,31.807,2.898,0.000,0.001,47.420,345.6,,,97.765,cpu01,ok,
13_matrix_batch,pipeline 128^3 s0 b=128 T(1),pipeline,128,0,0,1,1,1,128,128,128,10,1,1,1,1025.074,0.000,487.741,220.675,187.394,61.080,31.797,32.366,4.017,0.000,0.004,48.879,365.8,,,107.765,cpu01,ok,
13_matrix_batch,pipeline 128^3 s0 b=256 seriale,pipeline,256,0,0,0,1,1,128,128,128,10,1,1,1,1017.505,0.000,500.803,211.404,177.094,61.723,32.355,31.222,2.902,0.000,0.002,48.518,345.6,,,98.017,cpu01,ok,
13_matrix_batch,pipeline 128^3 s0 b=256 T(1),pipeline,256,0,0,1,1,1,128,128,128,10,1,1,1,1050.137,0.000,521.461,215.031,183.562,62.116,31.191,32.434,4.336,0.000,0.006,50.074,365.8,,,110.021,cpu01,ok,
13_matrix_batch,pipeline 128^3 s0 b=512 seriale,pipeline,512,0,0,0,1,1,128,128,128,10,1,1,1,1076.664,0.000,558.241,211.752,175.464,65.019,32.197,30.939,3.049,0.000,0.003,51.339,345.6,,,100.691,cpu01,ok,
13_matrix_batch,pipeline 128^3 s0 b=512 T(1),pipeline,512,0,0,1,1,1,128,128,128,10,1,1,1,1110.195,0.000,574.584,218.414,182.853,66.987,31.142,31.998,4.212,0.000,0.005,52.938,365.8,,,109.891,cpu01,ok,
13_matrix_batch,pipeline 128^3 s0 b=1024 seriale,pipeline,1024,0,0,0,1,1,128,128,128,10,1,1,1,1105.661,0.000,587.944,211.921,173.485,66.108,32.208,30.813,3.181,0.000,0.001,52.722,346.5,,,102.108,cpu01,ok,
13_matrix_batch,pipeline 128^3 s0 b=1024 T(1),pipeline,1024,0,0,1,1,1,128,128,128,10,1,1,1,1140.494,0.000,604.940,218.523,180.970,68.561,31.117,31.761,4.617,0.000,0.005,54.383,366.6,,,112.587,cpu01,ok,
13_matrix_batch,pipeline 128^3 s0 b=2048 seriale,pipeline,2048,0,0,0,1,1,128,128,128,10,1,1,1,1146.302,0.000,610.809,216.276,172.453,81.045,31.943,30.623,3.151,0.000,0.002,54.660,347.4,,,100.177,cpu01,ok,
13_matrix_batch,pipeline 128^3 s0 b=2048 T(1),pipeline,2048,0,0,1,1,1,128,128,128,10,1,1,1,1180.804,0.000,630.951,221.161,179.912,80.846,31.469,31.699,4.760,0.000,0.006,56.305,367.5,,,111.657,cpu01,ok,
13_matrix_batch,pipeline 128^3 s0 b=4096 seriale,pipeline,4096,0,0,0,1,1,128,128,128,10,1,1,1,1207.570,0.000,653.571,215.387,171.834,101.083,32.093,30.411,3.188,0.000,0.003,57.581,349.1,,,100.242,cpu01,ok,
13_matrix_batch,pipeline 128^3 s0 b=4096 T(1),pipeline,4096,0,0,1,1,1,128,128,128,10,1,1,1,1242.548,0.000,669.112,223.077,179.031,104.148,31.035,31.402,4.736,0.000,0.007,59.249,369.2,,,111.846,cpu01,ok,
13_matrix_batch,schur 128^3 s0 seriale,schur,64,0,0,0,1,1,128,128,128,10,1,1,1,683.280,0.000,220.754,198.348,172.020,31.051,28.036,30.400,2.671,0.000,-0.000,32.581,249.4,,,97.393,cpu01,ok,riferimento per il batch
13_matrix_batch,schur 128^3 s0 T(1),schur,64,0,0,1,1,1,128,128,128,10,1,1,1,698.015,0.000,227.341,201.155,175.388,32.496,27.817,30.227,3.583,0.000,0.008,33.284,269.5,,,103.539,cpu01,ok,riferimento per il batch
13_matrix_batch,pipeline 128^3 s0 1x1 b=8,pipeline,8,0,1,1,1,1,128,128,128,10,1,1,1,2113.295,0.000,614.800,532.663,605.467,128.139,109.263,118.890,4.067,0.000,0.006,100.770,364.9,,,110.995,cpu01,ok,
13_matrix_batch,pipeline 128^3 s0 1x1 b=16,pipeline,16,0,1,1,1,1,128,128,128,10,1,1,1,1598.111,0.000,504.259,373.176,478.883,91.176,71.392,74.969,4.253,0.000,0.003,76.204,364.9,,,107.783,cpu01,ok,
13_matrix_batch,pipeline 128^3 s0 1x1 b=32,pipeline,32,0,1,1,1,1,128,128,128,10,1,1,1,1328.088,0.000,449.604,299.922,399.745,69.927,52.473,52.564,3.849,0.000,0.004,63.328,365.8,,,110.806,cpu01,ok,
13_matrix_batch,pipeline 128^3 s0 1x1 b=64,pipeline,64,0,1,1,1,1,128,128,128,10,1,1,1,1176.394,0.000,447.054,263.828,317.096,61.118,41.834,41.683,3.776,0.000,0.005,56.095,365.8,,,107.853,cpu01,ok,
13_matrix_batch,pipeline 128^3 s0 1x1 b=128,pipeline,128,0,1,1,1,1,128,128,128,10,1,1,1,1154.714,0.000,489.568,250.034,269.669,66.593,37.849,37.282,3.714,0.000,0.005,55.061,365.8,,,105.988,cpu01,ok,
13_matrix_batch,pipeline 128^3 s0 1x1 b=256,pipeline,256,0,1,1,1,1,128,128,128,10,1,1,1,1141.012,0.000,515.690,241.240,244.388,66.187,34.691,35.145,3.667,0.000,0.004,54.408,365.8,,,106.350,cpu01,ok,
13_matrix_batch,pipeline 128^3 s0 1x1 b=512,pipeline,512,0,1,1,1,1,128,128,128,10,1,1,1,1179.889,0.000,565.068,239.639,236.412,68.226,33.552,33.108,3.880,0.000,0.004,56.261,366.6,,,109.530,cpu01,ok,
13_matrix_batch,pipeline 128^3 s0 1x1 b=1024,pipeline,1024,0,1,1,1,1,128,128,128,10,1,1,1,1200.220,0.000,585.564,245.306,231.834,68.448,32.799,32.355,3.908,0.000,0.006,57.231,366.6,,,109.934,cpu01,ok,
13_matrix_batch,pipeline 128^3 s0 1x1 b=2048,pipeline,2048,0,1,1,1,1,128,128,128,10,1,1,1,1245.369,0.000,608.686,251.506,230.118,86.728,32.558,31.892,3.876,0.000,0.005,59.384,367.5,,,110.471,cpu01,ok,
13_matrix_batch,pipeline 128^3 s0 1x1 b=4096,pipeline,4096,0,1,1,1,1,128,128,128,10,1,1,1,1302.055,0.000,648.632,245.886,232.009,106.766,32.508,31.672,4.575,0.000,0.007,62.087,369.2,,,111.298,cpu01,ok,
13_matrix_batch,schur 128^3 s0 1x1,schur,64,0,1,1,1,1,128,128,128,10,1,1,1,751.149,0.000,241.960,229.046,188.999,31.147,27.243,29.668,3.078,0.000,0.008,35.818,270.4,,,105.264,cpu01,ok,riferimento per il batch
13_matrix_batch,pipeline 128^3 s0 1x14 b=8,pipeline,8,0,1,1,1,14,128,128,128,10,1,1,1,7363.970,0.000,1700.071,1939.780,1942.583,555.247,611.812,613.706,0.765,0.000,0.006,351.141,362.2,,,40.237,cpu01,ok,
13_matrix_batch,pipeline 128^3 s0 1x14 b=16,pipeline,16,0,1,1,1,14,128,128,128,10,1,1,1,6226.670,0.000,1532.051,1629.119,1541.700,494.158,520.836,508.047,0.752,0.000,0.007,296.911,360.5,,,28.798,cpu01,ok,
13_matrix_batch,pipeline 128^3 s0 1x14 b=32,pipeline,32,0,1,1,1,14,128,128,128,10,1,1,1,2345.320,0.000,480.248,670.566,641.238,155.756,201.109,195.630,0.767,0.000,0.006,111.834,360.5,,,21.493,cpu01,ok,
13_matrix_batch,pipeline 128^3 s0 1x14 b=64,pipeline,64,0,1,1,1,14,128,128,128,10,1,1,1,1222.380,0.000,240.664,365.237,348.944,71.336,99.711,95.671,0.810,0.000,0.007,58.288,362.2,,,15.068,cpu01,ok,
13_matrix_batch,pipeline 128^3 s0 1x14 b=128,pipeline,128,0,1,1,1,14,128,128,128,10,1,1,1,698.911,0.000,143.219,213.598,198.941,39.418,52.171,50.788,0.771,0.000,0.005,33.327,362.2,,,11.380,cpu01,ok,
13_matrix_batch,pipeline 128^3 s0 1x14 b=256,pipeline,256,0,1,1,1,14,128,128,128,10,1,1,1,359.636,0.000,90.863,97.306,98.221,22.432,25.392,24.669,0.748,0.000,0.005,17.149,359.6,,,10.944,cpu01,ok,
13_matrix_batch,pipeline 128^3 s0 1x14 b=512,pipeline,512,0,1,1,1,14,128,128,128,10,1,1,1,225.474,0.000,63.328,57.738,63.035,15.687,13.420,11.601,0.662,0.000,0.003,10.751,356.1,,,9.783,cpu01,ok,
13_matrix_batch,pipeline 128^3 s0 1x14 b=1024,pipeline,1024,0,1,1,1,14,128,128,128,10,1,1,1,177.633,0.000,60.296,40.972,45.449,13.297,8.421,8.493,0.700,0.000,0.005,8.470,359.6,,,9.750,cpu01,ok,
13_matrix_batch,pipeline 128^3 s0 1x14 b=2048,pipeline,2048,0,1,1,1,14,128,128,128,10,1,1,1,146.793,0.000,63.066,27.730,31.423,13.587,4.837,5.452,0.693,0.000,0.005,7.000,364.9,,,9.945,cpu01,ok,
13_matrix_batch,pipeline 128^3 s0 1x14 b=4096,pipeline,4096,0,1,1,1,14,128,128,128,10,1,1,1,130.526,0.000,65.273,22.056,22.980,12.327,3.680,3.600,0.605,0.000,0.005,6.224,364.9,,,10.142,cpu01,ok,
13_matrix_batch,schur 128^3 s0 1x14,schur,64,0,1,1,1,14,128,128,128,10,1,1,1,62.819,0.000,20.325,18.574,15.542,3.400,2.302,2.220,0.451,0.000,0.005,2.995,270.4,,,9.006,cpu01,ok,riferimento per il batch
13_matrix_batch,pipeline 128^3 s0 1x28 b=8,pipeline,8,0,1,1,1,28,128,128,128,10,1,1,1,12017.724,0.000,2938.449,3048.943,3050.332,965.798,1007.160,1006.445,0.588,0.000,0.009,573.050,361.4,,,64.002,cpu01,ok,
13_matrix_batch,pipeline 128^3 s0 1x28 b=16,pipeline,16,0,1,1,1,28,128,128,128,10,1,1,1,6647.076,0.000,1539.654,1765.321,1707.751,510.564,564.458,558.105,1.215,0.000,0.008,316.957,357.9,,,32.472,cpu04,ok,
13_matrix_batch,pipeline 128^3 s0 1x28 b=32,pipeline,32,0,1,1,1,28,128,128,128,10,1,1,1,3882.918,0.000,812.520,1086.300,1059.284,269.453,332.006,322.244,1.105,0.000,0.006,185.152,353.5,,,24.597,cpu04,ok,
13_matrix_batch,pipeline 128^3 s0 1x28 b=64,pipeline,64,0,1,1,1,28,128,128,128,10,1,1,1,1986.846,0.000,411.271,557.962,545.074,134.918,172.108,164.416,1.089,0.000,0.008,94.740,355.2,,,18.289,cpu04,ok,
13_matrix_batch,pipeline 128^3 s0 1x28 b=128,pipeline,128,0,1,1,1,28,128,128,128,10,1,1,1,1131.919,0.000,231.991,332.942,309.761,70.223,96.791,89.119,1.086,0.000,0.006,53.974,350.9,,,12.505,cpu04,ok,
13_matrix_batch,pipeline 128^3 s0 1x28 b=256,pipeline,256,0,1,1,1,28,128,128,128,10,1,1,1,573.314,0.000,127.762,164.055,157.210,38.029,45.028,40.214,1.009,0.000,0.007,27.338,354.4,,,10.000,cpu04,ok,
13_matrix_batch,pipeline 128^3 s0 1x28 b=512,pipeline,512,0,1,1,1,28,128,128,128,10,1,1,1,426.575,0.000,120.506,97.377,93.585,41.487,38.764,33.916,0.933,0.000,0.007,20.341,355.2,,,8.931,cpu04,ok,
13_matrix_batch,pipeline 128^3 s0 1x28 b=1024,pipeline,1024,0,1,1,1,28,128,128,128,10,1,1,1,193.484,0.000,62.744,43.555,49.316,14.901,11.240,10.797,0.925,0.000,0.006,9.226,355.2,,,7.932,cpu04,ok,
13_matrix_batch,pipeline 128^3 s0 1x28 b=2048,pipeline,2048,0,1,1,1,28,128,128,128,10,1,1,1,150.314,0.000,57.239,30.789,35.621,12.563,6.629,6.494,0.973,0.000,0.006,7.168,357.9,,,7.830,cpu04,ok,
13_matrix_batch,pipeline 128^3 s0 1x28 b=4096,pipeline,4096,0,1,1,1,28,128,128,128,10,1,1,1,135.620,0.000,66.416,19.903,24.720,15.010,4.424,4.167,0.974,0.000,0.006,6.467,364.9,,,8.802,cpu04,ok,
13_matrix_batch,schur 128^3 s0 1x28,schur,64,0,1,1,1,28,128,128,128,10,1,1,1,45.641,0.000,15.283,12.084,10.677,4.047,1.398,1.379,0.767,0.000,0.006,2.176,271.0,,,7.459,cpu04,ok,riferimento per il batch
13_matrix_batch,pipeline 128^3 s0 1x56 b=8,pipeline,8,0,1,1,1,56,128,128,128,10,1,1,1,26377.411,0.000,6629.329,6599.261,6598.394,2153.486,2196.711,2199.400,0.821,0.000,0.009,1257.773,336.9,,,166.942,cpu04,ok,
13_matrix_batch,pipeline 128^3 s0 1x56 b=16,pipeline,16,0,1,1,1,56,128,128,128,10,1,1,1,35934.853,0.000,8952.192,9115.617,8939.645,2916.296,3011.772,2998.538,0.779,0.000,0.014,1713.507,329.9,,,101.618,cpu04,ok,
13_matrix_batch,pipeline 128^3 s0 1x56 b=32,pipeline,32,0,1,1,1,56,128,128,128,10,1,1,1,7209.871,0.000,1685.845,1917.953,1855.884,542.175,608.360,598.951,0.691,0.000,0.012,343.793,336.9,,,52.692,cpu04,ok,
13_matrix_batch,pipeline 128^3 s0 1x56 b=64,pipeline,64,0,1,1,1,56,128,128,128,10,1,1,1,4206.763,0.000,910.954,1159.891,1144.117,287.701,360.911,342.435,0.746,0.000,0.008,200.594,341.2,,,38.900,cpu04,ok,
13_matrix_batch,pipeline 128^3 s0 1x56 b=128,pipeline,128,0,1,1,1,56,128,128,128,10,1,1,1,2193.277,0.000,464.475,612.997,598.450,143.916,198.106,174.642,0.683,0.000,0.008,104.584,350.9,,,23.303,cpu04,ok,
13_matrix_batch,pipeline 128^3 s0 1x56 b=256,pipeline,256,0,1,1,1,56,128,128,128,10,1,1,1,1129.113,0.000,250.087,321.899,293.150,73.814,95.123,94.322,0.711,0.000,0.007,53.840,332.5,,,14.796,cpu04,ok,
13_matrix_batch,pipeline 128^3 s0 1x56 b=512,pipeline,512,0,1,1,1,56,128,128,128,10,1,1,1,595.404,0.000,146.148,170.682,151.121,42.323,42.325,42.095,0.703,0.000,0.007,28.391,332.5,,,10.570,cpu04,ok,
13_matrix_batch,pipeline 128^3 s0 1x56 b=1024,pipeline,1024,0,1,1,1,56,128,128,128,10,1,1,1,332.431,0.000,91.931,78.451,94.452,22.532,22.481,21.943,0.632,0.000,0.009,15.852,344.8,,,9.843,cpu04,ok,
13_matrix_batch,pipeline 128^3 s0 1x56 b=2048,pipeline,2048,0,1,1,1,56,128,128,128,10,1,1,1,212.789,0.000,67.362,54.228,45.283,14.863,17.396,13.017,0.630,0.000,0.010,10.147,345.6,,,8.421,cpu04,ok,
13_matrix_batch,pipeline 128^3 s0 1x56 b=4096,pipeline,4096,0,1,1,1,56,128,128,128,10,1,1,1,164.812,0.000,56.351,39.079,38.145,11.887,9.323,9.363,0.655,0.000,0.009,7.859,350.0,,,7.279,cpu04,ok,
13_matrix_batch,schur 128^3 s0 1x56,schur,64,0,1,1,1,56,128,128,128,10,1,1,1,72.961,0.000,26.857,19.747,20.048,3.472,0.840,1.325,0.662,0.000,0.010,3.479,317.6,,,6.557,cpu04,ok,riferimento per il batch
13_matrix_batch,pipeline 128^3 s0 8x1 b=8,pipeline,8,0,1,1,8,1,128,128,128,10,2,2,2,305.625,10.650,86.934,68.076,91.259,20.000,15.532,18.235,1.042,0.000,4.547,116.587,69.1,,,15.105,cpu04,ok,
13_matrix_batch,pipeline 128^3 s0 8x1 b=16,pipeline,16,0,1,1,8,1,128,128,128,10,2,2,2,242.271,11.805,73.835,51.685,76.315,14.398,10.229,11.744,1.086,0.000,2.979,92.419,69.1,,,15.404,cpu04,ok,
13_matrix_batch,pipeline 128^3 s0 8x1 b=32,pipeline,32,0,1,1,8,1,128,128,128,10,2,2,2,203.640,12.509,63.523,41.582,64.949,11.393,7.418,8.054,1.289,0.000,5.432,77.682,69.1,,,14.523,cpu04,ok,
13_matrix_batch,pipeline 128^3 s0 8x1 b=64,pipeline,64,0,1,1,8,1,128,128,128,10,2,2,2,176.074,10.900,60.806,38.415,49.567,10.094,6.074,6.287,1.312,0.000,3.519,67.167,69.1,,,14.393,cpu04,ok,
13_matrix_batch,pipeline 128^3 s0 8x1 b=128,pipeline,128,0,1,1,8,1,128,128,128,10,2,2,2,163.919,11.883,61.038,37.827,39.313,10.058,5.581,5.615,1.214,0.000,3.273,62.530,69.1,,,14.741,cpu04,ok,
13_matrix_batch,pipeline 128^3 s0 8x1 b=256,pipeline,256,0,1,1,8,1,128,128,128,10,2,2,2,167.401,12.799,68.547,37.162,36.233,11.092,5.389,5.430,1.225,0.000,2.323,63.858,69.1,,,14.678,cpu04,ok,
13_matrix_batch,pipeline 128^3 s0 8x1 b=512,pipeline,512,0,1,1,8,1,128,128,128,10,2,2,2,185.842,20.140,85.102,38.574,34.762,12.329,5.467,5.437,0.974,0.000,3.197,70.893,69.1,,,15.766,cpu04,ok,
13_matrix_batch,pipeline 128^3 s0 8x1 b=1024,pipeline,1024,0,1,1,8,1,128,128,128,10,2,2,2,205.592,24.083,93.787,45.731,35.563,13.418,5.766,5.685,0.717,0.000,4.925,78.427,69.1,,,15.231,cpu04,ok,
13_matrix_batch,pipeline 128^3 s0 8x1 b=2048,pipeline,2048,0,1,1,8,1,128,128,128,10,2,2,2,231.272,43.028,110.185,49.009,36.932,16.430,6.859,6.644,0.619,0.000,4.594,88.223,70.0,,,15.069,cpu04,ok,
13_matrix_batch,pipeline 128^3 s0 8x1 b=4096,pipeline,4096,0,1,1,8,1,128,128,128,10,2,2,2,288.578,83.975,143.751,57.066,42.497,26.011,9.100,8.692,0.670,0.000,0.791,110.084,70.9,,,15.421,cpu04,ok,
13_matrix_batch,schur 128^3 s0 8x1,schur,64,0,1,1,8,1,128,128,128,10,2,2,2,130.197,10.028,42.068,31.224,39.077,6.309,4.413,4.606,0.839,0.000,1.661,49.666,56.9,,,14.493,cpu04,ok,riferimento per il batch
13_matrix_batch,pipeline 128^3 s0 8x7 b=8,pipeline,8,0,1,1,8,7,128,128,128,10,2,2,2,924.996,215.274,216.169,294.322,328.477,68.606,93.397,107.934,0.165,0.000,-184.074,352.858,67.4,,,8.006,cpu04,ok,
13_matrix_batch,pipeline 128^3 s0 8x7 b=16,pipeline,16,0,1,1,8,7,128,128,128,10,2,2,2,520.747,101.202,110.883,145.794,158.019,35.155,43.885,46.462,0.165,0.000,-19.616,198.649,66.5,,,5.549,cpu04,ok,
13_matrix_batch,pipeline 128^3 s0 8x7 b=32,pipeline,32,0,1,1,8,7,128,128,128,10,2,2,2,293.162,42.557,59.318,83.450,97.483,18.226,24.007,28.925,0.159,0.000,-18.406,111.832,67.4,,,4.549,cpu04,ok,
13_matrix_batch,pipeline 128^3 s0 8x7 b=64,pipeline,64,0,1,1,8,7,128,128,128,10,2,2,2,162.227,27.412,37.057,46.802,46.870,10.404,12.913,12.600,0.158,0.000,-4.577,61.885,65.6,,,3.755,cpu04,ok,
13_matrix_batch,pipeline 128^3 s0 8x7 b=128,pipeline,128,0,1,1,8,7,128,128,128,10,2,2,2,89.667,12.563,23.183,22.745,25.492,6.115,6.441,6.995,0.127,0.000,-1.431,34.205,64.8,,,3.593,cpu04,ok,
13_matrix_batch,pipeline 128^3 s0 8x7 b=256,pipeline,256,0,1,1,8,7,128,128,128,10,2,2,2,62.293,7.745,18.829,13.811,16.516,4.083,3.121,3.518,0.252,0.000,2.163,23.763,65.6,,,3.686,cpu04,ok,
13_matrix_batch,pipeline 128^3 s0 8x7 b=512,pipeline,512,0,1,1,8,7,128,128,128,10,2,2,2,51.707,7.376,17.436,10.814,12.758,3.243,2.166,2.169,0.183,0.000,2.938,19.725,68.2,,,4.001,cpu04,ok,
13_matrix_batch,pipeline 128^3 s0 8x7 b=1024,pipeline,1024,0,1,1,8,7,128,128,128,10,2,2,2,44.600,6.751,16.639,8.860,9.571,2.845,1.625,1.723,0.204,0.000,3.133,17.014,68.2,,,3.697,cpu04,ok,
13_matrix_batch,pipeline 128^3 s0 8x7 b=2048,pipeline,2048,0,1,1,8,7,128,128,128,10,2,2,2,46.141,9.419,19.381,8.967,8.441,3.269,1.528,1.517,0.178,0.000,2.860,17.602,67.4,,,4.058,cpu04,ok,
13_matrix_batch,pipeline 128^3 s0 8x7 b=4096,pipeline,4096,0,1,1,8,7,128,128,128,10,2,2,2,54.542,17.712,24.792,10.948,8.369,3.720,1.817,1.770,0.175,0.000,2.951,20.806,68.2,,,3.889,cpu04,ok,
13_matrix_batch,schur 128^3 s0 8x7,schur,64,0,1,1,8,7,128,128,128,10,2,2,2,101.421,7.838,27.595,28.015,27.645,4.901,5.018,4.609,0.244,0.000,3.394,38.689,56.0,,,3.188,cpu04,ok,riferimento per il batch
13_matrix_batch,pipeline 128^3 s0 28x2 b=8,pipeline,8,0,1,1,28,2,128,128,128,10,7,2,2,151.028,29.870,37.254,37.376,42.131,11.514,10.191,10.913,0.160,0.000,1.489,194.063,38.5,,,5.290,cpu04,ok,
13_matrix_batch,pipeline 128^3 s0 28x2 b=16,pipeline,16,0,1,1,28,2,128,128,128,10,7,2,2,103.853,18.107,26.295,26.036,28.679,9.084,6.267,6.793,0.149,0.000,0.550,133.446,38.5,,,4.543,cpu04,ok,
13_matrix_batch,pipeline 128^3 s0 28x2 b=32,pipeline,32,0,1,1,28,2,128,128,128,10,7,2,2,67.934,14.803,19.322,13.936,17.625,5.373,3.374,3.884,0.187,0.000,4.233,87.292,38.5,,,4.432,cpu04,ok,
13_matrix_batch,pipeline 128^3 s0 28x2 b=64,pipeline,64,0,1,1,28,2,128,128,128,10,7,2,2,53.453,12.138,16.676,10.649,13.499,4.832,1.987,2.304,0.301,0.000,3.205,68.684,38.5,,,4.024,cpu04,ok,
13_matrix_batch,pipeline 128^3 s0 28x2 b=128,pipeline,128,0,1,1,28,2,128,128,128,10,7,2,2,48.200,10.185,15.530,9.654,11.446,4.295,1.733,1.766,0.354,0.000,3.422,61.934,37.6,,,3.921,cpu04,ok,
13_matrix_batch,pipeline 128^3 s0 28x2 b=256,pipeline,256,0,1,1,28,2,128,128,128,10,7,2,2,46.756,11.328,15.615,9.530,10.562,2.988,1.601,1.632,0.368,0.000,4.460,60.080,38.5,,,3.863,cpu04,ok,
13_matrix_batch,pipeline 128^3 s0 28x2 b=512,pipeline,512,0,1,1,28,2,128,128,128,10,7,2,2,51.497,17.310,16.294,14.104,10.251,3.962,1.468,1.655,0.303,0.000,3.460,66.171,38.5,,,4.073,cpu04,ok,
13_matrix_batch,pipeline 128^3 s0 28x2 b=1024,pipeline,1024,0,1,1,28,2,128,128,128,10,7,2,2,59.606,28.489,18.334,18.285,10.834,5.317,1.687,1.720,0.171,0.000,3.258,76.591,39.4,,,3.705,cpu04,ok,
13_matrix_batch,pipeline 128^3 s0 28x2 b=2048,pipeline,2048,0,1,1,28,2,128,128,128,10,7,2,2,61.204,30.196,23.450,15.898,8.482,7.660,1.776,1.738,0.166,0.000,2.034,78.644,40.2,,,3.588,cpu04,ok,
13_matrix_batch,pipeline 128^3 s0 28x2 b=4096,pipeline,4096,0,1,1,28,2,128,128,128,10,7,2,2,80.722,48.776,39.621,16.729,8.390,10.444,1.868,1.861,0.121,0.000,1.688,103.724,42.0,,,3.801,cpu04,ok,
13_matrix_batch,schur 128^3 s0 28x2,schur,64,0,1,1,28,2,128,128,128,10,7,2,2,54.466,16.082,19.296,11.735,13.348,5.515,2.038,1.915,0.255,0.000,0.364,69.986,34.1,,,3.384,cpu04,ok,riferimento per il batch
13_matrix_batch,pipeline 128^3 s0 56x1 b=8,pipeline,8,0,1,1,56,1,128,128,128,10,7,4,2,67.020,13.874,19.654,14.108,17.286,6.541,3.222,3.156,0.424,0.000,2.629,172.235,32.4,,,4.001,cpu04,ok,
13_matrix_batch,pipeline 128^3 s0 56x1 b=16,pipeline,16,0,1,1,56,1,128,128,128,10,7,4,2,55.639,13.307,16.430,10.952,14.284,5.074,2.150,2.108,0.518,0.000,4.123,142.987,32.4,,,3.808,cpu04,ok,
13_matrix_batch,pipeline 128^3 s0 56x1 b=32,pipeline,32,0,1,1,56,1,128,128,128,10,7,4,2,50.182,12.728,15.282,9.690,13.116,4.664,1.771,1.656,0.531,0.000,3.472,128.964,32.4,,,3.822,cpu04,ok,
13_matrix_batch,pipeline 128^3 s0 56x1 b=64,pipeline,64,0,1,1,56,1,128,128,128,10,7,4,2,46.613,12.408,15.317,9.816,10.628,4.249,1.399,1.475,0.569,0.000,3.160,119.790,32.4,,,3.797,cpu04,ok,
13_matrix_batch,pipeline 128^3 s0 56x1 b=128,pipeline,128,0,1,1,56,1,128,128,128,10,7,4,2,47.184,14.083,15.730,10.045,9.335,3.634,1.429,1.561,0.568,0.000,4.882,121.257,32.4,,,4.005,cpu04,ok,
13_matrix_batch,pipeline 128^3 s0 56x1 b=256,pipeline,256,0,1,1,56,1,128,128,128,10,7,4,2,51.778,19.941,16.483,13.378,9.968,3.590,1.753,1.696,0.455,0.000,4.455,133.063,32.4,,,4.021,cpu04,ok,
13_matrix_batch,pipeline 128^3 s0 56x1 b=512,pipeline,512,0,1,1,56,1,128,128,128,10,7,4,2,60.910,29.863,19.104,17.247,11.485,4.845,2.179,1.953,0.316,0.000,3.781,156.531,33.2,,,4.017,cpu04,ok,
13_matrix_batch,pipeline 128^3 s0 56x1 b=1024,pipeline,1024,0,1,1,56,1,128,128,128,10,7,4,2,72.927,43.435,24.275,25.091,8.968,7.279,3.271,1.869,0.173,0.000,2.001,187.416,33.2,,,3.771,cpu04,ok,
13_matrix_batch,pipeline 128^3 s0 56x1 b=2048,pipeline,2048,0,1,1,56,1,128,128,128,10,7,4,2,90.659,59.809,40.235,23.388,9.387,12.090,3.833,1.846,0.153,0.000,-0.273,232.986,35.0,,,3.835,cpu04,ok,
13_matrix_batch,pipeline 128^3 s0 56x1 b=4096,pipeline,4096,0,1,1,56,1,128,128,128,10,7,4,2,89.433,58.874,40.122,23.598,9.047,11.123,3.952,1.851,0.155,0.000,-0.415,229.833,35.0,,,3.849,cpu04,ok,
13_matrix_batch,schur 128^3 s0 56x1,schur,64,0,1,1,56,1,128,128,128,10,7,4,2,38.403,13.726,13.255,8.069,8.527,4.116,1.177,0.869,0.565,0.000,1.825,98.692,30.6,,,3.623,cpu04,ok,riferimento per il batch
13_matrix_batch,pipeline 128^3 s1 b=8 seriale,pipeline,8,1,0,0,1,1,128,128,128,10,1,1,1,912.547,0.000,443.905,157.875,175.482,53.537,35.529,41.323,4.894,0.000,0.002,43.514,344.8,,,108.833,cpu04,ok,
13_matrix_batch,pipeline 128^3 s1 b=8 T(1),pipeline,8,1,0,1,1,1,128,128,128,10,1,1,1,891.308,0.000,443.061,162.486,158.014,50.118,34.862,38.570,4.193,0.000,0.004,42.501,366.6,,,112.787,cpu04,ok,
13_matrix_batch,pipeline 128^3 s1 b=16 seriale,pipeline,16,1,0,0,1,1,128,128,128,10,1,1,1,845.712,0.000,434.772,89.269,191.055,53.902,35.791,36.373,4.549,0.000,0.001,40.327,344.8,,,108.546,cpu04,ok,
13_matrix_batch,pipeline 128^3 s1 b=16 T(1),pipeline,16,1,0,1,1,1,128,128,128,10,1,1,1,816.344,0.000,444.811,88.646,158.216,49.304,34.783,36.119,4.460,0.000,0.005,38.926,366.6,,,116.060,cpu04,ok,
13_matrix_batch,pipeline 128^3 s1 b=32 seriale,pipeline,32,1,0,0,1,1,128,128,128,10,1,1,1,806.142,0.000,437.674,86.317,149.496,54.153,36.643,37.244,4.613,0.000,0.002,38.440,344.8,,,108.988,cpu04,ok,
13_matrix_batch,pipeline 128^3 s1 b=32 T(1),pipeline,32,1,0,1,1,1,128,128,128,10,1,1,1,755.351,0.000,429.902,83.860,120.621,47.279,35.091,34.697,3.897,0.000,0.004,36.018,365.8,,,110.459,cpu04,ok,
13_matrix_batch,pipeline 128^3 s1 b=64 seriale,pipeline,64,1,0,0,1,1,128,128,128,10,1,1,1,795.595,0.000,466.239,82.660,115.400,58.328,34.425,34.045,4.495,0.000,0.003,37.937,344.8,,,107.771,cpu04,ok,
13_matrix_batch,pipeline 128^3 s1 b=64 T(1),pipeline,64,1,0,1,1,1,128,128,128,10,1,1,1,746.018,0.000,456.068,73.024,96.637,49.169,33.360,33.963,3.792,0.000,0.005,35.573,365.8,,,110.396,cpu04,ok,
13_matrix_batch,pipeline 128^3 s1 b=128 seriale,pipeline,128,1,0,0,1,1,128,128,128,10,1,1,1,865.784,0.000,555.154,72.148,89.594,75.910,34.180,34.417,4.380,0.000,0.001,41.284,345.6,,,117.719,cpu04,ok,
13_matrix_batch,pipeline 128^3 s1 b=128 T(1),pipeline,128,1,0,1,1,1,128,128,128,10,1,1,1,788.404,0.000,517.086,66.565,76.345,58.016,33.153,33.649,3.585,0.000,0.005,37.594,364.9,,,113.001,cpu04,ok,
13_matrix_batch,pipeline 128^3 s1 b=256 seriale,pipeline,256,1,0,0,1,1,128,128,128,10,1,1,1,889.956,0.000,596.581,68.156,78.044,77.365,33.046,32.386,4.377,0.000,0.001,42.436,345.6,,,115.225,cpu04,ok,
13_matrix_batch,pipeline 128^3 s1 b=256 T(1),pipeline,256,1,0,1,1,1,128,128,128,10,1,1,1,802.568,0.000,546.192,61.757,65.383,59.378,32.674,33.774,3.403,0.000,0.007,38.269,365.8,,,116.466,cpu04,ok,
13_matrix_batch,pipeline 128^3 s1 b=512 seriale,pipeline,512,1,0,0,1,1,128,128,128,10,1,1,1,952.879,0.000,657.941,70.883,69.495,84.819,32.903,32.280,4.556,0.000,0.002,45.437,345.6,,,115.088,cpu04,ok,
13_matrix_batch,pipeline 128^3 s1 b=512 T(1),pipeline,512,1,0,1,1,1,128,128,128,10,1,1,1,851.051,0.000,590.087,64.437,60.965,64.747,32.905,34.398,3.507,0.000,0.005,40.581,365.8,,,113.325,cpu04,ok,
13_matrix_batch,pipeline 128^3 s1 b=1024 seriale,pipeline,1024,1,0,0,1,1,128,128,128,10,1,1,1,993.214,0.000,699.010,72.284,65.812,86.552,32.789,32.043,4.722,0.000,0.002,47.360,346.5,,,113.769,cpu04,ok,
13_matrix_batch,pipeline 128^3 s1 b=1024 T(1),pipeline,1024,1,0,1,1,1,128,128,128,10,1,1,1,872.974,0.000,610.540,66.905,59.751,65.202,34.053,32.913,3.605,0.000,0.005,41.627,366.6,,,111.910,cpu04,ok,
13_matrix_batch,pipeline 128^3 s1 b=2048 seriale,pipeline,2048,1,0,0,1,1,128,128,128,10,1,1,1,1041.492,0.000,734.054,78.206,60.966,97.355,34.448,31.847,4.615,0.000,0.001,49.662,347.4,,,117.770,cpu04,ok,
13_matrix_batch,pipeline 128^3 s1 b=2048 T(1),pipeline,2048,1,0,1,1,1,128,128,128,10,1,1,1,910.726,0.000,632.405,73.032,59.291,77.126,32.377,32.685,3.805,0.000,0.005,43.427,365.8,,,106.602,cpu04,ok,
13_matrix_batch,pipeline 128^3 s1 b=4096 seriale,pipeline,4096,1,0,0,1,1,128,128,128,10,1,1,1,1133.524,0.000,797.623,80.413,63.593,121.962,33.097,31.742,5.092,0.000,0.002,54.051,349.1,,,110.645,cpu04,ok,
13_matrix_batch,pipeline 128^3 s1 b=4096 T(1),pipeline,4096,1,0,1,1,1,128,128,128,10,1,1,1,974.102,0.000,678.606,76.677,53.556,95.764,32.816,32.911,3.769,0.000,0.003,46.449,368.4,,,106.895,cpu04,ok,
13_matrix_batch,schur 128^3 s1 seriale,schur,64,1,0,0,1,1,128,128,128,10,1,1,1,442.030,0.000,240.842,37.811,59.840,34.999,31.274,33.479,3.784,0.000,0.001,21.078,250.2,,,111.419,cpu04,ok,riferimento per il batch
13_matrix_batch,schur 128^3 s1 T(1),schur,64,1,0,1,1,1,128,128,128,10,1,1,1,438.417,0.000,239.045,45.543,57.586,33.378,28.634,31.113,3.108,0.000,0.010,20.905,271.2,,,105.204,cpu04,ok,riferimento per il batch
13_matrix_batch,pipeline 128^3 s1 1x1 b=8,pipeline,8,1,1,1,1,1,128,128,128,10,1,1,1,2030.921,0.000,670.053,458.166,508.432,142.898,115.702,130.650,5.016,0.000,0.004,96.842,364.9,,,122.217,cpu04,ok,
13_matrix_batch,pipeline 128^3 s1 1x1 b=16,pipeline,16,1,1,1,1,1,128,128,128,10,1,1,1,1389.858,0.000,547.116,222.496,357.995,98.355,75.588,83.627,4.676,0.000,0.005,66.274,364.9,,,116.204,cpu04,ok,
13_matrix_batch,pipeline 128^3 s1 1x1 b=32,pipeline,32,1,1,1,1,1,128,128,128,10,1,1,1,1063.007,0.000,488.455,153.965,226.989,76.589,55.516,56.720,4.768,0.000,0.005,50.688,365.8,,,119.490,cpu04,ok,
13_matrix_batch,pipeline 128^3 s1 1x1 b=64,pipeline,64,1,1,1,1,1,128,128,128,10,1,1,1,928.369,0.000,487.253,117.444,160.155,70.139,44.872,43.546,4.954,0.000,0.006,44.268,365.8,,,118.598,cpu04,ok,
13_matrix_batch,pipeline 128^3 s1 1x1 b=128,pipeline,128,1,1,1,1,1,128,128,128,10,1,1,1,944.561,0.000,571.099,95.148,113.613,82.869,38.552,38.598,4.677,0.000,0.005,45.040,366.6,,,125.433,cpu04,ok,
13_matrix_batch,pipeline 128^3 s1 1x1 b=256,pipeline,256,1,1,1,1,1,128,128,128,10,1,1,1,937.418,0.000,603.451,84.836,90.796,82.305,35.876,35.544,4.605,0.000,0.005,44.700,365.8,,,122.268,cpu04,ok,
13_matrix_batch,pipeline 128^3 s1 1x1 b=512,pipeline,512,1,1,1,1,1,128,128,128,10,1,1,1,998.938,0.000,677.144,82.148,80.214,87.115,33.962,34.202,4.148,0.000,0.005,47.633,365.8,,,118.842,cpu04,ok,
13_matrix_batch,pipeline 128^3 s1 1x1 b=1024,pipeline,1024,1,1,1,1,1,128,128,128,10,1,1,1,1033.068,0.000,713.170,85.054,75.332,88.521,33.158,32.901,4.925,0.000,0.007,49.260,366.6,,,120.827,cpu04,ok,
13_matrix_batch,pipeline 128^3 s1 1x1 b=2048,pipeline,2048,1,1,1,1,1,128,128,128,10,1,1,1,1096.156,0.000,750.834,98.242,70.544,106.369,32.873,32.340,4.949,0.000,0.005,52.269,367.5,,,117.614,cpu04,ok,
13_matrix_batch,pipeline 128^3 s1 1x1 b=4096,pipeline,4096,1,1,1,1,1,128,128,128,10,1,1,1,1169.780,0.000,815.940,91.847,67.280,123.836,32.795,32.101,5.975,0.000,0.006,55.779,371.0,,,114.832,cpu04,ok,
13_matrix_batch,schur 128^3 s1 1x1,schur,64,1,1,1,1,1,128,128,128,10,1,1,1,466.516,0.000,259.168,41.270,65.059,34.225,30.671,32.754,3.362,0.000,0.007,22.245,270.4,,,114.724,cpu04,ok,riferimento per il batch
13_matrix_batch,pipeline 128^3 s1 1x14 b=8,pipeline,8,1,1,1,1,14,128,128,128,10,1,1,1,6503.053,0.000,1675.148,1529.404,1561.416,538.052,597.901,599.491,1.635,0.000,0.006,310.090,362.2,,,49.496,cpu04,ok,
13_matrix_batch,pipeline 128^3 s1 1x14 b=16,pipeline,16,1,1,1,1,14,128,128,128,10,1,1,1,3504.866,0.000,888.493,788.499,799.156,283.434,375.903,367.772,1.604,0.000,0.005,167.125,357.9,,,31.050,cpu04,ok,
13_matrix_batch,pipeline 128^3 s1 1x14 b=32,pipeline,32,1,1,1,1,14,128,128,128,10,1,1,1,1909.956,0.000,452.147,456.840,472.881,142.925,192.096,191.433,1.628,0.000,0.006,91.074,362.2,,,23.796,cpu04,ok,
13_matrix_batch,pipeline 128^3 s1 1x14 b=64,pipeline,64,1,1,1,1,14,128,128,128,10,1,1,1,1643.155,0.000,416.678,416.787,401.058,132.526,138.364,136.128,1.607,0.000,0.007,78.352,361.4,,,16.907,cpu04,ok,
13_matrix_batch,pipeline 128^3 s1 1x14 b=128,pipeline,128,1,1,1,1,14,128,128,128,10,1,1,1,648.315,0.000,159.523,166.300,168.143,44.435,54.189,54.088,1.630,0.000,0.007,30.914,363.1,,,13.893,cpu04,ok,
13_matrix_batch,pipeline 128^3 s1 1x14 b=256,pipeline,256,1,1,1,1,14,128,128,128,10,1,1,1,335.874,0.000,95.787,83.846,80.515,24.955,24.774,24.384,1.608,0.000,0.005,16.016,359.6,,,11.709,cpu04,ok,
13_matrix_batch,pipeline 128^3 s1 1x14 b=512,pipeline,512,1,1,1,1,14,128,128,128,10,1,1,1,216.625,0.000,74.950,46.081,49.238,18.408,13.611,12.882,1.451,0.000,0.004,10.329,356.1,,,11.345,cpu04,ok,
13_matrix_batch,pipeline 128^3 s1 1x14 b=1024,pipeline,1024,1,1,1,1,14,128,128,128,10,1,1,1,169.292,0.000,74.279,26.762,34.390,16.868,7.606,7.830,1.551,0.000,0.006,8.072,358.8,,,11.557,cpu04,ok,
13_matrix_batch,pipeline 128^3 s1 1x14 b=2048,pipeline,2048,1,1,1,1,14,128,128,128,10,1,1,1,154.265,0.000,83.154,18.382,21.114,19.536,5.311,5.277,1.487,0.000,0.004,7.356,364.9,,,12.354,cpu04,ok,
13_matrix_batch,pipeline 128^3 s1 1x14 b=4096,pipeline,4096,1,1,1,1,14,128,128,128,10,1,1,1,144.439,0.000,86.808,14.771,15.976,17.653,3.993,3.891,1.343,0.000,0.004,6.887,364.9,,,12.856,cpu04,ok,
13_matrix_batch,schur 128^3 s1 1x14,schur,64,1,1,1,1,14,128,128,128,10,1,1,1,46.228,0.000,23.206,4.295,8.083,4.928,2.472,2.318,0.920,0.000,0.006,2.204,271.4,,,10.377,cpu04,ok,riferimento per il batch
13_matrix_batch,pipeline 128^3 s1 1x28 b=8,pipeline,8,1,1,1,1,28,128,128,128,10,1,1,1,12076.251,0.000,3060.048,2973.415,2982.088,994.922,1033.088,1031.368,1.316,0.000,0.006,575.841,361.4,,,68.187,cpu04,ok,
13_matrix_batch,pipeline 128^3 s1 1x28 b=16,pipeline,16,1,1,1,1,28,128,128,128,10,1,1,1,6197.503,0.000,1566.422,1486.145,1505.459,509.151,565.128,563.975,1.216,0.000,0.007,295.520,361.4,,,40.048,cpu04,ok,
13_matrix_batch,pipeline 128^3 s1 1x28 b=32,pipeline,32,1,1,1,1,28,128,128,128,10,1,1,1,3242.835,0.000,820.291,765.178,765.995,261.946,316.078,312.240,1.099,0.000,0.008,154.630,354.4,,,28.416,cpu04,ok,
13_matrix_batch,pipeline 128^3 s1 1x28 b=64,pipeline,64,1,1,1,1,28,128,128,128,10,1,1,1,3376.200,0.000,877.283,862.798,828.737,274.437,268.764,263.104,1.071,0.000,0.006,160.990,353.5,,,17.716,cpu04,ok,
13_matrix_batch,pipeline 128^3 s1 1x28 b=128,pipeline,128,1,1,1,1,28,128,128,128,10,1,1,1,982.822,0.000,233.074,252.692,237.238,69.300,100.992,88.430,1.090,0.000,0.006,46.865,350.9,,,14.197,cpu04,ok,
13_matrix_batch,pipeline 128^3 s1 1x28 b=256,pipeline,256,1,1,1,1,28,128,128,128,10,1,1,1,517.077,0.000,130.599,131.843,134.978,39.087,41.870,37.668,1.024,0.000,0.008,24.656,354.4,,,10.461,cpu04,ok,
13_matrix_batch,pipeline 128^3 s1 1x28 b=512,pipeline,512,1,1,1,1,28,128,128,128,10,1,1,1,290.198,0.000,84.557,67.831,72.855,23.434,20.463,20.117,0.935,0.000,0.006,13.838,355.2,,,8.827,cpu04,ok,
13_matrix_batch,pipeline 128^3 s1 1x28 b=1024,pipeline,1024,1,1,1,1,28,128,128,128,10,1,1,1,180.349,0.000,63.770,38.400,40.734,15.444,10.842,10.219,0.933,0.000,0.007,8.600,355.2,,,8.252,cpu04,ok,
13_matrix_batch,pipeline 128^3 s1 1x28 b=2048,pipeline,2048,1,1,1,1,28,128,128,128,10,1,1,1,160.471,0.000,64.744,31.017,30.371,14.813,9.368,9.157,0.996,0.000,0.005,7.652,357.0,,,8.674,cpu04,ok,
13_matrix_batch,pipeline 128^3 s1 1x28 b=4096,pipeline,4096,1,1,1,1,28,128,128,128,10,1,1,1,127.397,0.000,68.301,16.455,19.008,14.001,4.465,4.190,0.971,0.000,0.006,6.075,364.9,,,9.027,cpu04,ok,
13_matrix_batch,schur 128^3 s1 1x28,schur,64,1,1,1,1,28,128,128,128,10,1,1,1,33.089,0.000,15.752,3.415,6.065,4.323,1.389,1.377,0.762,0.000,0.006,1.578,271.8,,,7.485,cpu04,ok,riferimento per il batch
13_matrix_batch,pipeline 128^3 s1 1x56 b=8,pipeline,8,1,1,1,1,56,128,128,128,10,1,1,1,24720.451,0.000,6302.242,6104.240,6094.173,2049.343,2084.887,2084.736,0.820,0.000,0.010,1178.763,329.0,,,148.836,cpu04,ok,
13_matrix_batch,pipeline 128^3 s1 1x56 b=16,pipeline,16,1,1,1,1,56,128,128,128,10,1,1,1,34845.832,0.000,8900.100,8554.864,8511.442,2906.323,2993.716,2978.550,0.830,0.000,0.007,1661.579,329.0,,,86.948,cpu04,ok,
13_matrix_batch,pipeline 128^3 s1 1x56 b=32,pipeline,32,1,1,1,1,56,128,128,128,10,1,1,1,6911.296,0.000,1771.461,1659.588,1653.348,564.661,635.849,625.538,0.843,0.000,0.008,329.556,331.6,,,48.376,cpu04,ok,
13_matrix_batch,pipeline 128^3 s1 1x56 b=64,pipeline,64,1,1,1,1,56,128,128,128,10,1,1,1,9846.302,0.000,2574.619,2462.294,2407.529,819.072,797.897,783.979,0.905,0.000,0.007,469.508,336.9,,,35.635,cpu04,ok,
13_matrix_batch,pipeline 128^3 s1 1x56 b=128,pipeline,128,1,1,1,1,56,128,128,128,10,1,1,1,4713.648,0.000,1224.317,1191.793,1143.223,393.410,381.322,378.732,0.840,0.000,0.011,224.764,338.6,,,23.557,cpu04,ok,
13_matrix_batch,pipeline 128^3 s1 1x56 b=256,pipeline,256,1,1,1,1,56,128,128,128,10,1,1,1,2505.108,0.000,660.779,624.953,607.091,209.615,204.594,197.266,0.804,0.000,0.006,119.453,331.6,,,16.723,cpu04,ok,
13_matrix_batch,pipeline 128^3 s1 1x56 b=512,pipeline,512,1,1,1,1,56,128,128,128,10,1,1,1,608.424,0.000,145.293,158.061,174.211,42.019,42.519,45.588,0.726,0.000,0.007,29.012,332.5,,,12.270,cpu04,ok,
13_matrix_batch,pipeline 128^3 s1 1x56 b=1024,pipeline,1024,1,1,1,1,56,128,128,128,10,1,1,1,653.459,0.000,167.263,163.522,168.199,55.424,50.311,48.021,0.705,0.000,0.014,31.159,341.2,,,10.505,cpu04,ok,
13_matrix_batch,pipeline 128^3 s1 1x56 b=2048,pipeline,2048,1,1,1,1,56,128,128,128,10,1,1,1,212.581,0.000,69.003,54.723,42.751,15.102,14.602,15.747,0.645,0.000,0.008,10.137,346.5,,,8.983,cpu04,ok,
13_matrix_batch,pipeline 128^3 s1 1x56 b=4096,pipeline,4096,1,1,1,1,56,128,128,128,10,1,1,1,159.508,0.000,54.881,36.849,37.011,11.674,9.147,9.262,0.675,0.000,0.009,7.606,350.0,,,7.353,cpu04,ok,
13_matrix_batch,schur 128^3 s1 1x56,schur,64,1,1,1,1,56,128,128,128,10,1,1,1,44.558,0.000,28.343,3.650,6.241,3.511,0.849,1.298,0.658,0.000,0.008,2.125,323.9,,,6.399,cpu04,ok,riferimento per il batch
13_matrix_batch,pipeline 128^3 s1 8x1 b=8,pipeline,8,1,1,1,8,1,128,128,128,10,2,2,2,273.837,12.389,90.427,48.445,74.951,20.080,15.508,18.375,0.911,0.000,5.140,104.461,69.1,,,14.513,cpu04,ok,
13_matrix_batch,pipeline 128^3 s1 8x1 b=16,pipeline,16,1,1,1,8,1,128,128,128,10,2,2,2,193.557,8.843,74.535,29.679,46.936,14.826,10.417,11.551,1.240,0.000,4.373,73.836,69.1,,,14.313,cpu04,ok,
13_matrix_batch,pipeline 128^3 s1 8x1 b=32,pipeline,32,1,1,1,8,1,128,128,128,10,2,2,2,154.032,10.993,66.415,21.164,33.506,11.545,7.622,8.463,1.238,0.000,4.079,58.759,69.1,,,14.343,cpu04,ok,
13_matrix_batch,pipeline 128^3 s1 8x1 b=64,pipeline,64,1,1,1,8,1,128,128,128,10,2,2,2,134.110,11.265,63.419,18.772,25.287,10.079,6.116,6.382,1.381,0.000,2.674,51.159,69.1,,,14.547,cpu04,ok,
13_matrix_batch,pipeline 128^3 s1 8x1 b=128,pipeline,128,1,1,1,8,1,128,128,128,10,2,2,2,126.673,11.297,64.488,16.644,19.258,10.205,6.196,6.322,1.374,0.000,2.186,48.322,69.1,,,14.618,cpu04,ok,
13_matrix_batch,pipeline 128^3 s1 8x1 b=256,pipeline,256,1,1,1,8,1,128,128,128,10,2,2,2,133.576,12.747,75.462,15.971,18.162,10.952,5.204,5.408,1.235,0.000,1.182,50.955,69.1,,,14.866,cpu04,ok,
13_matrix_batch,pipeline 128^3 s1 8x1 b=512,pipeline,512,1,1,1,8,1,128,128,128,10,2,2,2,145.460,15.491,88.134,14.885,16.230,11.843,5.327,5.411,0.933,0.000,2.697,55.489,69.1,,,15.386,cpu04,ok,
13_matrix_batch,pipeline 128^3 s1 8x1 b=1024,pipeline,1024,1,1,1,8,1,128,128,128,10,2,2,2,133.084,16.468,81.192,15.925,10.766,9.992,5.613,5.574,0.452,0.000,3.570,50.768,68.2,,,13.925,cpu03,ok,
13_matrix_batch,pipeline 128^3 s1 8x1 b=2048,pipeline,2048,1,1,1,8,1,128,128,128,10,2,2,2,152.851,28.549,95.095,16.390,10.675,12.446,7.201,7.341,0.453,0.000,3.250,58.308,70.0,,,13.502,cpu03,ok,
13_matrix_batch,pipeline 128^3 s1 8x1 b=4096,pipeline,4096,1,1,1,8,1,128,128,128,10,2,2,2,190.735,57.667,121.954,17.842,12.213,19.542,9.210,8.942,0.423,0.000,0.609,72.760,70.9,,,13.346,cpu03,ok,
13_matrix_batch,schur 128^3 s1 8x1,schur,64,1,1,1,8,1,128,128,128,10,2,2,2,124.542,9.091,42.111,30.733,35.260,4.871,4.025,4.553,0.534,0.000,2.455,47.509,56.9,,,13.216,cpu03,ok,riferimento per il batch
13_matrix_batch,pipeline 128^3 s1 8x7 b=8,pipeline,8,1,1,1,8,7,128,128,128,10,2,2,2,834.618,235.308,221.751,248.280,311.055,69.014,97.054,109.353,0.111,0.000,-222.000,318.381,68.2,,,8.410,cpu03,ok,
13_matrix_batch,pipeline 128^3 s1 8x7 b=16,pipeline,16,1,1,1,8,7,128,128,128,10,2,2,2,451.951,114.995,114.472,134.304,106.799,35.850,53.637,43.022,0.108,0.000,-36.241,172.406,67.4,,,5.810,cpu03,ok,
13_matrix_batch,pipeline 128^3 s1 8x7 b=32,pipeline,32,1,1,1,8,7,128,128,128,10,2,2,2,254.477,53.886,62.688,62.684,60.467,18.012,24.597,23.576,0.083,0.000,2.370,97.075,65.6,,,4.523,cpu03,ok,
13_matrix_batch,pipeline 128^3 s1 8x7 b=64,pipeline,64,1,1,1,8,7,128,128,128,10,2,2,2,140.521,27.688,36.708,38.991,40.296,9.716,13.143,12.994,0.084,0.000,-11.411,53.604,65.6,,,3.704,cpu03,ok,
13_matrix_batch,pipeline 128^3 s1 8x7 b=128,pipeline,128,1,1,1,8,7,128,128,128,10,2,2,2,79.323,13.862,22.932,18.481,18.817,5.501,5.913,5.863,0.087,0.000,1.729,30.259,64.8,,,3.213,cpu03,ok,
13_matrix_batch,pipeline 128^3 s1 8x7 b=256,pipeline,256,1,1,1,8,7,128,128,128,10,2,2,2,49.926,8.028,16.955,10.324,10.995,3.445,3.226,3.275,0.098,0.000,1.608,19.045,64.8,,,3.168,cpu03,ok,
13_matrix_batch,pipeline 128^3 s1 8x7 b=512,pipeline,512,1,1,1,8,7,128,128,128,10,2,2,2,38.717,6.295,15.228,6.602,7.568,2.583,2.063,2.119,0.104,0.000,2.450,14.769,68.2,,,3.230,cpu03,ok,
13_matrix_batch,pipeline 128^3 s1 8x7 b=1024,pipeline,1024,1,1,1,8,7,128,128,128,10,2,2,2,32.932,5.822,15.010,4.613,5.672,2.259,1.595,1.630,0.102,0.000,2.051,12.563,67.4,,,3.296,cpu03,ok,
13_matrix_batch,pipeline 128^3 s1 8x7 b=2048,pipeline,2048,1,1,1,8,7,128,128,128,10,2,2,2,32.744,7.219,16.215,4.114,4.297,2.496,1.520,1.545,0.095,0.000,2.462,12.491,67.4,,,3.294,cpu03,ok,
13_matrix_batch,pipeline 128^3 s1 8x7 b=4096,pipeline,4096,1,1,1,8,7,128,128,128,10,2,2,2,37.811,11.843,20.171,4.370,3.847,3.056,1.785,1.798,0.098,0.000,2.686,14.424,68.2,,,3.192,cpu03,ok,
13_matrix_batch,schur 128^3 s1 8x7,schur,64,1,1,1,8,7,128,128,128,10,2,2,2,110.718,6.550,30.863,32.342,29.843,4.905,5.252,4.820,0.142,0.000,2.551,42.236,56.0,,,3.235,cpu03,ok,riferimento per il batch
13_matrix_batch,pipeline 128^3 s1 28x2 b=8,pipeline,8,1,1,1,28,2,128,128,128,10,7,2,2,132.101,28.054,38.878,29.513,31.853,11.616,10.395,10.798,0.087,0.000,-1.039,169.743,38.5,,,5.523,cpu03,ok,
13_matrix_batch,pipeline 128^3 s1 28x2 b=16,pipeline,16,1,1,1,28,2,128,128,128,10,7,2,2,83.425,14.477,26.751,17.585,19.394,7.065,6.384,6.568,0.093,0.000,-0.415,107.198,38.5,,,4.355,cpu03,ok,
13_matrix_batch,pipeline 128^3 s1 28x2 b=32,pipeline,32,1,1,1,28,2,128,128,128,10,7,2,2,53.964,10.810,19.067,9.585,11.622,4.602,3.199,3.373,0.093,0.000,2.423,69.342,38.5,,,3.959,cpu03,ok,
13_matrix_batch,pipeline 128^3 s1 28x2 b=64,pipeline,64,1,1,1,28,2,128,128,128,10,7,2,2,39.738,8.982,16.077,6.357,7.635,3.223,1.885,2.016,0.126,0.000,2.419,51.062,38.5,,,3.573,cpu03,ok,
13_matrix_batch,pipeline 128^3 s1 28x2 b=128,pipeline,128,1,1,1,28,2,128,128,128,10,7,2,2,33.578,8.462,14.541,4.994,6.119,2.888,1.425,1.448,0.150,0.000,2.013,43.147,38.5,,,3.423,cpu03,ok,
13_matrix_batch,pipeline 128^3 s1 28x2 b=256,pipeline,256,1,1,1,28,2,128,128,128,10,7,2,2,31.847,9.111,14.527,4.460,5.536,2.430,1.285,1.307,0.143,0.000,2.159,40.922,37.6,,,3.347,cpu03,ok,
13_matrix_batch,pipeline 128^3 s1 28x2 b=512,pipeline,512,1,1,1,28,2,128,128,128,10,7,2,2,33.236,11.316,14.887,5.738,5.098,2.498,1.351,1.371,0.116,0.000,2.177,42.707,38.5,,,3.341,cpu03,ok,
13_matrix_batch,pipeline 128^3 s1 28x2 b=1024,pipeline,1024,1,1,1,28,2,128,128,128,10,7,2,2,38.441,17.394,17.088,7.690,4.917,3.386,1.625,1.653,0.100,0.000,1.982,49.395,39.4,,,3.279,cpu03,ok,
13_matrix_batch,pipeline 128^3 s1 28x2 b=2048,pipeline,2048,1,1,1,28,2,128,128,128,10,7,2,2,42.972,22.177,21.749,7.050,3.674,5.244,1.707,1.686,0.083,0.000,1.779,55.218,40.2,,,3.322,cpu03,ok,
13_matrix_batch,pipeline 128^3 s1 28x2 b=4096,pipeline,4096,1,1,1,28,2,128,128,128,10,7,2,2,60.178,38.881,36.211,7.191,3.747,7.734,1.717,1.710,0.084,0.000,1.784,77.326,42.0,,,3.944,cpu03,ok,
13_matrix_batch,schur 128^3 s1 28x2,schur,64,1,1,1,28,2,128,128,128,10,7,2,2,54.215,13.296,20.435,12.818,12.523,4.033,2.138,1.701,0.139,0.000,0.428,69.664,34.1,,,3.607,cpu03,ok,riferimento per il batch
13_matrix_batch,pipeline 128^3 s1 56x1 b=8,pipeline,8,1,1,1,56,1,128,128,128,10,7,4,2,53.536,10.882,19.047,9.982,11.670,4.661,3.007,2.817,0.156,0.000,2.196,137.582,32.4,,,3.717,cpu03,ok,
13_matrix_batch,pipeline 128^3 s1 56x1 b=16,pipeline,16,1,1,1,56,1,128,128,128,10,7,4,2,40.485,9.022,15.544,6.578,8.721,3.324,2.034,1.897,0.190,0.000,2.197,104.043,32.4,,,3.532,cpu03,ok,
13_matrix_batch,pipeline 128^3 s1 56x1 b=32,pipeline,32,1,1,1,56,1,128,128,128,10,7,4,2,34.395,9.219,14.878,6.309,7.759,2.310,1.501,1.410,0.205,0.000,0.023,88.392,32.4,,,3.411,cpu03,ok,
13_matrix_batch,pipeline 128^3 s1 56x1 b=64,pipeline,64,1,1,1,56,1,128,128,128,10,7,4,2,31.387,9.981,13.664,4.817,5.133,2.390,1.400,1.264,0.189,0.000,2.530,80.662,32.4,,,3.425,cpu03,ok,
13_matrix_batch,pipeline 128^3 s1 56x1 b=128,pipeline,128,1,1,1,56,1,128,128,128,10,7,4,2,30.420,10.263,13.836,4.671,4.539,2.213,1.397,1.372,0.181,0.000,2.211,78.177,32.4,,,3.814,cpu03,ok,
13_matrix_batch,pipeline 128^3 s1 56x1 b=256,pipeline,256,1,1,1,56,1,128,128,128,10,7,4,2,33.435,13.329,14.701,5.828,4.730,2.746,1.694,1.397,0.131,0.000,2.208,85.925,32.4,,,3.459,cpu03,ok,
13_matrix_batch,pipeline 128^3 s1 56x1 b=512,pipeline,512,1,1,1,56,1,128,128,128,10,7,4,2,37.650,17.629,17.166,7.060,4.880,3.251,2.229,1.741,0.096,0.000,1.227,96.757,33.2,,,3.504,cpu03,ok,
13_matrix_batch,pipeline 128^3 s1 56x1 b=1024,pipeline,1024,1,1,1,56,1,128,128,128,10,7,4,2,47.514,27.536,22.128,10.473,3.921,4.729,3.032,1.740,0.090,0.000,1.401,122.107,33.2,,,3.876,cpu03,ok,
13_matrix_batch,pipeline 128^3 s1 56x1 b=2048,pipeline,2048,1,1,1,56,1,128,128,128,10,7,4,2,62.912,42.532,35.873,9.493,4.359,7.245,3.393,1.759,0.090,0.000,0.700,161.679,35.0,,,3.976,cpu03,ok,
13_matrix_batch,pipeline 128^3 s1 56x1 b=4096,pipeline,4096,1,1,1,56,1,128,128,128,10,7,4,2,63.655,42.858,36.458,10.074,4.711,7.107,3.413,1.766,0.092,0.000,0.034,163.587,35.9,,,4.221,cpu03,ok,
13_matrix_batch,schur 128^3 s1 56x1,schur,64,1,1,1,56,1,128,128,128,10,7,4,2,35.088,11.534,13.069,8.248,8.718,3.101,1.016,0.799,0.211,0.000,-0.074,90.172,30.6,,,3.687,cpu03,ok,riferimento per il batch
13_matrix_batch,pipeline 224^3 s0 b=8 seriale,pipeline,8,0,0,0,1,1,224,224,224,4,1,1,1,5625.442,0.000,2150.767,1442.400,1357.448,260.743,197.915,199.469,16.699,0.000,0.001,50.051,1825.2,,,533.300,cpu03,ok,
13_matrix_batch,pipeline 224^3 s0 b=8 T(1),pipeline,8,0,0,1,1,1,224,224,224,4,1,1,1,5829.081,0.000,2258.313,1486.989,1383.416,270.617,197.793,206.683,25.264,0.000,0.006,51.863,1845.4,,,630.987,cpu03,ok,
13_matrix_batch,pipeline 224^3 s0 b=16 seriale,pipeline,16,0,0,0,1,1,224,224,224,4,1,1,1,5422.347,0.000,2181.854,1381.810,1216.984,258.787,182.192,182.461,18.258,0.000,0.001,48.244,1825.2,,,548.678,cpu03,ok,
13_matrix_batch,pipeline 224^3 s0 b=16 T(1),pipeline,16,0,0,1,1,1,224,224,224,4,1,1,1,5618.716,0.000,2275.038,1433.130,1247.940,262.313,182.625,191.776,25.889,0.000,0.005,49.991,1844.5,,,617.492,cpu03,ok,
13_matrix_batch,pipeline 224^3 s0 b=32 seriale,pipeline,32,0,0,0,1,1,224,224,224,4,1,1,1,5527.163,0.000,2423.485,1218.257,1168.902,331.122,186.199,180.565,18.632,0.000,0.001,49.177,1825.2,,,548.163,cpu03,ok,
13_matrix_batch,pipeline 224^3 s0 b=32 T(1),pipeline,32,0,0,1,1,1,224,224,224,4,1,1,1,5672.584,0.000,2515.446,1268.079,1159.168,333.893,182.920,187.187,25.885,0.000,0.006,50.470,1845.4,,,615.352,cpu03,ok,
13_matrix_batch,pipeline 224^3 s0 b=64 seriale,pipeline,64,0,0,0,1,1,224,224,224,4,1,1,1,5378.278,0.000,2432.960,1185.193,1043.123,339.759,184.668,174.074,18.501,0.000,0.000,47.852,1825.2,,,543.531,cpu03,ok,
13_matrix_batch,pipeline 224^3 s0 b=64 T(1),pipeline,64,0,0,1,1,1,224,224,224,4,1,1,1,5566.202,0.000,2541.831,1232.938,1048.594,349.021,184.521,183.404,25.885,0.000,0.008,49.524,1845.4,,,624.709,cpu03,ok,
13_matrix_batch,pipeline 224^3 s0 b=128 seriale,pipeline,128,0,0,0,1,1,224,224,224,4,1,1,1,5409.534,0.000,2552.421,1157.542,975.522,349.400,183.217,174.345,17.084,0.000,0.003,48.130,1825.2,,,540.698,cpu03,ok,
13_matrix_batch,pipeline 224^3 s0 b=128 T(1),pipeline,128,0,0,1,1,1,224,224,224,4,1,1,1,5624.323,0.000,2658.387,1205.674,1012.292,356.415,183.656,180.086,27.804,0.000,0.009,50.041,1846.2,,,616.060,cpu03,ok,
13_matrix_batch,pipeline 224^3 s0 b=256 seriale,pipeline,256,0,0,0,1,1,224,224,224,4,1,1,1,5456.254,0.000,2654.383,1133.748,942.991,360.207,177.732,170.055,17.137,0.000,0.001,48.546,1826.1,,,546.663,cpu03,ok,
13_matrix_batch,pipeline 224^3 s0 b=256 T(1),pipeline,256,0,0,1,1,1,224,224,224,4,1,1,1,5656.402,0.000,2767.544,1176.279,971.335,367.831,174.678,174.282,24.446,0.000,0.007,50.326,1846.2,,,629.224,cpu03,ok,
13_matrix_batch,pipeline 224^3 s0 b=512 seriale,pipeline,512,0,0,0,1,1,224,224,224,4,1,1,1,5479.070,0.000,2708.235,1117.293,922.971,366.712,177.338,169.598,16.922,0.000,0.001,48.749,1826.1,,,530.033,cpu03,ok,
13_matrix_batch,pipeline 224^3 s0 b=512 T(1),pipeline,512,0,0,1,1,1,224,224,224,4,1,1,1,5702.000,0.000,2825.967,1170.060,958.565,368.700,175.300,177.857,25.543,0.000,0.008,50.732,1846.2,,,618.645,cpu03,ok,
13_matrix_batch,pipeline 224^3 s0 b=1024 seriale,pipeline,1024,0,0,0,1,1,224,224,224,4,1,1,1,5806.724,0.000,3038.028,1111.878,915.096,375.727,178.093,169.937,17.962,0.000,0.003,51.664,1827.0,,,542.095,cpu03,ok,
13_matrix_batch,pipeline 224^3 s0 b=1024 T(1),pipeline,1024,0,0,1,1,1,224,224,224,4,1,1,1,6016.137,0.000,3162.628,1163.734,930.692,388.795,168.577,176.986,24.718,0.000,0.007,53.527,1847.1,,,622.894,cpu03,ok,
13_matrix_batch,pipeline 224^3 s0 b=2048 seriale,pipeline,2048,0,0,0,1,1,224,224,224,4,1,1,1,6404.005,0.000,3421.140,1124.638,911.108,589.092,173.646,165.942,18.438,0.000,0.001,56.978,1836.6,,,542.042,cpu03,ok,
13_matrix_batch,pipeline 224^3 s0 b=2048 T(1),pipeline,2048,0,0,1,1,1,224,224,224,4,1,1,1,6615.556,0.000,3544.015,1173.171,932.292,599.713,167.805,171.800,26.754,0.000,0.006,58.860,1855.9,,,622.485,cpu03,ok,
13_matrix_batch,pipeline 224^3 s0 b=4096 seriale,pipeline,4096,0,0,0,1,1,224,224,224,4,1,1,1,6851.196,0.000,3826.987,1117.454,904.647,645.175,173.306,164.832,18.793,0.000,0.002,60.957,1844.5,,,540.399,cpu03,ok,
13_matrix_batch,pipeline 224^3 s0 b=4096 T(1),pipeline,4096,0,0,1,1,1,224,224,224,4,1,1,1,7069.111,0.000,3954.823,1154.163,933.831,656.663,167.198,173.128,29.299,0.000,0.006,62.896,1863.8,,,621.588,cpu03,ok,
13_matrix_batch,schur 224^3 s0 seriale,schur,64,0,0,0,1,1,224,224,224,4,1,1,1,3881.230,0.000,1192.367,1192.224,948.265,177.080,173.310,180.742,17.241,0.000,0.001,34.532,1313.2,,,544.454,cpu03,ok,riferimento per il batch
13_matrix_batch,schur 224^3 s0 T(1),schur,64,0,0,1,1,1,224,224,224,4,1,1,1,3996.770,0.000,1274.995,1179.700,975.791,180.039,177.375,183.400,25.454,0.000,0.016,35.560,1333.6,,,625.370,cpu03,ok,riferimento per il batch
13_matrix_batch,pipeline 224^3 s0 1x1 b=8,pipeline,8,0,1,1,1,1,224,224,224,4,1,1,1,11795.177,0.000,3367.584,3128.098,3283.395,694.907,639.468,651.751,29.969,0.000,0.005,104.945,1845.4,,,659.997,cpu03,ok,
13_matrix_batch,pipeline 224^3 s0 1x1 b=16,pipeline,16,0,1,1,1,1,224,224,224,4,1,1,1,9090.761,0.000,2806.804,2393.671,2574.317,489.804,385.639,410.444,30.075,0.000,0.007,80.883,1845.4,,,656.631,cpu03,ok,
13_matrix_batch,pipeline 224^3 s0 1x1 b=32,pipeline,32,0,1,1,1,1,224,224,224,4,1,1,1,7588.242,0.000,2716.232,1704.040,2103.355,467.743,279.825,290.475,26.566,0.000,0.006,67.515,1846.2,,,622.295,cpu03,ok,
13_matrix_batch,pipeline 224^3 s0 1x1 b=64,pipeline,64,0,1,1,1,1,224,224,224,4,1,1,1,6678.032,0.000,2565.808,1493.012,1731.112,401.122,233.269,228.924,24.780,0.000,0.005,59.416,1846.2,,,624.912,cpu03,ok,
13_matrix_batch,pipeline 224^3 s0 1x1 b=128,pipeline,128,0,1,1,1,1,224,224,224,4,1,1,1,6222.714,0.000,2615.555,1365.140,1417.013,388.686,208.871,204.036,23.407,0.000,0.006,55.365,1846.2,,,602.563,cpu03,ok,
13_matrix_batch,pipeline 224^3 s0 1x1 b=256,pipeline,256,0,1,1,1,1,224,224,224,4,1,1,1,6067.766,0.000,2642.817,1321.082,1314.452,381.895,195.506,189.078,22.929,0.000,0.007,53.986,1847.1,,,613.585,cpu03,ok,
13_matrix_batch,pipeline 224^3 s0 1x1 b=512,pipeline,512,0,1,1,1,1,224,224,224,4,1,1,1,6033.444,0.000,2701.239,1287.587,1272.280,376.909,189.680,182.591,23.151,0.000,0.007,53.681,1847.1,,,604.634,cpu03,ok,
13_matrix_batch,pipeline 224^3 s0 1x1 b=1024,pipeline,1024,0,1,1,1,1,224,224,224,4,1,1,1,6410.732,0.000,3105.262,1288.347,1246.955,384.707,179.411,181.077,24.968,0.000,0.005,57.038,1848.0,,,614.668,cpu03,ok,
13_matrix_batch,pipeline 224^3 s0 1x1 b=2048,pipeline,2048,0,1,1,1,1,224,224,224,4,1,1,1,6980.370,0.000,3434.899,1297.536,1241.206,627.127,178.416,174.162,27.018,0.000,0.006,62.106,1857.6,,,610.683,cpu03,ok,
13_matrix_batch,pipeline 224^3 s0 1x1 b=4096,pipeline,4096,0,1,1,1,1,224,224,224,4,1,1,1,7470.301,0.000,3881.963,1284.474,1220.065,706.229,176.202,172.368,28.996,0.000,0.004,66.465,1865.5,,,640.251,cpu03,ok,
13_matrix_batch,schur 224^3 s0 1x1,schur,64,0,1,1,1,1,224,224,224,4,1,1,1,4142.355,0.000,1340.018,1208.927,1031.346,183.862,175.023,178.916,24.249,0.000,0.014,36.856,1334.3,,,616.461,cpu03,ok,riferimento per il batch
13_matrix_batch,pipeline 224^3 s0 1x14 b=8,pipeline,8,0,1,1,1,14,224,224,224,4,1,1,1,63054.845,0.000,15703.613,16082.285,15728.817,5100.953,5240.941,5193.292,4.938,0.000,0.006,561.015,1837.5,,,183.609,cpu03,ok,
13_matrix_batch,pipeline 224^3 s0 1x14 b=16,pipeline,16,0,1,1,1,14,224,224,224,4,1,1,1,22791.607,0.000,4622.093,6485.199,6252.285,1490.529,1981.535,1954.947,5.013,0.000,0.006,202.783,1839.2,,,142.474,cpu03,ok,
13_matrix_batch,pipeline 224^3 s0 1x14 b=32,pipeline,32,0,1,1,1,14,224,224,224,4,1,1,1,17221.273,0.000,4161.608,4589.868,4383.852,1335.263,1377.722,1367.994,4.960,0.000,0.006,153.222,1840.1,,,119.486,cpu03,ok,
13_matrix_batch,pipeline 224^3 s0 1x14 b=64,pipeline,64,0,1,1,1,14,224,224,224,4,1,1,1,6984.891,0.000,1345.429,2059.337,2068.384,410.804,552.394,543.576,4.962,0.000,0.005,62.146,1836.6,,,79.864,cpu03,ok,
13_matrix_batch,pipeline 224^3 s0 1x14 b=128,pipeline,128,0,1,1,1,14,224,224,224,4,1,1,1,3709.547,0.000,724.984,1099.877,1101.002,204.614,285.747,288.352,4.966,0.000,0.005,33.005,1836.6,,,65.775,cpu03,ok,
13_matrix_batch,pipeline 224^3 s0 1x14 b=256,pipeline,256,0,1,1,1,14,224,224,224,4,1,1,1,1899.594,0.000,438.172,561.518,505.756,115.309,137.570,136.183,5.079,0.000,0.007,16.901,1836.6,,,54.704,cpu03,ok,
13_matrix_batch,pipeline 224^3 s0 1x14 b=512,pipeline,512,0,1,1,1,14,224,224,224,4,1,1,1,1248.619,0.000,335.404,350.019,329.629,84.184,74.938,69.476,4.963,0.000,0.006,11.109,1838.4,,,51.015,cpu03,ok,
13_matrix_batch,pipeline 224^3 s0 1x14 b=1024,pipeline,1024,0,1,1,1,14,224,224,224,4,1,1,1,903.841,0.000,268.833,193.323,291.095,62.870,40.638,42.118,4.956,0.000,0.008,8.042,1847.1,,,48.980,cpu03,ok,
13_matrix_batch,pipeline 224^3 s0 1x14 b=2048,pipeline,2048,0,1,1,1,14,224,224,224,4,1,1,1,715.590,0.000,260.926,144.307,196.711,54.445,27.115,27.155,4.923,0.000,0.008,6.367,1849.8,,,50.759,cpu03,ok,
13_matrix_batch,pipeline 224^3 s0 1x14 b=4096,pipeline,4096,0,1,1,1,14,224,224,224,4,1,1,1,611.572,0.000,263.698,119.702,132.348,49.046,21.080,20.798,4.894,0.000,0.006,5.441,1860.2,,,49.585,cpu03,ok,
13_matrix_batch,schur 224^3 s0 1x14,schur,64,0,1,1,1,14,224,224,224,4,1,1,1,355.016,0.000,115.023,105.008,84.020,18.289,13.871,14.262,4.537,0.000,0.006,3.159,1389.8,,,51.083,cpu03,ok,riferimento per il batch
13_matrix_batch,pipeline 224^3 s0 1x28 b=8,pipeline,8,0,1,1,1,28,224,224,224,4,1,1,1,65694.209,0.000,15953.479,16714.770,16662.214,5284.483,5528.717,5545.903,4.636,0.000,0.007,584.498,1834.0,,,238.868,cpu03,ok,
13_matrix_batch,pipeline 224^3 s0 1x28 b=16,pipeline,16,0,1,1,1,28,224,224,224,4,1,1,1,36095.788,0.000,8201.179,9656.832,9460.187,2701.409,3042.079,3029.425,4.669,0.000,0.008,321.153,1830.5,,,146.183,cpu03,ok,
13_matrix_batch,pipeline 224^3 s0 1x28 b=32,pipeline,32,0,1,1,1,28,224,224,224,4,1,1,1,20258.280,0.000,4189.923,5777.827,5490.649,1367.839,1734.014,1693.350,4.671,0.000,0.007,180.243,1832.2,,,115.965,cpu03,ok,
13_matrix_batch,pipeline 224^3 s0 1x28 b=64,pipeline,64,0,1,1,1,28,224,224,224,4,1,1,1,10359.025,0.000,2106.626,2978.208,2831.430,685.655,899.068,853.339,4.689,0.000,0.010,92.167,1835.8,,,85.158,cpu03,ok,
13_matrix_batch,pipeline 224^3 s0 1x28 b=128,pipeline,128,0,1,1,1,28,224,224,224,4,1,1,1,6192.636,0.000,1135.795,1931.850,1770.423,354.378,499.260,496.150,4.772,0.000,0.008,55.097,1836.6,,,63.959,cpu03,ok,
13_matrix_batch,pipeline 224^3 s0 1x28 b=256,pipeline,256,0,1,1,1,28,224,224,224,4,1,1,1,2875.241,0.000,607.208,824.082,816.562,181.672,232.549,208.268,4.892,0.000,0.008,25.582,1836.6,,,43.861,cpu03,ok,
13_matrix_batch,pipeline 224^3 s0 1x28 b=512,pipeline,512,0,1,1,1,28,224,224,224,4,1,1,1,1540.030,0.000,361.526,491.642,373.845,103.513,104.050,100.674,4.773,0.000,0.007,13.702,1832.2,,,38.179,cpu03,ok,
13_matrix_batch,pipeline 224^3 s0 1x28 b=1024,pipeline,1024,0,1,1,1,28,224,224,224,4,1,1,1,899.987,0.000,242.747,207.670,270.426,67.171,53.386,53.843,4.737,0.000,0.007,8.007,1835.8,,,34.217,cpu03,ok,
13_matrix_batch,pipeline 224^3 s0 1x28 b=2048,pipeline,2048,0,1,1,1,28,224,224,224,4,1,1,1,635.074,0.000,203.333,140.282,155.171,52.238,33.634,45.818,4.590,0.000,0.008,5.650,1840.1,,,32.749,cpu03,ok,
13_matrix_batch,pipeline 224^3 s0 1x28 b=4096,pipeline,4096,0,1,1,1,28,224,224,224,4,1,1,1,524.767,0.000,186.573,123.638,121.904,44.026,21.960,21.998,4.659,0.000,0.009,4.669,1856.8,,,33.828,cpu03,ok,
13_matrix_batch,schur 224^3 s0 1x28,schur,64,0,1,1,1,28,224,224,224,4,1,1,1,296.094,0.000,99.767,84.393,72.923,15.724,9.286,9.151,4.843,0.000,0.007,2.634,1416.9,,,43.565,cpu03,ok,riferimento per il batch
13_matrix_batch,pipeline 224^3 s0 1x56 b=8,pipeline,8,0,1,1,1,56,224,224,224,4,1,1,1,136913.687,0.000,34049.027,34346.016,34363.668,11209.945,11466.431,11472.272,6.318,0.000,0.010,1218.156,1783.2,,,606.501,cpu04,ok,
13_matrix_batch,pipeline 224^3 s0 1x56 b=16,pipeline,16,0,1,1,1,56,224,224,224,4,1,1,1,200636.788,0.000,49559.812,51071.551,50008.594,16300.194,16911.978,16780.644,4.005,0.000,0.010,1785.116,1797.2,,,396.497,cpu03,ok,
13_matrix_batch,pipeline 224^3 s0 1x56 b=32,pipeline,32,0,1,1,1,56,224,224,224,4,1,1,1,39483.554,0.000,8722.222,11034.388,10542.921,2854.350,3156.473,3168.566,4.626,0.000,0.008,351.295,1799.9,,,256.438,cpu03,ok,
13_matrix_batch,pipeline 224^3 s0 1x56 b=64,pipeline,64,0,1,1,1,56,224,224,224,4,1,1,1,24745.411,0.000,4901.093,7659.553,6470.321,1561.813,2135.455,2012.376,4.789,0.000,0.011,220.166,1799.9,,,204.911,cpu03,ok,
13_matrix_batch,pipeline 224^3 s0 1x56 b=128,pipeline,128,0,1,1,1,56,224,224,224,4,1,1,1,26892.072,0.000,6705.912,6960.457,6839.542,2146.135,2171.341,2064.783,3.893,0.000,0.009,239.266,1809.5,,,111.835,cpu03,ok,
13_matrix_batch,pipeline 224^3 s0 1x56 b=256,pipeline,256,0,1,1,1,56,224,224,224,4,1,1,1,6961.642,0.000,1264.024,2116.135,2248.601,381.010,483.634,464.419,3.812,0.000,0.007,61.939,1819.1,,,85.127,cpu03,ok,
13_matrix_batch,pipeline 224^3 s0 1x56 b=512,pipeline,512,0,1,1,1,56,224,224,224,4,1,1,1,4601.471,0.000,726.719,1054.437,2139.062,222.181,227.963,227.170,3.924,0.000,0.015,40.940,1826.1,,,67.685,cpu03,ok,
13_matrix_batch,pipeline 224^3 s0 1x56 b=1024,pipeline,1024,0,1,1,1,56,224,224,224,4,1,1,1,2108.043,0.000,383.237,597.551,778.826,113.189,115.662,116.442,3.128,0.000,0.008,18.756,1823.5,,,50.378,cpu03,ok,
13_matrix_batch,pipeline 224^3 s0 1x56 b=2048,pipeline,2048,0,1,1,1,56,224,224,224,4,1,1,1,1867.369,0.000,346.255,454.609,673.401,113.278,135.540,141.272,3.007,0.000,0.007,16.614,1834.0,,,41.770,cpu03,ok,
13_matrix_batch,pipeline 224^3 s0 1x56 b=4096,pipeline,4096,0,1,1,1,56,224,224,224,4,1,1,1,771.238,0.000,171.569,244.340,207.093,46.097,48.129,51.634,2.368,0.000,0.008,6.862,1838.4,,,26.878,cpu03,ok,
13_matrix_batch,schur 224^3 s0 1x56,schur,64,0,1,1,1,56,224,224,224,4,1,1,1,268.830,0.000,89.754,71.911,70.957,14.327,9.625,9.957,2.291,0.000,0.008,2.392,1450.0,,,29.703,cpu03,ok,riferimento per il batch
13_matrix_batch,pipeline 224^3 s0 8x1 b=8,pipeline,8,0,1,1,8,1,224,224,224,4,2,2,2,1583.296,85.583,449.840,376.038,444.423,95.285,80.216,88.688,5.232,0.000,43.574,112.696,257.2,,,79.627,cpu03,ok,
13_matrix_batch,pipeline 224^3 s0 8x1 b=16,pipeline,16,0,1,1,8,1,224,224,224,4,2,2,2,1208.908,63.569,369.299,269.259,345.294,66.996,53.143,58.593,4.398,0.000,41.926,86.048,257.2,,,78.032,cpu03,ok,
13_matrix_batch,pipeline 224^3 s0 8x1 b=32,pipeline,32,0,1,1,8,1,224,224,224,4,2,2,2,1042.966,67.031,326.722,249.557,295.933,53.989,40.903,41.757,4.855,0.000,29.250,74.236,257.2,,,74.910,cpu03,ok,
13_matrix_batch,pipeline 224^3 s0 8x1 b=64,pipeline,64,0,1,1,8,1,224,224,224,4,2,2,2,929.711,61.898,328.105,206.792,239.359,53.167,32.659,32.440,5.088,0.000,32.101,66.175,258.1,,,75.148,cpu03,ok,
13_matrix_batch,pipeline 224^3 s0 8x1 b=128,pipeline,128,0,1,1,8,1,224,224,224,4,2,2,2,848.160,57.824,318.233,188.937,189.863,46.874,33.241,33.005,5.056,0.000,32.951,60.370,257.2,,,77.868,cpu03,ok,
13_matrix_batch,pipeline 224^3 s0 8x1 b=256,pipeline,256,0,1,1,8,1,224,224,224,4,2,2,2,873.204,57.918,361.458,182.367,182.210,52.312,27.000,26.163,5.007,0.000,36.687,62.153,257.2,,,77.425,cpu03,ok,
13_matrix_batch,pipeline 224^3 s0 8x1 b=512,pipeline,512,0,1,1,8,1,224,224,224,4,2,2,2,891.607,71.100,380.501,180.193,183.357,54.246,26.786,26.026,4.836,0.000,35.662,63.463,259.0,,,78.253,cpu03,ok,
13_matrix_batch,pipeline 224^3 s0 8x1 b=1024,pipeline,1024,0,1,1,8,1,224,224,224,4,2,2,2,935.604,94.190,410.146,191.177,188.168,54.149,26.412,26.242,4.688,0.000,34.622,66.594,260.8,,,79.827,cpu03,ok,
13_matrix_batch,pipeline 224^3 s0 8x1 b=2048,pipeline,2048,0,1,1,8,1,224,224,224,4,2,2,2,1072.413,172.626,505.873,222.021,196.560,58.653,27.998,27.549,4.114,0.000,29.645,76.332,261.6,,,78.701,cpu03,ok,
13_matrix_batch,pipeline 224^3 s0 8x1 b=4096,pipeline,4096,0,1,1,8,1,224,224,224,4,2,2,2,1301.171,339.251,640.026,241.281,219.207,105.565,31.775,31.051,3.734,0.000,28.532,92.615,263.4,,,87.912,cpu03,ok,
13_matrix_batch,schur 224^3 s0 8x1,schur,64,0,1,1,8,1,224,224,224,4,2,2,2,720.393,56.711,220.497,225.279,196.839,27.281,21.709,26.189,4.849,0.000,-2.250,51.276,193.4,,,73.860,cpu03,ok,riferimento per il batch
13_matrix_batch,pipeline 224^3 s0 8x7 b=8,pipeline,8,0,1,1,8,7,224,224,224,4,2,2,2,4971.026,1226.176,1146.772,1561.486,1344.328,366.429,491.756,440.565,1.093,0.000,-381.403,353.828,255.5,,,35.791,cpu03,ok,
13_matrix_batch,pipeline 224^3 s0 8x7 b=16,pipeline,16,0,1,1,8,7,224,224,224,4,2,2,2,2771.383,545.794,580.250,927.327,869.442,184.315,274.897,266.350,1.169,0.000,-332.367,197.262,255.5,,,25.557,cpu03,ok,
13_matrix_batch,pipeline 224^3 s0 8x7 b=32,pipeline,32,0,1,1,8,7,224,224,224,4,2,2,2,1588.616,238.650,306.829,490.524,511.219,95.465,148.036,138.300,1.534,0.000,-103.291,113.075,254.6,,,20.643,cpu03,ok,
13_matrix_batch,pipeline 224^3 s0 8x7 b=64,pipeline,64,0,1,1,8,7,224,224,224,4,2,2,2,838.283,142.695,181.929,255.385,250.644,55.982,75.081,67.330,1.078,0.000,-49.146,59.667,253.8,,,18.032,cpu03,ok,
13_matrix_batch,pipeline 224^3 s0 8x7 b=128,pipeline,128,0,1,1,8,7,224,224,224,4,2,2,2,465.713,57.739,111.601,123.190,134.439,29.220,35.083,34.272,1.333,0.000,-3.425,33.149,253.8,,,16.395,cpu03,ok,
13_matrix_batch,pipeline 224^3 s0 8x7 b=256,pipeline,256,0,1,1,8,7,224,224,224,4,2,2,2,318.106,38.229,83.515,83.256,82.713,18.701,17.190,19.060,1.082,0.000,12.589,22.642,254.6,,,15.565,cpu03,ok,
13_matrix_batch,pipeline 224^3 s0 8x7 b=512,pipeline,512,0,1,1,8,7,224,224,224,4,2,2,2,251.070,28.063,74.295,52.029,58.694,15.369,10.545,15.081,1.704,0.000,23.353,17.871,258.1,,,15.545,cpu03,ok,
13_matrix_batch,pipeline 224^3 s0 8x7 b=1024,pipeline,1024,0,1,1,8,7,224,224,224,4,2,2,2,223.767,35.493,75.493,52.333,48.897,13.872,7.964,8.510,1.746,0.000,14.952,15.927,259.0,,,15.533,cpu03,ok,
13_matrix_batch,pipeline 224^3 s0 8x7 b=2048,pipeline,2048,0,1,1,8,7,224,224,224,4,2,2,2,216.567,37.795,82.498,46.009,42.068,14.087,7.093,7.462,1.580,0.000,15.770,15.415,259.9,,,16.008,cpu03,ok,
13_matrix_batch,pipeline 224^3 s0 8x7 b=4096,pipeline,4096,0,1,1,8,7,224,224,224,4,2,2,2,234.284,62.495,102.144,44.788,42.954,15.340,7.133,7.621,1.353,0.000,12.951,16.676,259.9,,,18.850,cpu03,ok,
13_matrix_batch,schur 224^3 s0 8x7,schur,64,0,1,1,8,7,224,224,224,4,2,2,2,512.031,29.567,142.389,149.564,144.453,23.686,22.771,21.804,1.619,0.000,5.745,36.445,191.6,,,14.375,cpu03,ok,riferimento per il batch
13_matrix_batch,pipeline 224^3 s0 28x2 b=8,pipeline,8,0,1,1,28,2,224,224,224,4,7,2,2,802.194,147.471,183.446,209.972,227.304,52.738,55.910,63.216,0.748,0.000,8.860,199.845,93.6,,,23.079,cpu03,ok,
13_matrix_batch,pipeline 224^3 s0 28x2 b=16,pipeline,16,0,1,1,28,2,224,224,224,4,7,2,2,524.869,71.782,129.228,141.583,144.370,29.491,33.656,35.150,1.073,0.000,10.318,130.757,93.6,,,22.127,cpu03,ok,
13_matrix_batch,pipeline 224^3 s0 28x2 b=32,pipeline,32,0,1,1,28,2,224,224,224,4,7,2,2,331.290,61.922,91.713,73.166,89.205,20.171,18.283,22.076,0.849,0.000,15.827,82.532,93.6,,,19.850,cpu03,ok,
13_matrix_batch,pipeline 224^3 s0 28x2 b=64,pipeline,64,0,1,1,28,2,224,224,224,4,7,2,2,253.103,42.645,80.663,51.243,64.635,18.525,10.081,11.814,1.665,0.000,14.477,63.054,93.6,,,18.576,cpu03,ok,
13_matrix_batch,pipeline 224^3 s0 28x2 b=128,pipeline,128,0,1,1,28,2,224,224,224,4,7,2,2,216.660,42.170,70.985,41.528,50.210,15.064,7.677,8.233,1.952,0.000,21.011,53.975,93.6,,,17.831,cpu03,ok,
13_matrix_batch,pipeline 224^3 s0 28x2 b=256,pipeline,256,0,1,1,28,2,224,224,224,4,7,2,2,204.489,46.187,70.694,37.566,42.455,14.462,6.865,8.910,1.789,0.000,21.748,50.943,93.6,,,18.104,cpu03,ok,
13_matrix_batch,pipeline 224^3 s0 28x2 b=512,pipeline,512,0,1,1,28,2,224,224,224,4,7,2,2,206.909,53.898,69.319,37.123,39.111,14.302,6.613,8.784,1.691,0.000,29.966,51.546,93.6,,,17.715,cpu03,ok,
13_matrix_batch,pipeline 224^3 s0 28x2 b=1024,pipeline,1024,0,1,1,28,2,224,224,224,4,7,2,2,219.702,62.054,75.728,51.539,41.718,14.908,6.838,7.747,1.575,0.000,19.649,54.733,96.2,,,17.845,cpu03,ok,
13_matrix_batch,pipeline 224^3 s0 28x2 b=2048,pipeline,2048,0,1,1,28,2,224,224,224,4,7,2,2,247.407,83.955,97.582,56.501,39.893,16.655,7.766,7.944,1.324,0.000,19.742,61.635,96.2,,,19.555,cpu03,ok,
13_matrix_batch,pipeline 224^3 s0 28x2 b=4096,pipeline,4096,0,1,1,28,2,224,224,224,4,7,2,2,316.869,143.732,150.059,57.361,42.574,27.550,10.964,9.107,1.035,0.000,18.219,78.939,97.1,,,22.053,cpu03,ok,
13_matrix_batch,schur 224^3 s0 28x2,schur,64,0,1,1,28,2,224,224,224,4,7,2,2,241.498,51.277,85.167,56.980,56.134,13.976,8.549,7.978,1.697,0.000,11.017,60.163,75.2,,,16.071,cpu03,ok,riferimento per il batch
13_matrix_batch,pipeline 224^3 s0 56x1 b=8,pipeline,8,0,1,1,56,1,224,224,224,4,7,4,2,312.670,52.024,91.306,66.733,80.601,26.299,15.956,17.751,1.662,0.000,12.362,155.787,60.4,,,17.369,cpu03,ok,
13_matrix_batch,pipeline 224^3 s0 56x1 b=16,pipeline,16,0,1,1,56,1,224,224,224,4,7,4,2,244.949,41.638,73.383,50.818,62.208,19.374,10.406,11.336,1.862,0.000,15.562,122.045,60.4,,,16.993,cpu03,ok,
13_matrix_batch,pipeline 224^3 s0 56x1 b=32,pipeline,32,0,1,1,56,1,224,224,224,4,7,4,2,216.645,43.855,67.878,43.531,51.680,14.394,7.954,8.838,2.052,0.000,20.318,107.943,59.5,,,17.405,cpu03,ok,
13_matrix_batch,pipeline 224^3 s0 56x1 b=64,pipeline,64,0,1,1,56,1,224,224,224,4,7,4,2,195.502,43.839,65.281,39.828,42.039,14.519,6.783,6.919,2.256,0.000,17.877,97.408,60.4,,,16.947,cpu03,ok,
13_matrix_batch,pipeline 224^3 s0 56x1 b=128,pipeline,128,0,1,1,56,1,224,224,224,4,7,4,2,183.448,43.007,65.705,37.153,36.929,13.913,6.433,6.479,2.050,0.000,14.786,91.402,60.4,,,17.190,cpu03,ok,
13_matrix_batch,pipeline 224^3 s0 56x1 b=256,pipeline,256,0,1,1,56,1,224,224,224,4,7,4,2,186.915,47.479,67.123,38.310,35.381,13.537,6.593,6.659,1.931,0.000,17.381,93.130,60.4,,,17.778,cpu03,ok,
13_matrix_batch,pipeline 224^3 s0 56x1 b=512,pipeline,512,0,1,1,56,1,224,224,224,4,7,4,2,207.172,55.401,72.140,49.807,39.081,13.713,7.257,7.147,1.702,0.000,16.325,103.223,61.2,,,17.791,cpu03,ok,
13_matrix_batch,pipeline 224^3 s0 56x1 b=1024,pipeline,1024,0,1,1,56,1,224,224,224,4,7,4,2,241.437,86.561,91.763,60.519,40.353,17.439,9.232,8.002,1.350,0.000,12.779,120.295,61.2,,,20.134,cpu03,ok,
13_matrix_batch,pipeline 224^3 s0 56x1 b=2048,pipeline,2048,0,1,1,56,1,224,224,224,4,7,4,2,324.517,158.182,146.811,73.171,41.751,26.872,13.530,9.356,0.771,0.000,12.255,161.689,62.1,,,18.415,cpu03,ok,
13_matrix_batch,pipeline 224^3 s0 56x1 b=4096,pipeline,4096,0,1,1,56,1,224,224,224,4,7,4,2,467.712,282.874,257.032,88.616,48.452,43.254,19.655,9.335,0.807,0.000,0.561,233.036,67.4,,,19.216,cpu03,ok,
13_matrix_batch,schur 224^3 s0 56x1,schur,64,0,1,1,56,1,224,224,224,4,7,4,2,155.761,46.752,55.992,38.735,35.780,8.410,4.667,4.846,1.999,0.000,5.332,77.608,50.8,,,18.452,cpu03,ok,riferimento per il batch
13_matrix_batch,pipeline 224^3 s1 b=8 seriale,pipeline,8,1,0,0,1,1,224,224,224,4,1,1,1,4604.647,0.000,2197.402,893.177,825.246,255.569,207.648,208.293,17.308,0.000,0.004,40.969,1825.2,,,520.212,cpu03,ok,
13_matrix_batch,pipeline 224^3 s1 b=8 T(1),pipeline,8,1,0,1,1,1,224,224,224,4,1,1,1,4753.474,0.000,2300.954,906.249,843.080,266.071,202.424,211.948,22.742,0.000,0.006,42.293,1845.4,,,591.911,cpu03,ok,
13_matrix_batch,pipeline 224^3 s1 b=16 seriale,pipeline,16,1,0,0,1,1,224,224,224,4,1,1,1,4220.127,0.000,2209.145,596.354,771.305,252.639,186.004,188.672,16.005,0.000,0.003,37.548,1825.2,,,513.703,cpu03,ok,
13_matrix_batch,pipeline 224^3 s1 b=16 T(1),pipeline,16,1,0,1,1,1,224,224,224,4,1,1,1,4395.767,0.000,2355.253,625.409,748.557,267.768,183.339,191.602,23.834,0.000,0.005,39.110,1845.4,,,611.905,cpu03,ok,
13_matrix_batch,pipeline 224^3 s1 b=32 seriale,pipeline,32,1,0,0,1,1,224,224,224,4,1,1,1,4151.765,0.000,2457.548,405.284,583.023,318.462,187.567,184.953,14.927,0.000,0.001,36.939,1825.2,,,508.627,cpu03,ok,
13_matrix_batch,pipeline 224^3 s1 b=32 T(1),pipeline,32,1,0,1,1,1,224,224,224,4,1,1,1,4300.899,0.000,2572.508,431.043,566.032,333.837,187.879,185.944,23.650,0.000,0.006,38.266,1845.4,,,581.845,cpu03,ok,
13_matrix_batch,pipeline 224^3 s1 b=64 seriale,pipeline,64,1,0,0,1,1,224,224,224,4,1,1,1,4053.190,0.000,2477.449,401.957,459.885,331.588,187.653,178.987,15.669,0.000,0.002,36.062,1825.2,,,511.451,cpu03,ok,
13_matrix_batch,pipeline 224^3 s1 b=64 T(1),pipeline,64,1,0,1,1,1,224,224,224,4,1,1,1,4228.196,0.000,2591.941,424.151,475.705,341.561,190.698,181.248,22.885,0.000,0.007,37.619,1845.4,,,581.032,cpu03,ok,
13_matrix_batch,pipeline 224^3 s1 b=128 seriale,pipeline,128,1,0,0,1,1,224,224,224,4,1,1,1,4122.394,0.000,2647.806,375.574,377.592,339.531,187.192,179.045,15.653,0.000,0.001,36.678,1825.2,,,532.457,cpu03,ok,
13_matrix_batch,pipeline 224^3 s1 b=128 T(1),pipeline,128,1,0,1,1,1,224,224,224,4,1,1,1,4327.193,0.000,2795.552,401.098,388.603,352.569,184.823,181.085,23.455,0.000,0.008,38.500,1846.2,,,614.133,cpu03,ok,
13_matrix_batch,pipeline 224^3 s1 b=256 seriale,pipeline,256,1,0,0,1,1,224,224,224,4,1,1,1,4110.183,0.000,2710.337,332.839,339.438,356.449,180.367,174.630,16.121,0.000,0.002,36.569,1826.1,,,522.030,cpu03,ok,
13_matrix_batch,pipeline 224^3 s1 b=256 T(1),pipeline,256,1,0,1,1,1,224,224,224,4,1,1,1,4300.064,0.000,2834.595,355.990,359.743,362.497,183.663,180.559,23.010,0.000,0.007,38.259,1846.2,,,599.177,cpu03,ok,
13_matrix_batch,pipeline 224^3 s1 b=512 seriale,pipeline,512,1,0,0,1,1,224,224,224,4,1,1,1,4121.402,0.000,2784.296,311.640,295.120,358.352,180.805,175.008,16.179,0.000,0.002,36.669,1826.1,,,518.520,cpu03,ok,
13_matrix_batch,pipeline 224^3 s1 b=512 T(1),pipeline,512,1,0,1,1,1,224,224,224,4,1,1,1,4299.380,0.000,2906.416,336.822,308.730,362.832,182.933,178.443,23.196,0.000,0.008,38.253,1846.2,,,592.284,cpu03,ok,
13_matrix_batch,pipeline 224^3 s1 b=1024 seriale,pipeline,1024,1,0,0,1,1,224,224,224,4,1,1,1,4392.951,0.000,3086.984,295.441,279.585,364.130,178.090,173.874,14.846,0.000,0.001,39.085,1827.0,,,510.368,cpu03,ok,
13_matrix_batch,pipeline 224^3 s1 b=1024 T(1),pipeline,1024,1,0,1,1,1,224,224,224,4,1,1,1,4569.646,0.000,3224.378,315.975,275.849,375.877,179.492,175.949,22.120,0.000,0.006,40.657,1847.1,,,592.111,cpu03,ok,
13_matrix_batch,pipeline 224^3 s1 b=2048 seriale,pipeline,2048,1,0,0,1,1,224,224,224,4,1,1,1,4881.744,0.000,3404.389,307.291,264.002,541.712,176.598,172.696,15.055,0.000,0.001,43.434,1836.6,,,508.083,cpu03,ok,
13_matrix_batch,pipeline 224^3 s1 b=2048 T(1),pipeline,2048,1,0,1,1,1,224,224,224,4,1,1,1,5069.183,0.000,3528.074,340.938,278.194,551.049,172.521,174.805,23.595,0.000,0.007,45.102,1856.8,,,586.760,cpu03,ok,
13_matrix_batch,pipeline 224^3 s1 b=4096 seriale,pipeline,4096,1,0,0,1,1,224,224,224,4,1,1,1,5327.970,0.000,3815.631,296.568,260.629,592.190,176.528,171.476,14.947,0.000,0.001,47.404,1844.5,,,507.586,cpu03,ok,
13_matrix_batch,pipeline 224^3 s1 b=4096 T(1),pipeline,4096,1,0,1,1,1,224,224,224,4,1,1,1,5542.350,0.000,3959.196,335.001,267.661,602.078,177.337,176.595,24.477,0.000,0.005,49.312,1864.6,,,593.243,cpu03,ok,
13_matrix_batch,schur 224^3 s1 seriale,schur,64,1,0,0,1,1,224,224,224,4,1,1,1,2241.384,0.000,1201.759,255.272,239.311,177.125,172.787,178.491,16.637,0.000,0.002,19.942,1313.2,,,517.438,cpu03,ok,riferimento per il batch
13_matrix_batch,schur 224^3 s1 T(1),schur,64,1,0,1,1,1,224,224,224,4,1,1,1,2365.197,0.000,1290.229,264.122,248.953,187.270,171.864,181.527,21.219,0.000,0.013,21.044,1333.6,,,597.800,cpu03,ok,riferimento per il batch
13_matrix_batch,pipeline 224^3 s1 1x1 b=8,pipeline,8,1,1,1,1,1,224,224,224,4,1,1,1,10420.268,0.000,3508.137,2424.814,2476.463,697.411,642.060,643.788,27.590,0.000,0.005,92.712,1845.4,,,629.688,cpu03,ok,
13_matrix_batch,pipeline 224^3 s1 1x1 b=16,pipeline,16,1,1,1,1,1,224,224,224,4,1,1,1,7085.325,0.000,2926.814,1320.945,1530.063,491.362,383.025,405.507,27.604,0.000,0.005,63.040,1845.4,,,610.533,cpu03,ok,
13_matrix_batch,pipeline 224^3 s1 1x1 b=32,pipeline,32,1,1,1,1,1,224,224,224,4,1,1,1,5746.242,0.000,2855.344,812.619,1009.114,463.803,285.808,295.558,23.991,0.000,0.005,51.126,1845.4,,,604.925,cpu03,ok,
13_matrix_batch,pipeline 224^3 s1 1x1 b=64,pipeline,64,1,1,1,1,1,224,224,224,4,1,1,1,4890.390,0.000,2708.483,618.385,669.629,405.771,234.089,230.534,23.491,0.000,0.008,43.511,1845.4,,,596.632,cpu03,ok,
13_matrix_batch,pipeline 224^3 s1 1x1 b=128,pipeline,128,1,1,1,1,1,224,224,224,4,1,1,1,4676.793,0.000,2796.512,524.110,523.330,392.542,210.627,206.775,22.892,0.000,0.005,41.611,1846.2,,,611.506,cpu03,ok,
13_matrix_batch,pipeline 224^3 s1 1x1 b=256,pipeline,256,1,1,1,1,1,224,224,224,4,1,1,1,4418.299,0.000,2771.785,447.611,409.907,385.338,192.030,189.489,22.132,0.000,0.007,39.311,1846.2,,,590.459,cpu03,ok,
13_matrix_batch,pipeline 224^3 s1 1x1 b=512,pipeline,512,1,1,1,1,1,224,224,224,4,1,1,1,4387.499,0.000,2848.203,408.293,354.316,381.872,187.110,184.087,23.612,0.000,0.006,39.037,1847.1,,,594.942,cpu03,ok,
13_matrix_batch,pipeline 224^3 s1 1x1 b=1024,pipeline,1024,1,1,1,1,1,224,224,224,4,1,1,1,4723.962,0.000,3236.313,375.201,337.080,395.400,179.670,177.558,22.735,0.000,0.005,42.030,1847.1,,,598.081,cpu03,ok,
13_matrix_batch,pipeline 224^3 s1 1x1 b=2048,pipeline,2048,1,1,1,1,1,224,224,224,4,1,1,1,5313.443,0.000,3632.416,408.883,320.564,572.442,178.923,177.027,23.182,0.000,0.006,47.275,1857.6,,,616.699,cpu03,ok,
13_matrix_batch,pipeline 224^3 s1 1x1 b=4096,pipeline,4096,1,1,1,1,1,224,224,224,4,1,1,1,5769.114,0.000,4051.743,392.334,323.345,623.179,181.394,173.110,24.005,0.000,0.004,51.329,1864.6,,,611.255,cpu03,ok,
13_matrix_batch,schur 224^3 s1 1x1,schur,64,1,1,1,1,1,224,224,224,4,1,1,1,2452.410,0.000,1355.204,273.803,262.642,184.331,174.581,178.754,23.084,0.000,0.011,21.820,1334.4,,,588.864,cpu03,ok,riferimento per il batch
13_matrix_batch,pipeline 224^3 s1 1x14 b=8,pipeline,8,1,1,1,1,14,224,224,224,4,1,1,1,34398.462,0.000,8649.747,8357.320,8359.926,2787.545,3131.968,3107.080,4.870,0.000,0.006,306.052,1838.4,,,189.057,cpu03,ok,
13_matrix_batch,pipeline 224^3 s1 1x14 b=16,pipeline,16,1,1,1,1,14,224,224,224,4,1,1,1,19743.421,0.000,5043.564,4552.971,4534.559,1584.282,2027.944,1995.177,4.919,0.000,0.005,175.662,1842.8,,,141.784,cpu03,ok,
13_matrix_batch,pipeline 224^3 s1 1x14 b=32,pipeline,32,1,1,1,1,14,224,224,224,4,1,1,1,16501.475,0.000,4197.492,4154.771,4077.396,1342.066,1368.833,1355.994,4.918,0.000,0.005,146.818,1839.2,,,118.662,cpu03,ok,
13_matrix_batch,pipeline 224^3 s1 1x14 b=64,pipeline,64,1,1,1,1,14,224,224,224,4,1,1,1,6195.943,0.000,1360.080,1658.770,1669.416,403.304,551.088,548.254,5.024,0.000,0.007,55.127,1836.6,,,79.911,cpu03,ok,
13_matrix_batch,pipeline 224^3 s1 1x14 b=128,pipeline,128,1,1,1,1,14,224,224,224,4,1,1,1,3221.805,0.000,753.395,837.587,867.131,205.915,281.313,271.403,5.054,0.000,0.007,28.665,1835.8,,,64.842,cpu03,ok,
13_matrix_batch,pipeline 224^3 s1 1x14 b=256,pipeline,256,1,1,1,1,14,224,224,224,4,1,1,1,2245.362,0.000,600.239,556.754,558.706,173.066,182.737,168.900,4.949,0.000,0.011,19.978,1838.4,,,54.876,cpu03,ok,
13_matrix_batch,pipeline 224^3 s1 1x14 b=512,pipeline,512,1,1,1,1,14,224,224,224,4,1,1,1,1141.439,0.000,355.476,300.689,250.357,82.984,76.035,71.067,4.822,0.000,0.009,10.156,1837.5,,,49.764,cpu03,ok,
13_matrix_batch,pipeline 224^3 s1 1x14 b=1024,pipeline,1024,1,1,1,1,14,224,224,224,4,1,1,1,751.568,0.000,285.137,127.325,195.896,58.625,39.324,40.320,4.935,0.000,0.006,6.687,1848.0,,,51.175,cpu03,ok,
13_matrix_batch,pipeline 224^3 s1 1x14 b=2048,pipeline,2048,1,1,1,1,14,224,224,224,4,1,1,1,568.142,0.000,275.479,85.003,89.950,56.270,28.843,27.686,4.905,0.000,0.006,5.055,1850.6,,,51.868,cpu03,ok,
13_matrix_batch,pipeline 224^3 s1 1x14 b=4096,pipeline,4096,1,1,1,1,14,224,224,224,4,1,1,1,505.274,0.000,273.722,66.475,66.122,48.556,24.664,20.874,4.855,0.000,0.006,4.496,1859.4,,,52.191,cpu03,ok,
13_matrix_batch,schur 224^3 s1 1x14,schur,64,1,1,1,1,14,224,224,224,4,1,1,1,232.905,0.000,126.488,25.711,30.036,17.849,14.063,14.196,4.556,0.000,0.006,2.072,1376.1,,,53.455,cpu03,ok,riferimento per il batch
13_matrix_batch,pipeline 224^3 s1 1x28 b=8,pipeline,8,1,1,1,1,28,224,224,224,4,1,1,1,64322.862,0.000,16156.356,15935.116,15937.755,5231.673,5516.833,5534.805,10.316,0.000,0.008,572.297,1829.6,,,280.092,cpu04,ok,
13_matrix_batch,pipeline 224^3 s1 1x28 b=16,pipeline,16,1,1,1,1,28,224,224,224,4,1,1,1,33297.241,0.000,8407.337,8120.429,8069.028,2685.663,3018.741,2985.690,10.346,0.000,0.007,296.254,1828.8,,,177.203,cpu04,ok,
13_matrix_batch,pipeline 224^3 s1 1x28 b=32,pipeline,32,1,1,1,1,28,224,224,224,4,1,1,1,17613.713,0.000,4375.080,4193.349,4152.234,1376.628,1778.930,1727.068,10.416,0.000,0.008,156.714,1834.9,,,144.060,cpu04,ok,
13_matrix_batch,pipeline 224^3 s1 1x28 b=64,pipeline,64,1,1,1,1,28,224,224,224,4,1,1,1,9650.327,0.000,2194.950,2454.700,2418.465,711.436,928.938,931.258,10.573,0.000,0.007,85.861,1833.1,,,93.718,cpu04,ok,ripetizioni: 1 su 2 (budget)
13_matrix_batch,pipeline 224^3 s1 1x28 b=128,pipeline,128,1,1,1,1,28,224,224,224,4,1,1,1,5381.056,0.000,1212.407,1328.338,1456.204,363.746,497.243,512.592,10.519,0.000,0.007,47.877,1835.8,,,72.940,cpu04,ok,
13_matrix_batch,pipeline 224^3 s1 1x28 b=256,pipeline,256,1,1,1,1,28,224,224,224,4,1,1,1,2821.328,0.000,654.700,753.669,715.765,199.345,237.696,249.511,10.633,0.000,0.009,25.102,1834.9,,,58.248,cpu04,ok,
13_matrix_batch,pipeline 224^3 s1 1x28 b=512,pipeline,512,1,1,1,1,28,224,224,224,4,1,1,1,1629.019,0.000,409.026,457.429,408.280,116.831,109.605,117.208,10.634,0.000,0.006,14.494,1836.6,,,53.060,cpu04,ok,
13_matrix_batch,pipeline 224^3 s1 1x28 b=1024,pipeline,1024,1,1,1,1,28,224,224,224,4,1,1,1,1095.449,0.000,313.087,224.371,327.842,87.152,66.392,66.089,10.508,0.000,0.008,9.746,1834.9,,,48.456,cpu04,ok,
13_matrix_batch,pipeline 224^3 s1 1x28 b=2048,pipeline,2048,1,1,1,1,28,224,224,224,4,1,1,1,828.881,0.000,260.844,180.247,189.342,74.353,62.597,51.083,10.408,0.000,0.007,7.375,1841.0,,,46.465,cpu04,ok,
13_matrix_batch,pipeline 224^3 s1 1x28 b=4096,pipeline,4096,1,1,1,1,28,224,224,224,4,1,1,1,590.663,0.000,250.852,100.287,103.356,62.900,28.230,34.691,10.340,0.000,0.007,5.255,1854.1,,,49.079,cpu04,ok,
13_matrix_batch,schur 224^3 s1 1x28,schur,64,1,1,1,1,28,224,224,224,4,1,1,1,254.989,0.000,135.406,25.705,37.182,22.677,11.859,11.681,10.467,0.000,0.012,2.269,1418.3,,,63.445,cpu04,ok,riferimento per il batch
13_matrix_batch,pipeline 224^3 s1 1x56 b=8,pipeline,8,1,1,1,1,56,224,224,224,4,1,1,1,141922.190,0.000,35969.087,35030.886,34978.129,11795.250,12069.821,12072.533,6.475,0.000,0.009,1262.718,1785.9,,,553.871,cpu04,ok,ripetizioni: 1 su 2 (budget)
13_matrix_batch,pipeline 224^3 s1 1x56 b=16,pipeline,16,1,1,1,1,56,224,224,224,4,1,1,1,66138.989,0.000,16824.629,16050.863,15972.772,5549.546,5871.691,5863.203,6.276,0.000,0.009,588.455,1784.1,,,314.659,cpu04,ok,
13_matrix_batch,pipeline 224^3 s1 1x56 b=32,pipeline,32,1,1,1,1,56,224,224,224,4,1,1,1,101143.958,0.000,25920.728,24832.053,24569.237,8464.771,8734.474,8616.133,6.554,0.000,0.008,899.903,1788.5,,,194.529,cpu04,ok,ripetizioni: 1 su 2 (budget)
13_matrix_batch,pipeline 224^3 s1 1x56 b=64,pipeline,64,1,1,1,1,56,224,224,224,4,1,1,1,52630.522,0.000,13596.679,13342.024,12860.007,4319.498,4250.329,4256.815,5.161,0.000,0.009,468.267,1796.4,,,243.938,cpu03,ok,
13_matrix_batch,pipeline 224^3 s1 1x56 b=128,pipeline,128,1,1,1,1,56,224,224,224,4,1,1,1,11804.764,0.000,2540.106,3236.412,3216.698,796.305,981.599,1028.988,4.646,0.000,0.010,105.030,1813.9,,,127.154,cpu03,ok,
13_matrix_batch,pipeline 224^3 s1 1x56 b=256,pipeline,256,1,1,1,1,56,224,224,224,4,1,1,1,14458.499,0.000,3419.291,3471.486,4354.003,1098.281,1076.621,1034.103,4.706,0.000,0.008,128.641,1817.4,,,88.318,cpu03,ok,
13_matrix_batch,pipeline 224^3 s1 1x56 b=512,pipeline,512,1,1,1,1,56,224,224,224,4,1,1,1,7724.632,0.000,1795.996,2079.481,2142.368,599.371,545.706,557.511,4.188,0.000,0.011,68.728,1827.0,,,78.094,cpu03,ok,
13_matrix_batch,pipeline 224^3 s1 1x56 b=1024,pipeline,1024,1,1,1,1,56,224,224,224,4,1,1,1,2130.440,0.000,403.025,605.209,764.634,116.517,118.755,119.078,3.211,0.000,0.011,18.955,1820.0,,,55.915,cpu03,ok,
13_matrix_batch,pipeline 224^3 s1 1x56 b=2048,pipeline,2048,1,1,1,1,56,224,224,224,4,1,1,1,1001.152,0.000,246.273,241.429,272.715,74.537,99.129,64.857,2.201,0.000,0.011,8.908,1834.0,,,40.337,cpu03,ok,
13_matrix_batch,pipeline 224^3 s1 1x56 b=4096,pipeline,4096,1,1,1,1,56,224,224,224,4,1,1,1,744.895,0.000,181.588,212.882,197.737,48.579,48.997,52.770,2.334,0.000,0.008,6.628,1839.2,,,30.458,cpu03,ok,
13_matrix_batch,schur 224^3 s1 1x56,schur,64,1,1,1,1,56,224,224,224,4,1,1,1,166.003,0.000,99.312,9.840,20.394,14.220,9.874,10.070,2.284,0.000,0.009,1.477,1462.0,,,33.245,cpu03,ok,riferimento per il batch
13_matrix_batch,pipeline 224^3 s1 8x1 b=8,pipeline,8,1,1,1,8,1,224,224,224,4,2,2,2,1402.657,60.398,466.077,285.075,348.616,95.805,80.711,89.488,4.573,0.000,32.312,99.838,257.2,,,76.985,cpu03,ok,
13_matrix_batch,pipeline 224^3 s1 8x1 b=16,pipeline,16,1,1,1,8,1,224,224,224,4,2,2,2,961.708,53.778,380.829,155.449,212.361,66.968,52.784,56.580,4.573,0.000,32.164,68.452,258.1,,,74.493,cpu03,ok,
13_matrix_batch,pipeline 224^3 s1 8x1 b=32,pipeline,32,1,1,1,8,1,224,224,224,4,2,2,2,782.850,69.222,346.878,123.238,144.108,52.616,40.267,41.171,4.625,0.000,29.947,55.722,257.2,,,77.490,cpu03,ok,
13_matrix_batch,pipeline 224^3 s1 8x1 b=64,pipeline,64,1,1,1,8,1,224,224,224,4,2,2,2,701.215,70.269,343.559,102.890,103.282,52.040,32.463,31.872,4.941,0.000,30.168,49.911,257.2,,,72.640,cpu03,ok,
13_matrix_batch,pipeline 224^3 s1 8x1 b=128,pipeline,128,1,1,1,8,1,224,224,224,4,2,2,2,615.726,49.758,325.764,75.332,74.657,45.794,28.913,29.360,6.322,0.000,29.584,43.826,257.2,,,72.558,cpu03,ok,
13_matrix_batch,pipeline 224^3 s1 8x1 b=256,pipeline,256,1,1,1,8,1,224,224,224,4,2,2,2,652.909,64.289,373.878,67.559,67.872,53.522,27.784,26.438,4.823,0.000,31.033,46.473,257.2,,,76.376,cpu03,ok,
13_matrix_batch,pipeline 224^3 s1 8x1 b=512,pipeline,512,1,1,1,8,1,224,224,224,4,2,2,2,658.862,62.951,387.208,64.947,59.773,54.979,29.458,26.353,4.431,0.000,31.713,46.896,259.0,,,76.244,cpu03,ok,
13_matrix_batch,pipeline 224^3 s1 8x1 b=1024,pipeline,1024,1,1,1,8,1,224,224,224,4,2,2,2,700.334,93.610,426.290,78.094,65.633,52.739,26.226,26.181,4.475,0.000,20.696,49.848,259.9,,,76.005,cpu03,ok,
13_matrix_batch,pipeline 224^3 s1 8x1 b=2048,pipeline,2048,1,1,1,8,1,224,224,224,4,2,2,2,813.344,137.444,531.345,81.008,60.319,58.915,27.916,27.773,4.015,0.000,22.053,57.892,261.6,,,80.416,cpu03,ok,
13_matrix_batch,pipeline 224^3 s1 8x1 b=4096,pipeline,4096,1,1,1,8,1,224,224,224,4,2,2,2,985.144,259.124,652.358,87.482,58.773,96.754,31.755,31.908,3.357,0.000,22.757,70.121,263.4,,,80.912,cpu03,ok,
13_matrix_batch,schur 224^3 s1 8x1,schur,64,1,1,1,8,1,224,224,224,4,2,2,2,738.535,54.949,229.986,230.559,198.292,27.117,21.537,25.403,5.028,0.000,0.613,52.567,194.2,,,73.774,cpu03,ok,riferimento per il batch
13_matrix_batch,pipeline 224^3 s1 8x7 b=8,pipeline,8,1,1,1,8,7,224,224,224,4,2,2,2,4502.090,1275.540,1169.068,1046.699,1113.469,365.260,425.461,413.631,1.076,0.000,-32.574,320.450,254.6,,,38.006,cpu03,ok,
13_matrix_batch,pipeline 224^3 s1 8x7 b=16,pipeline,16,1,1,1,8,7,224,224,224,4,2,2,2,2358.957,565.062,578.373,706.715,711.383,183.615,277.388,264.282,1.161,0.000,-363.960,167.906,256.4,,,27.936,cpu03,ok,
13_matrix_batch,pipeline 224^3 s1 8x7 b=32,pipeline,32,1,1,1,8,7,224,224,224,4,2,2,2,1351.436,265.822,311.939,372.293,397.265,93.698,143.395,141.242,1.086,0.000,-109.482,96.193,253.8,,,20.550,cpu03,ok,
13_matrix_batch,pipeline 224^3 s1 8x7 b=64,pipeline,64,1,1,1,8,7,224,224,224,4,2,2,2,732.688,149.319,186.509,206.615,197.884,49.992,69.947,74.478,1.385,0.000,-54.122,52.151,253.8,,,18.406,cpu03,ok,
13_matrix_batch,pipeline 224^3 s1 8x7 b=128,pipeline,128,1,1,1,8,7,224,224,224,4,2,2,2,425.960,72.920,116.575,96.999,114.959,28.799,30.878,34.296,1.407,0.000,2.047,30.319,253.8,,,16.780,cpu03,ok,
13_matrix_batch,pipeline 224^3 s1 8x7 b=256,pipeline,256,1,1,1,8,7,224,224,224,4,2,2,2,269.629,43.132,85.274,54.181,54.899,19.108,17.581,16.345,1.856,0.000,20.385,19.192,253.8,,,15.687,cpu03,ok,
13_matrix_batch,pipeline 224^3 s1 8x7 b=512,pipeline,512,1,1,1,8,7,224,224,224,4,2,2,2,212.384,27.090,75.156,34.222,48.336,15.344,10.818,11.156,1.643,0.000,15.709,15.117,256.4,,,14.741,cpu03,ok,
13_matrix_batch,pipeline 224^3 s1 8x7 b=1024,pipeline,1024,1,1,1,8,7,224,224,224,4,2,2,2,175.136,22.348,76.014,25.586,26.085,13.614,7.873,8.380,1.681,0.000,15.903,12.466,259.0,,,15.615,cpu03,ok,
13_matrix_batch,pipeline 224^3 s1 8x7 b=2048,pipeline,2048,1,1,1,8,7,224,224,224,4,2,2,2,175.459,29.081,82.786,23.893,22.443,13.806,7.088,7.601,1.548,0.000,16.294,12.489,258.1,,,16.528,cpu03,ok,
13_matrix_batch,pipeline 224^3 s1 8x7 b=4096,pipeline,4096,1,1,1,8,7,224,224,224,4,2,2,2,196.552,50.941,98.201,23.222,21.506,15.638,7.123,7.613,1.248,0.000,22.001,13.990,259.9,,,16.628,cpu03,ok,
13_matrix_batch,schur 224^3 s1 8x7,schur,64,1,1,1,8,7,224,224,224,4,2,2,2,565.339,25.959,162.775,164.078,153.472,26.125,25.055,23.886,1.627,0.000,8.321,40.240,191.6,,,16.414,cpu03,ok,riferimento per il batch
13_matrix_batch,pipeline 224^3 s1 28x2 b=8,pipeline,8,1,1,1,28,2,224,224,224,4,7,2,2,695.022,136.520,188.339,148.907,175.850,60.239,58.734,63.539,0.710,0.000,-1.296,173.146,93.6,,,22.973,cpu03,ok,
13_matrix_batch,pipeline 224^3 s1 28x2 b=16,pipeline,16,1,1,1,28,2,224,224,224,4,7,2,2,433.101,81.115,127.064,88.188,100.117,30.407,33.972,34.908,0.924,0.000,17.521,107.895,93.6,,,20.477,cpu03,ok,
13_matrix_batch,pipeline 224^3 s1 28x2 b=32,pipeline,32,1,1,1,28,2,224,224,224,4,7,2,2,287.166,59.643,98.515,50.123,59.374,21.430,17.315,20.260,1.122,0.000,19.027,71.540,93.6,,,21.387,cpu03,ok,
13_matrix_batch,pipeline 224^3 s1 28x2 b=64,pipeline,64,1,1,1,28,2,224,224,224,4,7,2,2,208.631,41.745,79.237,26.987,35.687,20.541,12.201,11.840,1.692,0.000,20.446,51.975,93.6,,,17.785,cpu03,ok,
13_matrix_batch,pipeline 224^3 s1 28x2 b=128,pipeline,128,1,1,1,28,2,224,224,224,4,7,2,2,179.748,39.040,74.052,25.382,31.321,15.978,7.628,9.208,1.982,0.000,14.197,44.779,93.6,,,16.377,cpu03,ok,
13_matrix_batch,pipeline 224^3 s1 28x2 b=256,pipeline,256,1,1,1,28,2,224,224,224,4,7,2,2,170.935,39.230,71.218,26.447,28.780,13.322,8.069,7.971,1.905,0.000,13.223,42.584,93.6,,,18.031,cpu03,ok,
13_matrix_batch,pipeline 224^3 s1 28x2 b=512,pipeline,512,1,1,1,28,2,224,224,224,4,7,2,2,171.771,46.625,72.576,24.843,27.875,15.120,6.543,8.333,1.711,0.000,14.770,42.792,92.8,,,17.847,cpu03,ok,
13_matrix_batch,pipeline 224^3 s1 28x2 b=1024,pipeline,1024,1,1,1,28,2,224,224,224,4,7,2,2,181.503,52.723,80.462,28.200,23.111,16.041,6.734,7.259,1.613,0.000,18.083,45.217,96.2,,,18.134,cpu03,ok,
13_matrix_batch,pipeline 224^3 s1 28x2 b=2048,pipeline,2048,1,1,1,28,2,224,224,224,4,7,2,2,210.143,79.366,101.045,32.579,22.656,17.819,8.355,7.977,1.250,0.000,18.462,52.351,96.2,,,21.624,cpu03,ok,
13_matrix_batch,pipeline 224^3 s1 28x2 b=4096,pipeline,4096,1,1,1,28,2,224,224,224,4,7,2,2,267.612,132.640,156.642,35.711,19.605,27.511,10.983,9.466,1.013,0.000,6.681,66.668,97.1,,,22.351,cpu03,ok,
13_matrix_batch,schur 224^3 s1 28x2,schur,64,1,1,1,28,2,224,224,224,4,7,2,2,259.856,52.112,93.338,60.641,60.006,14.176,9.278,8.426,1.761,0.000,12.230,64.736,75.2,,,17.413,cpu03,ok,riferimento per il batch
13_matrix_batch,pipeline 224^3 s1 56x1 b=8,pipeline,8,1,1,1,56,1,224,224,224,4,7,4,2,270.762,40.895,93.863,45.800,60.606,23.009,15.450,18.643,1.589,0.000,11.802,134.906,60.4,,,16.479,cpu03,ok,
13_matrix_batch,pipeline 224^3 s1 56x1 b=16,pipeline,16,1,1,1,56,1,224,224,224,4,7,4,2,199.779,34.813,75.069,28.747,39.306,15.978,10.361,11.278,1.932,0.000,17.108,99.539,60.4,,,15.890,cpu03,ok,
13_matrix_batch,pipeline 224^3 s1 56x1 b=32,pipeline,32,1,1,1,56,1,224,224,224,4,7,4,2,172.637,34.587,68.182,24.293,30.241,14.731,7.919,9.040,2.005,0.000,16.226,86.016,60.4,,,15.892,cpu03,ok,
13_matrix_batch,pipeline 224^3 s1 56x1 b=64,pipeline,64,1,1,1,56,1,224,224,224,4,7,4,2,163.767,42.497,69.301,24.104,25.579,14.143,7.047,7.287,2.173,0.000,14.133,81.596,60.4,,,16.125,cpu03,ok,
13_matrix_batch,pipeline 224^3 s1 56x1 b=128,pipeline,128,1,1,1,56,1,224,224,224,4,7,4,2,158.225,39.402,67.111,23.661,25.175,13.286,6.735,6.523,2.043,0.000,13.691,78.835,60.4,,,15.832,cpu03,ok,
13_matrix_batch,pipeline 224^3 s1 56x1 b=256,pipeline,256,1,1,1,56,1,224,224,224,4,7,4,2,160.373,43.405,68.192,25.144,25.524,13.145,7.125,6.817,1.784,0.000,12.642,79.905,60.4,,,15.971,cpu03,ok,
13_matrix_batch,pipeline 224^3 s1 56x1 b=512,pipeline,512,1,1,1,56,1,224,224,224,4,7,4,2,171.484,51.340,75.486,26.103,23.321,13.752,7.316,7.879,1.670,0.000,15.957,85.441,61.2,,,18.187,cpu03,ok,
13_matrix_batch,pipeline 224^3 s1 56x1 b=1024,pipeline,1024,1,1,1,56,1,224,224,224,4,7,4,2,199.540,81.401,96.246,33.554,22.237,16.773,9.209,8.169,1.273,0.000,12.079,99.420,61.2,,,20.324,cpu03,ok,
13_matrix_batch,pipeline 224^3 s1 56x1 b=2048,pipeline,2048,1,1,1,56,1,224,224,224,4,7,4,2,262.583,137.794,146.773,38.943,21.646,26.749,13.688,9.355,0.761,0.000,4.668,130.831,62.1,,,17.402,cpu03,ok,
13_matrix_batch,pipeline 224^3 s1 56x1 b=4096,pipeline,4096,1,1,1,56,1,224,224,224,4,7,4,2,404.136,269.182,259.587,50.769,15.362,42.133,19.648,9.451,0.756,0.000,6.430,201.359,67.4,,,16.189,cpu03,ok,
13_matrix_batch,schur 224^3 s1 56x1,schur,64,1,1,1,56,1,224,224,224,4,7,4,2,162.883,44.546,57.445,39.205,34.905,8.572,5.109,5.008,2.129,0.000,10.510,81.156,50.8,,,16.374,cpu03,ok,riferimento per il batch
14_matrix_size,schur s0 N=32 seriale,schur,64,0,0,0,1,1,32,32,32,20,1,1,1,9.209,0.000,3.864,2.080,2.161,0.402,0.346,0.335,0.019,0.000,0.002,28.102,6.1,,,1.541,cpu03,ok,
14_matrix_size,schur s0 N=32 T(1),schur,64,0,0,1,1,1,32,32,32,20,1,1,1,9.153,0.000,3.840,2.071,2.141,0.400,0.346,0.335,0.018,0.000,0.002,27.934,26.2,,,1.527,cpu03,ok,
14_matrix_size,schur s0 N=48 seriale,schur,64,0,0,0,1,1,48,48,48,20,1,1,1,28.832,0.000,11.897,6.444,6.667,1.330,1.196,1.220,0.077,0.000,0.001,26.070,15.8,,,4.749,cpu03,ok,
14_matrix_size,schur s0 N=48 T(1),schur,64,0,0,1,1,1,48,48,48,20,1,1,1,28.533,0.000,11.771,6.352,6.610,1.322,1.189,1.213,0.073,0.000,0.003,25.800,35.9,,,4.686,cpu03,ok,
14_matrix_size,schur s0 N=64 seriale,schur,64,0,0,0,1,1,64,64,64,20,1,1,1,66.548,0.000,26.828,14.689,15.633,3.166,2.852,3.141,0.238,0.000,0.001,25.386,33.2,,,10.708,cpu03,ok,
14_matrix_size,schur s0 N=64 T(1),schur,64,0,0,1,1,1,64,64,64,20,1,1,1,66.606,0.000,26.788,14.684,15.700,3.180,2.855,3.136,0.260,0.000,0.003,25.408,54.2,,,10.689,cpu03,ok,
14_matrix_size,schur s0 N=96 seriale,schur,64,0,0,0,1,1,96,96,96,10,1,1,1,261.414,0.000,89.325,71.872,65.937,12.220,10.348,10.596,1.116,0.000,0.000,29.547,107.6,,,37.345,cpu03,ok,
14_matrix_size,schur s0 N=96 T(1),schur,64,0,0,1,1,1,96,96,96,10,1,1,1,263.145,0.000,90.077,71.861,65.964,12.143,10.344,11.018,1.731,0.000,0.007,29.743,127.8,,,38.070,cpu03,ok,
14_matrix_size,schur s0 N=128 seriale,schur,64,0,0,0,1,1,128,128,128,10,1,1,1,677.429,0.000,217.803,196.388,171.561,30.844,27.576,30.527,2.729,0.000,0.001,32.302,249.4,,,95.818,cpu03,ok,
14_matrix_size,schur s0 N=128 T(1),schur,64,0,0,1,1,1,128,128,128,10,1,1,1,685.627,0.000,224.129,198.103,170.213,32.175,27.572,29.924,3.503,0.000,0.008,32.693,270.4,,,101.825,cpu03,ok,
14_matrix_size,schur s0 N=160 seriale,schur,64,0,0,0,1,1,160,160,160,6,1,1,1,1414.035,0.000,433.639,425.698,352.305,62.583,65.073,68.249,6.487,0.000,0.001,34.522,482.9,,,196.994,cpu03,ok,
14_matrix_size,schur s0 N=160 T(1),schur,64,0,0,1,1,1,160,160,160,6,1,1,1,1437.073,0.000,447.275,432.037,348.270,65.938,65.859,68.390,9.291,0.000,0.013,35.085,504.0,,,209.065,cpu03,ok,
14_matrix_size,schur s0 N=192 seriale,schur,64,0,0,0,1,1,192,192,192,6,1,1,1,2279.094,0.000,740.764,635.175,557.887,109.015,108.836,116.740,10.676,0.000,0.001,32.200,830.2,,,335.217,cpu03,ok,
14_matrix_size,schur s0 N=192 T(1),schur,64,0,0,1,1,1,192,192,192,6,1,1,1,2460.891,0.000,779.192,693.270,634.257,112.996,108.644,116.566,15.956,0.000,0.010,34.769,850.6,,,372.891,cpu03,ok,
14_matrix_size,schur s0 N=224 seriale,schur,64,0,0,0,1,1,224,224,224,4,1,1,1,3920.633,0.000,1173.322,1215.558,984.506,177.631,171.557,180.011,18.047,0.000,0.001,34.883,1313.2,,,533.449,cpu03,ok,
14_matrix_size,schur s0 N=224 T(1),schur,64,0,0,1,1,1,224,224,224,4,1,1,1,3840.801,0.000,1254.955,1123.250,901.050,181.078,173.665,181.370,25.418,0.000,0.015,34.173,1333.6,,,612.043,cpu03,ok,
14_matrix_size,schur s0 N=256 seriale,schur,64,0,0,0,1,1,256,256,256,4,1,1,1,5395.021,0.000,1806.212,1430.624,1329.278,265.734,261.027,273.797,28.347,0.000,0.002,32.157,1954.6,,,851.165,cpu03,ok,
14_matrix_size,schur s0 N=256 T(1),schur,64,0,0,1,1,1,256,256,256,4,1,1,1,5652.550,0.000,1910.260,1469.692,1426.616,271.282,260.966,275.616,38.104,0.000,0.014,33.692,1974.3,,,950.629,cpu03,ok,
14_matrix_size,schur s1 N=32 seriale,schur,64,1,0,0,1,1,32,32,32,20,1,1,1,6.450,0.000,3.819,0.802,0.768,0.369,0.339,0.331,0.022,0.000,-0.000,19.685,6.1,,,1.423,cpu03,ok,
14_matrix_size,schur s1 N=32 T(1),schur,64,1,0,1,1,1,32,32,32,20,1,1,1,6.557,0.000,3.858,0.820,0.789,0.386,0.345,0.335,0.022,0.000,0.002,20.011,26.2,,,1.435,cpu03,ok,
14_matrix_size,schur s1 N=48 seriale,schur,64,1,0,0,1,1,48,48,48,20,1,1,1,19.697,0.000,11.804,2.083,2.004,1.309,1.199,1.213,0.085,0.000,-0.000,17.811,15.8,,,4.358,cpu03,ok,
14_matrix_size,schur s1 N=48 T(1),schur,64,1,0,1,1,1,48,48,48,20,1,1,1,19.697,0.000,11.802,2.089,2.000,1.301,1.195,1.224,0.083,0.000,0.003,17.811,35.9,,,4.343,cpu03,ok,
14_matrix_size,schur s1 N=64 seriale,schur,64,1,0,0,1,1,64,64,64,20,1,1,1,44.334,0.000,26.670,4.240,4.096,3.107,2.889,3.110,0.222,0.000,0.000,16.912,33.2,,,9.769,cpu03,ok,
14_matrix_size,schur s1 N=64 T(1),schur,64,1,0,1,1,1,64,64,64,20,1,1,1,44.405,0.000,26.812,4.182,4.042,3.126,2.858,3.142,0.239,0.000,0.004,16.939,54.2,,,9.878,cpu03,ok,
14_matrix_size,schur s1 N=96 seriale,schur,64,1,0,0,1,1,96,96,96,10,1,1,1,154.973,0.000,90.086,13.941,17.642,11.789,10.224,10.383,0.907,0.000,0.001,17.516,107.6,,,35.003,cpu03,ok,
14_matrix_size,schur s1 N=96 T(1),schur,64,1,0,1,1,1,96,96,96,10,1,1,1,159.624,0.000,92.207,14.782,18.765,11.899,10.315,10.603,1.046,0.000,0.007,18.042,126.9,,,37.076,cpu03,ok,
14_matrix_size,schur s1 N=128 seriale,schur,64,1,0,0,1,1,128,128,128,10,1,1,1,393.975,0.000,225.054,32.986,47.122,30.270,27.173,29.044,2.324,0.000,0.002,18.786,250.2,,,95.777,cpu03,ok,
14_matrix_size,schur s1 N=128 T(1),schur,64,1,0,1,1,1,128,128,128,10,1,1,1,408.604,0.000,230.769,36.274,50.954,30.560,27.485,29.551,3.002,0.000,0.009,19.484,270.4,,,99.734,cpu03,ok,
14_matrix_size,schur s1 N=160 seriale,schur,64,1,0,0,1,1,160,160,160,6,1,1,1,812.467,0.000,429.569,84.282,95.965,62.457,67.443,66.940,5.809,0.000,0.002,19.836,483.7,,,179.023,cpu03,ok,
14_matrix_size,schur s1 N=160 T(1),schur,64,1,0,1,1,1,160,160,160,6,1,1,1,841.448,0.000,453.803,89.942,93.142,63.848,65.099,68.036,7.570,0.000,0.008,20.543,503.1,,,201.621,cpu03,ok,
14_matrix_size,schur s1 N=192 seriale,schur,64,1,0,0,1,1,192,192,192,6,1,1,1,1409.210,0.000,761.415,147.149,157.746,108.194,108.907,115.198,10.599,0.000,0.002,19.910,830.2,,,331.567,cpu03,ok,
14_matrix_size,schur s1 N=192 T(1),schur,64,1,0,1,1,1,192,192,192,6,1,1,1,1468.530,0.000,791.174,151.387,172.219,108.950,111.845,118.523,14.422,0.000,0.010,20.748,851.0,,,360.131,cpu03,ok,
14_matrix_size,schur s1 N=224 seriale,schur,64,1,0,0,1,1,224,224,224,4,1,1,1,2235.852,0.000,1194.647,255.070,244.474,175.595,171.786,177.207,17.072,0.000,0.001,19.893,1313.2,,,516.175,cpu03,ok,
14_matrix_size,schur s1 N=224 T(1),schur,64,1,0,1,1,1,224,224,224,4,1,1,1,2351.600,0.000,1270.627,267.260,252.544,185.288,172.298,181.344,22.226,0.000,0.013,20.923,1333.3,,,585.856,cpu03,ok,
14_matrix_size,schur s1 N=256 seriale,schur,64,1,0,0,1,1,256,256,256,4,1,1,1,3454.680,0.000,1804.048,407.524,413.077,264.703,263.282,276.559,25.485,0.000,0.002,20.591,1954.6,,,780.332,cpu03,ok,
14_matrix_size,schur s1 N=256 T(1),schur,64,1,0,1,1,1,256,256,256,4,1,1,1,3600.874,0.000,1917.707,414.703,421.526,271.508,259.768,281.675,33.973,0.000,0.014,21.463,1974.6,,,883.314,cpu03,ok,
14_matrix_size,pipeline s0 N=32 seriale,pipeline,64,0,0,0,1,1,32,32,32,20,1,1,1,14.067,0.000,5.831,3.584,3.081,0.566,0.518,0.470,0.017,0.000,-0.000,42.931,7.0,,,1.518,cpu03,ok,
14_matrix_size,pipeline s0 N=32 T(1),pipeline,64,0,0,1,1,1,32,32,32,20,1,1,1,14.152,0.000,5.891,3.599,3.074,0.568,0.508,0.490,0.018,0.000,0.004,43.189,27.1,,,1.512,cpu03,ok,
14_matrix_size,pipeline s0 N=48 seriale,pipeline,64,0,0,0,1,1,48,48,48,20,1,1,1,45.137,0.000,18.709,11.477,9.742,1.883,1.657,1.596,0.071,0.000,0.002,40.814,20.1,,,4.693,cpu03,ok,
14_matrix_size,pipeline s0 N=48 T(1),pipeline,64,0,0,1,1,1,48,48,48,20,1,1,1,45.448,0.000,18.990,11.470,9.765,1.869,1.618,1.654,0.079,0.000,0.003,41.095,41.1,,,4.779,cpu03,ok,
14_matrix_size,pipeline s0 N=64 seriale,pipeline,64,0,0,0,1,1,64,64,64,20,1,1,1,106.433,0.000,44.346,26.490,22.928,4.668,3.918,3.785,0.297,0.000,0.001,40.601,45.5,,,10.806,cpu03,ok,
14_matrix_size,pipeline s0 N=64 T(1),pipeline,64,0,0,1,1,1,64,64,64,20,1,1,1,107.394,0.000,45.226,26.583,22.831,4.571,3.949,3.911,0.320,0.000,0.003,40.968,65.6,,,11.136,cpu03,ok,
14_matrix_size,pipeline s0 N=96 seriale,pipeline,64,0,0,0,1,1,96,96,96,10,1,1,1,378.635,0.000,160.434,91.501,81.404,17.869,13.402,12.841,1.183,0.000,0.001,42.796,147.9,,,37.685,cpu03,ok,
14_matrix_size,pipeline s0 N=96 T(1),pipeline,64,0,0,1,1,1,96,96,96,10,1,1,1,387.915,0.000,167.005,92.671,81.868,18.671,13.011,13.273,1.412,0.000,0.004,43.845,168.0,,,40.100,cpu03,ok,
14_matrix_size,pipeline s0 N=128 seriale,pipeline,64,0,0,0,1,1,128,128,128,10,1,1,1,927.330,0.000,410.651,213.096,190.270,46.755,32.357,31.473,2.727,0.000,0.001,44.219,344.8,,,96.434,cpu03,ok,
14_matrix_size,pipeline s0 N=128 T(1),pipeline,64,0,0,1,1,1,128,128,128,10,1,1,1,957.450,0.000,429.190,218.337,193.905,48.315,31.593,32.254,3.852,0.000,0.004,45.655,365.8,,,104.608,cpu03,ok,
14_matrix_size,pipeline s0 N=160 seriale,pipeline,64,0,0,0,1,1,160,160,160,6,1,1,1,1886.472,0.000,849.970,422.794,372.105,108.438,65.032,62.359,5.771,0.000,0.003,46.056,669.4,,,189.394,cpu03,ok,
14_matrix_size,pipeline s0 N=160 T(1),pipeline,64,0,0,1,1,1,160,160,160,6,1,1,1,1951.987,0.000,887.532,434.869,380.381,109.907,67.175,63.644,8.475,0.000,0.004,47.656,690.4,,,208.029,cpu03,ok,
14_matrix_size,pipeline s0 N=192 seriale,pipeline,64,0,0,0,1,1,192,192,192,6,1,1,1,3255.756,0.000,1468.976,726.493,635.255,193.689,113.597,108.293,9.451,0.000,0.002,45.999,1152.4,,,323.050,cpu03,ok,
14_matrix_size,pipeline s0 N=192 T(1),pipeline,64,0,0,1,1,1,192,192,192,6,1,1,1,3364.926,0.000,1535.722,740.896,659.679,191.414,111.258,111.340,14.611,0.000,0.006,47.541,1172.5,,,368.717,cpu03,ok,
14_matrix_size,pipeline s0 N=224 seriale,pipeline,64,0,0,0,1,1,224,224,224,4,1,1,1,5285.749,0.000,2389.336,1172.849,1024.290,330.199,181.736,171.760,15.578,0.000,0.001,47.029,1825.2,,,533.036,cpu03,ok,
14_matrix_size,pipeline s0 N=224 T(1),pipeline,64,0,0,1,1,1,224,224,224,4,1,1,1,5472.707,0.000,2486.623,1220.714,1045.547,334.024,182.040,181.526,22.228,0.000,0.005,48.692,1844.5,,,611.955,cpu03,ok,
14_matrix_size,pipeline s0 N=256 seriale,pipeline,64,0,0,0,1,1,256,256,256,4,1,1,1,8230.288,0.000,3914.981,1747.533,1516.106,500.155,268.347,257.974,25.188,0.000,0.004,49.056,2719.5,,,869.367,cpu03,ok,
14_matrix_size,pipeline s0 N=256 T(1),pipeline,64,0,0,1,1,1,256,256,256,4,1,1,1,8437.370,0.000,3978.313,1837.756,1543.846,508.469,268.030,264.599,36.350,0.000,0.007,50.291,2738.8,,,924.299,cpu03,ok,
14_matrix_size,pipeline s1 N=32 seriale,pipeline,64,1,0,0,1,1,32,32,32,20,1,1,1,10.103,0.000,6.003,1.244,1.257,0.558,0.532,0.492,0.015,0.000,0.002,30.831,7.0,,,1.405,cpu03,ok,
14_matrix_size,pipeline s1 N=32 T(1),pipeline,64,1,0,1,1,1,32,32,32,20,1,1,1,10.231,0.000,6.070,1.271,1.274,0.577,0.521,0.498,0.017,0.000,0.003,31.223,28.0,,,1.421,cpu03,ok,
14_matrix_size,pipeline s1 N=48 seriale,pipeline,64,1,0,0,1,1,48,48,48,20,1,1,1,31.344,0.000,19.031,3.478,3.532,1.849,1.710,1.663,0.080,0.000,0.001,28.342,20.1,,,4.277,cpu03,ok,
14_matrix_size,pipeline s1 N=48 T(1),pipeline,64,1,0,1,1,1,48,48,48,20,1,1,1,31.276,0.000,18.996,3.462,3.489,1.886,1.676,1.684,0.081,0.000,0.002,28.281,41.1,,,4.219,cpu03,ok,
14_matrix_size,pipeline s1 N=64 seriale,pipeline,64,1,0,0,1,1,64,64,64,20,1,1,1,74.425,0.000,45.337,7.511,8.754,4.562,4.039,3.929,0.293,0.000,-0.000,28.391,45.5,,,9.830,cpu03,ok,
14_matrix_size,pipeline s1 N=64 T(1),pipeline,64,1,0,1,1,1,64,64,64,20,1,1,1,74.833,0.000,45.705,7.515,8.630,4.649,3.956,3.991,0.383,0.000,0.004,28.547,65.6,,,10.018,cpu03,ok,
14_matrix_size,pipeline s1 N=96 seriale,pipeline,64,1,0,0,1,1,96,96,96,10,1,1,1,276.174,0.000,164.940,29.565,36.112,17.455,13.691,13.318,1.093,0.000,0.000,31.215,147.9,,,35.633,cpu03,ok,
14_matrix_size,pipeline s1 N=96 T(1),pipeline,64,1,0,1,1,1,96,96,96,10,1,1,1,284.094,0.000,169.851,30.453,37.120,18.304,13.484,13.520,1.358,0.000,0.004,32.111,167.1,,,37.902,cpu03,ok,
14_matrix_size,pipeline s1 N=128 seriale,pipeline,64,1,0,0,1,1,128,128,128,10,1,1,1,695.006,0.000,425.396,69.468,85.327,46.312,33.101,32.494,2.907,0.000,0.001,33.140,344.8,,,95.753,cpu03,ok,
14_matrix_size,pipeline s1 N=128 T(1),pipeline,64,1,0,1,1,1,128,128,128,10,1,1,1,719.240,0.000,443.608,69.198,87.407,47.907,32.689,34.837,3.590,0.000,0.004,34.296,365.8,,,104.527,cpu03,ok,
14_matrix_size,pipeline s1 N=160 seriale,pipeline,64,1,0,0,1,1,160,160,160,6,1,1,1,1429.871,0.000,867.311,145.258,169.430,109.651,67.411,64.777,6.030,0.000,0.003,34.909,669.4,,,175.791,cpu03,ok,
14_matrix_size,pipeline s1 N=160 T(1),pipeline,64,1,0,1,1,1,160,160,160,6,1,1,1,1481.978,0.000,909.156,151.977,169.104,112.105,66.301,65.383,7.945,0.000,0.007,36.181,690.4,,,202.078,cpu03,ok,
14_matrix_size,pipeline s1 N=192 seriale,pipeline,64,1,0,0,1,1,192,192,192,6,1,1,1,2448.363,0.000,1506.631,235.680,271.119,196.070,116.836,111.966,10.060,0.000,0.001,34.592,1152.4,,,311.223,cpu03,ok,
14_matrix_size,pipeline s1 N=192 T(1),pipeline,64,1,0,1,1,1,192,192,192,6,1,1,1,2544.001,0.000,1570.968,249.704,290.292,191.542,115.114,112.887,13.489,0.000,0.005,35.943,1173.4,,,350.123,cpu03,ok,
14_matrix_size,pipeline s1 N=224 seriale,pipeline,64,1,0,0,1,1,224,224,224,4,1,1,1,3999.136,0.000,2440.787,403.223,441.418,333.362,186.206,177.865,16.274,0.000,0.001,35.581,1825.2,,,512.855,cpu03,ok,
14_matrix_size,pipeline s1 N=224 T(1),pipeline,64,1,0,1,1,1,224,224,224,4,1,1,1,4186.910,0.000,2560.954,421.716,472.346,342.973,185.767,179.152,23.996,0.000,0.006,37.252,1845.4,,,580.259,cpu03,ok,
14_matrix_size,pipeline s1 N=256 seriale,pipeline,64,1,0,0,1,1,256,256,256,4,1,1,1,6360.136,0.000,3985.781,606.367,700.708,495.080,278.407,268.920,24.871,0.000,0.002,37.909,2719.5,,,811.009,cpu03,ok,
14_matrix_size,pipeline s1 N=256 T(1),pipeline,64,1,0,1,1,1,256,256,256,4,1,1,1,6816.465,0.000,4394.992,624.985,688.030,518.279,278.464,277.722,33.986,0.000,0.007,40.629,2740.5,,,958.284,cpu04,ok,
14_matrix_size,schur 1x1 s0 N=32,schur,64,0,1,1,1,1,32,32,32,20,1,1,1,9.991,0.000,4.112,2.316,2.419,0.416,0.368,0.340,0.019,0.000,0.001,30.491,26.2,,,1.556,cpu04,ok,
14_matrix_size,schur 1x1 s0 N=48,schur,64,0,1,1,1,1,48,48,48,20,1,1,1,31.359,0.000,12.759,7.185,7.554,1.340,1.209,1.235,0.075,0.000,0.002,28.355,36.8,,,4.857,cpu04,ok,
14_matrix_size,schur 1x1 s0 N=64,schur,64,0,1,1,1,1,64,64,64,20,1,1,1,73.033,0.000,28.956,16.654,17.939,3.194,2.898,3.130,0.259,0.000,0.003,27.860,54.2,,,11.048,cpu04,ok,
14_matrix_size,schur 1x1 s0 N=96,schur,64,0,1,1,1,1,96,96,96,10,1,1,1,306.119,0.000,97.388,90.979,81.032,13.434,10.946,10.723,1.611,0.000,0.006,34.600,127.8,,,39.613,cpu04,ok,
14_matrix_size,schur 1x1 s0 N=128,schur,64,0,1,1,1,1,128,128,128,10,1,1,1,836.660,0.000,258.496,258.716,214.594,35.302,30.626,34.750,4.167,0.000,0.009,39.895,271.2,,,120.703,cpu04,ok,
14_matrix_size,schur 1x1 s0 N=160,schur,64,0,1,1,1,1,160,160,160,6,1,1,1,1750.483,0.000,501.198,558.524,443.569,75.274,79.900,81.628,10.379,0.000,0.011,42.736,504.9,,,234.487,cpu04,ok,
14_matrix_size,schur 1x1 s0 N=192,schur,64,0,1,1,1,1,192,192,192,6,1,1,1,2869.589,0.000,901.710,826.530,727.195,127.664,128.124,139.861,18.490,0.000,0.015,40.543,850.0,,,445.476,cpu04,ok,
14_matrix_size,schur 1x1 s0 N=224,schur,64,0,1,1,1,1,224,224,224,4,1,1,1,4954.850,0.000,1465.184,1563.751,1270.900,209.875,201.526,212.244,31.359,0.000,0.011,44.085,1333.5,,,744.090,cpu04,ok,
14_matrix_size,schur 1x1 s0 N=256,schur,64,0,1,1,1,1,256,256,256,4,1,1,1,6919.253,0.000,2202.778,1934.028,1788.248,313.026,309.796,322.857,48.510,0.000,0.010,41.242,1974.2,,,1124.466,cpu04,ok,
14_matrix_size,schur 1x1 s1 N=32,schur,64,1,1,1,1,1,32,32,32,20,1,1,1,6.775,0.000,4.062,0.818,0.785,0.384,0.362,0.340,0.022,0.000,0.002,20.675,26.2,,,1.431,cpu04,ok,
14_matrix_size,schur 1x1 s1 N=48,schur,64,1,1,1,1,1,48,48,48,20,1,1,1,20.472,0.000,12.536,2.091,2.007,1.310,1.208,1.233,0.084,0.000,0.003,18.511,36.8,,,4.361,cpu04,ok,
14_matrix_size,schur 1x1 s1 N=64,schur,64,1,1,1,1,1,64,64,64,20,1,1,1,46.811,0.000,28.724,4.366,4.290,3.164,2.894,3.119,0.251,0.000,0.003,17.857,54.2,,,10.028,cpu04,ok,
14_matrix_size,schur 1x1 s1 N=96,schur,64,1,1,1,1,1,96,96,96,10,1,1,1,175.519,0.000,100.117,15.705,23.171,13.030,11.255,10.790,1.446,0.000,0.005,19.839,127.8,,,39.189,cpu04,ok,
14_matrix_size,schur 1x1 s1 N=128,schur,64,1,1,1,1,1,128,128,128,10,1,1,1,466.043,0.000,259.227,40.090,65.223,34.831,30.673,32.426,3.566,0.000,0.007,22.223,270.4,,,115.295,cpu04,ok,
14_matrix_size,schur 1x1 s1 N=160,schur,64,1,1,1,1,1,160,160,160,6,1,1,1,995.269,0.000,512.051,113.531,125.590,74.242,79.216,81.111,9.519,0.000,0.009,24.299,504.9,,,231.981,cpu04,ok,
14_matrix_size,schur 1x1 s1 N=192,schur,64,1,1,1,1,1,192,192,192,6,1,1,1,1734.832,0.000,899.268,214.471,211.025,125.788,128.926,139.555,15.792,0.000,0.007,24.511,851.3,,,417.797,cpu04,ok,
14_matrix_size,schur 1x1 s1 N=224,schur,64,1,1,1,1,1,224,224,224,4,1,1,1,2780.573,0.000,1479.159,338.639,321.296,202.439,199.444,213.898,25.687,0.000,0.011,24.739,1334.0,,,717.767,cpu04,ok,
14_matrix_size,schur 1x1 s1 N=256,schur,64,1,1,1,1,1,256,256,256,4,1,1,1,4220.497,0.000,2213.841,518.230,516.969,300.497,305.529,324.177,41.242,0.000,0.012,25.156,1975.1,,,1068.156,cpu04,ok,
14_matrix_size,pipeline 1x1 s0 N=32,pipeline,64,0,1,1,1,1,32,32,32,20,1,1,1,16.928,0.000,6.183,4.311,4.401,0.732,0.646,0.633,0.019,0.000,0.003,51.660,28.9,,,1.556,cpu04,ok,
14_matrix_size,pipeline 1x1 s0 N=48,pipeline,64,0,1,1,1,1,48,48,48,20,1,1,1,54.682,0.000,19.732,13.953,14.255,2.396,2.133,2.121,0.090,0.000,0.002,49.445,40.2,,,4.888,cpu04,ok,
14_matrix_size,pipeline 1x1 s0 N=64,pipeline,64,0,1,1,1,1,64,64,64,20,1,1,1,130.551,0.000,46.669,32.371,35.295,5.864,5.037,5.012,0.301,0.000,0.002,49.801,65.6,,,11.161,cpu04,ok,
14_matrix_size,pipeline 1x1 s0 N=96,pipeline,64,0,1,1,1,1,96,96,96,10,1,1,1,494.167,0.000,179.779,116.260,137.636,24.709,17.364,17.062,1.352,0.000,0.005,55.855,168.0,,,43.290,cpu04,ok,
14_matrix_size,pipeline 1x1 s0 N=128,pipeline,64,0,1,1,1,1,128,128,128,10,1,1,1,1257.176,0.000,472.212,275.519,345.793,71.437,42.963,43.682,5.564,0.000,0.006,59.947,366.6,,,118.106,cpu04,ok,
14_matrix_size,pipeline 1x1 s0 N=160,pipeline,64,0,1,1,1,1,160,160,160,6,1,1,1,2611.491,0.000,1023.437,546.352,676.108,180.396,88.499,86.038,10.656,0.000,0.005,63.757,691.2,,,253.081,cpu04,ok,
14_matrix_size,pipeline 1x1 s0 N=192,pipeline,64,0,1,1,1,1,192,192,192,6,1,1,1,4524.360,0.000,1762.876,947.215,1191.941,299.654,154.922,149.149,18.597,0.000,0.006,63.922,1174.2,,,424.035,cpu04,ok,
14_matrix_size,pipeline 1x1 s0 N=224,pipeline,64,0,1,1,1,1,224,224,224,4,1,1,1,7441.608,0.000,2951.176,1563.295,1878.399,533.790,245.488,238.558,30.894,0.000,0.008,66.210,1845.4,,,721.446,cpu04,ok,
14_matrix_size,pipeline 1x1 s0 N=256,pipeline,64,0,1,1,1,1,256,256,256,4,1,1,1,11720.051,0.000,4978.990,2302.566,2858.585,800.647,368.774,361.547,48.934,0.000,0.008,69.857,2741.4,,,1123.843,cpu04,ok,
14_matrix_size,pipeline 1x1 s1 N=32,pipeline,64,1,1,1,1,1,32,32,32,20,1,1,1,11.939,0.000,6.229,1.833,1.838,0.733,0.647,0.638,0.018,0.000,0.003,36.436,28.0,,,1.410,cpu04,ok,
14_matrix_size,pipeline 1x1 s1 N=48,pipeline,64,1,1,1,1,1,48,48,48,20,1,1,1,37.247,0.000,19.744,5.360,5.418,2.356,2.138,2.137,0.092,0.000,0.002,33.680,40.2,,,4.302,cpu04,ok,
14_matrix_size,pipeline 1x1 s1 N=64,pipeline,64,1,1,1,1,1,64,64,64,20,1,1,1,89.454,0.000,47.713,12.111,13.329,5.838,5.069,5.083,0.308,0.000,0.003,34.124,65.6,,,10.097,cpu04,ok,
14_matrix_size,pipeline 1x1 s1 N=96,pipeline,64,1,1,1,1,1,96,96,96,10,1,1,1,355.277,0.000,184.711,50.852,59.015,24.738,17.388,17.220,1.346,0.000,0.007,40.156,168.9,,,38.684,cpu04,ok,
14_matrix_size,pipeline 1x1 s1 N=128,pipeline,64,1,1,1,1,1,128,128,128,10,1,1,1,921.978,0.000,488.236,112.309,157.569,70.540,42.997,45.387,4.934,0.000,0.006,43.963,365.8,,,117.920,cpu04,ok,
14_matrix_size,pipeline 1x1 s1 N=160,pipeline,64,1,1,1,1,1,160,160,160,6,1,1,1,1997.022,0.000,1046.015,259.188,328.657,178.811,88.491,85.860,9.996,0.000,0.004,48.755,689.5,,,224.532,cpu04,ok,
14_matrix_size,pipeline 1x1 s1 N=192,pipeline,64,1,1,1,1,1,192,192,192,6,1,1,1,3454.167,0.000,1867.572,440.169,527.442,292.863,156.308,152.831,16.976,0.000,0.006,48.802,1172.5,,,409.730,cpu04,ok,
14_matrix_size,pipeline 1x1 s1 N=224,pipeline,64,1,1,1,1,1,224,224,224,4,1,1,1,5797.122,0.000,3176.426,745.691,824.382,537.861,247.971,235.666,29.118,0.000,0.007,51.578,1845.4,,,709.886,cpu04,ok,
14_matrix_size,pipeline 1x1 s1 N=256,pipeline,64,1,1,1,1,1,256,256,256,4,1,1,1,9118.798,0.000,5191.666,1094.264,1272.806,794.241,362.636,359.046,44.128,0.000,0.011,54.352,2739.6,,,1075.047,cpu04,ok,
14_matrix_size,schur 1x56 s0 N=32,schur,64,0,1,1,1,56,32,32,32,20,1,1,1,1.547,0.000,0.644,0.269,0.322,0.136,0.056,0.069,0.041,0.000,0.010,4.721,22.8,,,0.258,cpu04,ok,
14_matrix_size,schur 1x56 s0 N=48,schur,64,0,1,1,1,56,48,48,48,20,1,1,1,2.344,0.000,0.970,0.382,0.580,0.201,0.068,0.099,0.039,0.000,0.005,2.120,22.8,,,0.483,cpu04,ok,
14_matrix_size,schur 1x56 s0 N=64,schur,64,0,1,1,1,56,64,64,64,20,1,1,1,5.515,0.000,2.002,1.130,1.499,0.388,0.153,0.277,0.060,0.000,0.006,2.104,61.6,,,0.965,cpu04,ok,
14_matrix_size,schur 1x56 s0 N=96,schur,64,0,1,1,1,56,96,96,96,10,1,1,1,11.201,0.000,3.837,2.411,3.103,0.846,0.332,0.501,0.161,0.000,0.010,1.266,146.0,,,1.768,cpu04,ok,
14_matrix_size,schur 1x56 s0 N=128,schur,64,0,1,1,1,56,128,128,128,10,1,1,1,70.184,0.000,25.537,19.712,19.402,2.830,0.857,1.312,0.526,0.000,0.008,3.347,318.3,,,5.360,cpu04,ok,
14_matrix_size,schur 1x56 s0 N=160,schur,64,0,1,1,1,56,160,160,160,6,1,1,1,122.647,0.000,45.804,32.365,32.440,6.690,1.833,2.096,1.412,0.000,0.007,2.994,579.5,,,11.954,cpu04,ok,
14_matrix_size,schur 1x56 s0 N=192,schur,64,0,1,1,1,56,192,192,192,6,1,1,1,202.125,0.000,72.985,51.877,51.039,14.648,4.131,4.254,3.182,0.000,0.009,2.856,964.2,,,25.718,cpu04,ok,
14_matrix_size,schur 1x56 s0 N=224,schur,64,0,1,1,1,56,224,224,224,4,1,1,1,348.188,0.000,122.306,90.028,84.092,21.906,10.495,11.077,8.275,0.000,0.009,3.098,1450.0,,,46.405,cpu04,ok,
14_matrix_size,schur 1x56 s0 N=256,schur,64,0,1,1,1,56,256,256,256,4,1,1,1,547.912,0.000,203.124,132.130,137.916,31.645,16.004,16.806,10.278,0.000,0.009,3.266,2127.2,,,98.207,cpu04,ok,
14_matrix_size,schur 1x56 s1 N=32,schur,64,1,1,1,1,56,32,32,32,20,1,1,1,1.333,0.000,0.670,0.170,0.201,0.120,0.054,0.073,0.038,0.000,0.007,4.069,22.8,,,0.281,cpu04,ok,
14_matrix_size,schur 1x56 s1 N=48,schur,64,1,1,1,1,56,48,48,48,20,1,1,1,2.022,0.000,1.074,0.197,0.324,0.197,0.075,0.109,0.037,0.000,0.009,1.828,23.6,,,0.513,cpu04,ok,
14_matrix_size,schur 1x56 s1 N=64,schur,64,1,1,1,1,56,64,64,64,20,1,1,1,3.963,0.000,1.904,0.359,0.753,0.400,0.167,0.300,0.072,0.000,0.008,1.512,62.4,,,0.850,cpu04,ok,
14_matrix_size,schur 1x56 s1 N=96,schur,64,1,1,1,1,56,96,96,96,10,1,1,1,8.855,0.000,4.705,0.665,1.525,0.886,0.359,0.517,0.185,0.000,0.013,1.001,147.0,,,2.208,cpu04,ok,
14_matrix_size,schur 1x56 s1 N=128,schur,64,1,1,1,1,56,128,128,128,10,1,1,1,40.376,0.000,27.680,2.755,4.454,2.852,0.846,1.290,0.491,0.000,0.008,1.925,324.3,,,6.221,cpu04,ok,
14_matrix_size,schur 1x56 s1 N=160,schur,64,1,1,1,1,56,160,160,160,6,1,1,1,74.063,0.000,46.357,5.295,10.667,6.525,1.758,2.077,1.377,0.000,0.007,1.808,583.9,,,11.597,cpu04,ok,
14_matrix_size,schur 1x56 s1 N=192,schur,64,1,1,1,1,56,192,192,192,6,1,1,1,131.976,0.000,75.320,12.516,21.020,11.596,4.115,4.244,3.157,0.000,0.008,1.865,971.9,,,24.810,cpu04,ok,
14_matrix_size,schur 1x56 s1 N=224,schur,64,1,1,1,1,56,224,224,224,4,1,1,1,226.366,0.000,123.036,17.732,34.937,20.868,10.552,12.757,6.476,0.000,0.008,2.014,1459.8,,,51.121,cpu04,ok,
14_matrix_size,schur 1x56 s1 N=256,schur,64,1,1,1,1,56,256,256,256,4,1,1,1,357.985,0.000,200.077,39.887,43.811,31.743,15.537,16.695,10.224,0.000,0.011,2.134,2133.9,,,86.797,cpu04,ok,
14_matrix_size,pipeline 1x56 s0 N=32,pipeline,64,0,1,1,1,56,32,32,32,20,1,1,1,69.793,0.000,16.492,19.129,17.561,4.870,6.072,5.635,0.027,0.000,0.007,212.990,23.6,,,1.134,cpu04,ok,
14_matrix_size,pipeline 1x56 s0 N=48,pipeline,64,0,1,1,1,56,48,48,48,20,1,1,1,232.311,0.000,53.097,63.982,59.615,16.340,20.302,18.922,0.046,0.000,0.007,210.062,23.6,,,2.857,cpu04,ok,
14_matrix_size,pipeline 1x56 s0 N=64,pipeline,64,0,1,1,1,56,64,64,64,20,1,1,1,547.283,0.000,122.689,148.823,142.729,38.897,48.527,45.503,0.109,0.000,0.006,208.772,28.9,,,5.602,cpu04,ok,
14_matrix_size,pipeline 1x56 s0 N=96,pipeline,64,0,1,1,1,56,96,96,96,10,1,1,1,3968.629,0.000,1028.964,1004.824,956.080,331.138,326.772,320.584,0.254,0.000,0.013,448.566,141.8,,,14.785,cpu04,ok,
14_matrix_size,pipeline 1x56 s0 N=128,pipeline,64,0,1,1,1,56,128,128,128,10,1,1,1,9328.901,0.000,2415.660,2369.001,2248.515,772.498,766.552,755.953,0.714,0.000,0.008,444.837,336.0,,,35.125,cpu04,ok,
14_matrix_size,pipeline 1x56 s0 N=160,pipeline,64,0,1,1,1,56,160,160,160,6,1,1,1,18544.922,0.000,4806.185,4700.939,4462.036,1540.611,1535.133,1498.122,1.888,0.000,0.008,452.757,648.4,,,62.728,cpu04,ok,
14_matrix_size,pipeline 1x56 s0 N=192,pipeline,64,0,1,1,1,56,192,192,192,6,1,1,1,31480.197,0.000,8212.778,7958.922,7533.178,2622.488,2591.794,2557.249,3.779,0.000,0.009,444.768,1126.1,,,98.426,cpu04,ok,
14_matrix_size,pipeline 1x56 s0 N=224,pipeline,64,0,1,1,1,56,224,224,224,4,1,1,1,23271.807,0.000,4806.427,6943.174,6079.606,1564.998,1981.946,1888.791,6.857,0.000,0.008,207.055,1793.8,,,149.155,cpu04,ok,
14_matrix_size,pipeline 1x56 s0 N=256,pipeline,64,0,1,1,1,56,256,256,256,4,1,1,1,33228.122,0.000,6926.273,9773.070,8821.777,2223.784,2805.398,2667.408,10.404,0.000,0.008,198.055,2691.5,,,200.735,cpu04,ok,
14_matrix_size,pipeline 1x56 s1 N=32,pipeline,64,1,1,1,1,56,32,32,32,20,1,1,1,158.781,0.000,43.796,38.720,37.771,13.096,12.780,12.577,0.034,0.000,0.007,484.562,22.8,,,1.287,cpu04,ok,
14_matrix_size,pipeline 1x56 s1 N=48,pipeline,64,1,1,1,1,56,48,48,48,20,1,1,1,212.830,0.000,56.945,48.942,48.836,16.952,20.875,20.226,0.045,0.000,0.009,192.446,23.6,,,3.250,cpu04,ok,
14_matrix_size,pipeline 1x56 s1 N=64,pipeline,64,1,1,1,1,56,64,64,64,20,1,1,1,460.941,0.000,120.503,106.454,105.419,36.899,47.534,44.029,0.097,0.000,0.006,175.835,28.9,,,5.847,cpu04,ok,
14_matrix_size,pipeline 1x56 s1 N=96,pipeline,64,1,1,1,1,56,96,96,96,10,1,1,1,1540.182,0.000,402.968,350.326,356.986,121.725,158.500,149.338,0.329,0.000,0.010,174.084,141.8,,,17.889,cpu04,ok,
14_matrix_size,pipeline 1x56 s1 N=128,pipeline,64,1,1,1,1,56,128,128,128,10,1,1,1,9345.662,0.000,2435.628,2328.308,2271.357,780.712,770.715,758.161,0.773,0.000,0.008,445.636,336.0,,,34.456,cpu04,ok,
14_matrix_size,pipeline 1x56 s1 N=160,pipeline,64,1,1,1,1,56,160,160,160,6,1,1,1,7029.720,0.000,1769.498,1669.072,1662.116,558.804,694.241,674.031,1.947,0.000,0.011,171.624,657.1,,,70.060,cpu04,ok,
14_matrix_size,pipeline 1x56 s1 N=192,pipeline,64,1,1,1,1,56,192,192,192,6,1,1,1,12043.885,0.000,2982.028,2856.759,2836.984,955.240,1230.180,1178.696,3.985,0.000,0.013,170.162,1132.2,,,101.778,cpu04,ok,
14_matrix_size,pipeline 1x56 s1 N=224,pipeline,64,1,1,1,1,56,224,224,224,4,1,1,1,19599.136,0.000,4897.399,4574.594,4541.822,1577.817,2031.824,1969.060,6.609,0.000,0.011,174.378,1802.5,,,150.527,cpu04,ok,
14_matrix_size,pipeline 1x56 s1 N=256,pipeline,64,1,1,1,1,56,256,256,256,4,1,1,1,27969.832,0.000,6935.407,6780.419,6600.647,2221.693,2699.775,2721.360,10.519,0.000,0.012,166.713,2691.5,,,204.985,cpu04,ok,
14_matrix_size,schur 56x1 s0 N=32,schur,64,0,1,1,56,1,32,32,32,20,7,4,2,1.764,1.345,0.785,0.421,0.193,0.142,0.080,0.034,0.002,0.000,0.107,275.684,25.4,,,0.107,cpu04,ok,
14_matrix_size,schur 56x1 s0 N=48,schur,64,0,1,1,56,1,48,48,48,20,7,4,2,3.346,2.096,1.624,0.756,0.417,0.242,0.127,0.061,0.002,0.000,0.117,165.963,25.4,,,0.282,cpu04,ok,
14_matrix_size,schur 56x1 s0 N=64,schur,64,0,1,1,56,1,64,64,64,20,7,4,2,6.197,3.419,2.811,1.424,0.894,0.450,0.226,0.136,0.008,0.000,0.248,121.037,25.4,,,0.596,cpu04,ok,
14_matrix_size,schur 56x1 s0 N=96,schur,64,0,1,1,56,1,96,96,96,10,7,4,2,17.200,7.260,6.656,3.948,3.044,1.278,0.512,0.441,0.218,0.000,1.103,106.644,27.1,,,1.759,cpu04,ok,
14_matrix_size,schur 56x1 s0 N=128,schur,64,0,1,1,56,1,128,128,128,10,7,4,2,39.224,13.988,13.645,8.460,8.733,4.437,1.177,0.784,0.550,0.000,1.438,100.801,30.6,,,3.957,cpu04,ok,
14_matrix_size,schur 56x1 s0 N=160,schur,64,0,1,1,56,1,160,160,160,6,7,4,2,75.729,31.402,24.082,15.236,17.177,6.548,2.214,1.963,1.116,0.000,7.393,102.893,35.0,,,6.731,cpu04,ok,
14_matrix_size,schur 56x1 s0 N=192,schur,64,0,1,1,56,1,192,192,192,6,7,4,2,126.710,34.409,39.739,25.406,27.230,9.973,4.052,3.450,3.176,0.000,13.684,98.207,42.0,,,11.124,cpu04,ok,
14_matrix_size,schur 56x1 s0 N=224,schur,64,0,1,1,56,1,224,224,224,4,7,4,2,193.684,55.623,61.784,41.752,40.842,16.582,6.485,6.421,6.117,0.000,13.701,96.502,51.6,,,17.644,cpu04,ok,
14_matrix_size,schur 56x1 s0 N=256,schur,64,0,1,1,56,1,256,256,256,4,7,4,2,301.040,97.108,94.400,62.903,72.431,28.015,9.815,10.008,10.362,0.000,13.106,99.319,63.9,,,25.719,cpu04,ok,
14_matrix_size,schur 56x1 s1 N=32,schur,64,1,1,1,56,1,32,32,32,20,7,4,2,1.809,1.368,0.797,0.429,0.181,0.142,0.086,0.035,0.002,0.000,0.137,282.616,25.4,,,0.110,cpu04,ok,
14_matrix_size,schur 56x1 s1 N=48,schur,64,1,1,1,56,1,48,48,48,20,7,4,2,3.823,2.684,1.622,0.929,0.535,0.351,0.185,0.128,0.004,0.000,0.069,189.650,25.4,,,0.260,cpu04,ok,
14_matrix_size,schur 56x1 s1 N=64,schur,64,1,1,1,56,1,64,64,64,20,7,4,2,6.403,3.518,2.798,1.545,1.005,0.448,0.259,0.166,0.007,0.000,0.175,125.055,25.4,,,0.559,cpu04,ok,
14_matrix_size,schur 56x1 s1 N=96,schur,64,1,1,1,56,1,96,96,96,10,7,4,2,17.746,7.497,6.831,4.008,3.153,1.233,0.552,0.488,0.232,0.000,1.249,110.030,27.1,,,1.695,cpu04,ok,
14_matrix_size,schur 56x1 s1 N=128,schur,64,1,1,1,56,1,128,128,128,10,7,4,2,40.321,14.294,14.076,8.406,9.418,4.192,1.301,1.122,0.485,0.000,1.321,103.621,30.6,,,3.795,cpu04,ok,
14_matrix_size,schur 56x1 s1 N=160,schur,64,1,1,1,56,1,160,160,160,6,7,4,2,78.679,28.062,24.709,16.171,17.488,5.965,2.509,2.076,0.805,0.000,8.956,106.900,35.0,,,6.264,cpu04,ok,
14_matrix_size,schur 56x1 s1 N=192,schur,64,1,1,1,56,1,192,192,192,6,7,4,2,130.920,32.742,40.347,26.716,28.677,10.097,4.715,4.096,3.122,0.000,13.150,101.470,42.0,,,10.646,cpu04,ok,
14_matrix_size,schur 56x1 s1 N=224,schur,64,1,1,1,56,1,224,224,224,4,7,4,2,201.540,53.468,63.115,42.204,42.021,17.754,6.671,6.630,6.394,0.000,16.751,100.416,50.8,,,17.122,cpu04,ok,
14_matrix_size,schur 56x1 s1 N=256,schur,64,1,1,1,56,1,256,256,256,4,7,4,2,312.605,99.350,92.376,66.025,71.773,30.741,10.372,9.903,11.089,0.000,20.326,103.134,63.9,,,24.626,cpu04,ok,
14_matrix_size,pipeline 56x1 s0 N=32,pipeline,64,0,1,1,56,1,32,32,32,20,7,4,2,1.726,1.215,0.629,0.393,0.297,0.197,0.086,0.052,0.002,0.000,0.070,269.634,25.4,,,0.106,cpu04,ok,
14_matrix_size,pipeline 56x1 s0 N=48,pipeline,64,0,1,1,56,1,48,48,48,20,7,4,2,3.324,1.666,1.262,0.762,0.608,0.255,0.163,0.116,0.003,0.000,0.155,164.874,25.4,,,0.286,cpu04,ok,
14_matrix_size,pipeline 56x1 s0 N=64,pipeline,64,0,1,1,56,1,64,64,64,20,7,4,2,6.496,2.835,2.487,1.383,1.303,0.515,0.288,0.244,0.008,0.000,0.268,126.870,26.2,,,0.623,cpu04,ok,
14_matrix_size,pipeline 56x1 s0 N=96,pipeline,64,0,1,1,56,1,96,96,96,10,7,4,2,19.632,6.620,6.638,4.079,3.744,1.293,0.738,0.671,0.297,0.000,2.172,121.728,28.0,,,1.760,cpu04,ok,
14_matrix_size,pipeline 56x1 s0 N=128,pipeline,64,0,1,1,56,1,128,128,128,10,7,4,2,47.028,13.478,15.545,9.769,10.410,4.131,1.551,1.554,0.539,0.000,3.529,120.857,32.4,,,3.915,cpu04,ok,
14_matrix_size,pipeline 56x1 s0 N=160,pipeline,64,0,1,1,56,1,160,160,160,6,7,4,2,98.525,25.841,30.776,19.347,21.996,8.688,3.106,3.768,1.881,0.000,8.963,133.866,38.5,,,7.562,cpu04,ok,
14_matrix_size,pipeline 56x1 s0 N=192,pipeline,64,0,1,1,56,1,192,192,192,6,7,4,2,171.657,39.576,53.150,32.727,37.518,16.065,7.112,7.434,3.429,0.000,14.222,133.043,48.1,,,12.290,cpu04,ok,
14_matrix_size,pipeline 56x1 s0 N=224,pipeline,64,0,1,1,56,1,224,224,224,4,7,4,2,277.546,61.530,87.824,52.560,57.734,24.717,12.625,15.047,5.899,0.000,21.140,138.286,59.5,,,20.979,cpu04,ok,
14_matrix_size,pipeline 56x1 s0 N=256,pipeline,64,0,1,1,56,1,256,256,256,4,7,4,2,411.275,83.514,123.854,76.327,88.752,36.542,19.601,23.735,11.105,0.000,31.359,135.688,77.0,,,31.958,cpu04,ok,
14_matrix_size,pipeline 56x1 s1 N=32,pipeline,64,1,1,1,56,1,32,32,32,20,7,4,2,1.611,1.238,0.606,0.330,0.217,0.170,0.118,0.074,0.002,0.000,0.094,251.667,25.4,,,0.100,cpu04,ok,
14_matrix_size,pipeline 56x1 s1 N=48,pipeline,64,1,1,1,56,1,48,48,48,20,7,4,2,3.382,1.923,1.427,0.700,0.486,0.239,0.191,0.123,0.004,0.000,0.212,167.747,25.4,,,0.311,cpu04,ok,
14_matrix_size,pipeline 56x1 s1 N=64,pipeline,64,1,1,1,56,1,64,64,64,20,7,4,2,5.640,2.617,2.474,1.012,0.702,0.419,0.316,0.263,0.010,0.000,0.444,110.156,26.2,,,0.608,cpu04,ok,
14_matrix_size,pipeline 56x1 s1 N=96,pipeline,64,1,1,1,56,1,96,96,96,10,7,4,2,16.517,5.961,6.774,2.592,2.441,1.318,0.720,0.722,0.253,0.000,1.697,102.415,28.0,,,1.665,cpu04,ok,
14_matrix_size,pipeline 56x1 s1 N=128,pipeline,64,1,1,1,56,1,128,128,128,10,7,4,2,44.053,13.909,16.151,8.433,8.269,4.108,1.562,1.512,0.542,0.000,3.476,113.211,32.4,,,3.780,cpu04,ok,
14_matrix_size,pipeline 56x1 s1 N=160,pipeline,64,1,1,1,56,1,160,160,160,6,7,4,2,93.016,25.574,31.854,18.193,17.907,7.469,3.116,4.063,1.735,0.000,8.679,126.381,38.5,,,7.541,cpu04,ok,
14_matrix_size,pipeline 56x1 s1 N=192,pipeline,64,1,1,1,56,1,192,192,192,6,7,4,2,165.539,43.360,53.882,32.955,32.762,16.400,7.300,8.222,3.415,0.000,10.603,128.301,48.1,,,11.872,cpu04,ok,
14_matrix_size,pipeline 56x1 s1 N=224,pipeline,64,1,1,1,56,1,224,224,224,4,7,4,2,273.251,70.634,89.534,56.515,50.711,28.120,12.498,14.335,6.187,0.000,15.351,136.146,60.4,,,19.790,cpu04,ok,
14_matrix_size,pipeline 56x1 s1 N=256,pipeline,64,1,1,1,56,1,256,256,256,4,7,4,2,403.280,107.918,125.365,80.507,76.951,39.694,19.594,23.851,10.572,0.000,26.746,133.050,77.0,,,28.907,cpu04,ok,
14_matrix_size,schur 8x7 s0 N=32,schur,64,0,1,1,8,7,32,32,32,20,2,2,2,4.178,1.164,0.998,1.111,1.049,0.220,0.263,0.228,0.007,0.000,0.302,102.002,24.5,,,0.140,cpu04,ok,
14_matrix_size,schur 8x7 s0 N=48,schur,64,0,1,1,8,7,48,48,48,20,2,2,2,8.550,1.605,2.159,2.546,1.899,0.435,0.518,0.371,0.008,0.000,0.614,61.851,23.6,,,0.262,cpu04,ok,
14_matrix_size,schur 8x7 s0 N=64,schur,64,0,1,1,8,7,64,64,64,20,2,2,2,16.049,2.219,4.258,4.832,3.861,0.794,0.947,0.701,0.011,0.000,0.645,48.978,25.4,,,0.479,cpu04,ok,
14_matrix_size,schur 8x7 s0 N=96,schur,64,0,1,1,8,7,96,96,96,10,2,2,2,45.530,4.281,12.313,13.303,12.005,2.254,2.458,2.048,0.049,0.000,1.100,41.169,36.8,,,1.308,cpu04,ok,
14_matrix_size,schur 8x7 s0 N=128,schur,64,0,1,1,8,7,128,128,128,10,2,2,2,101.888,7.766,27.573,28.000,27.602,5.243,5.424,4.631,0.281,0.000,3.134,38.867,56.0,,,3.233,cpu04,ok,
14_matrix_size,schur 8x7 s0 N=160,schur,64,0,1,1,8,7,160,160,160,6,2,2,2,191.723,11.863,53.803,52.837,51.794,9.834,9.130,7.962,0.761,0.000,5.602,37.446,86.6,,,6.222,cpu04,ok,
14_matrix_size,schur 8x7 s0 N=192,schur,64,0,1,1,8,7,192,192,192,6,2,2,2,340.572,29.502,93.214,97.377,99.351,18.130,16.180,14.603,1.612,0.000,0.105,38.494,130.4,,,10.069,cpu04,ok,
14_matrix_size,schur 8x7 s0 N=224,schur,64,0,1,1,8,7,224,224,224,4,2,2,2,536.266,45.196,145.591,153.165,146.517,29.613,24.296,24.398,4.012,0.000,8.674,38.170,192.5,,,14.964,cpu04,ok,
14_matrix_size,schur 8x7 s0 N=256,schur,64,0,1,1,8,7,256,256,256,4,2,2,2,820.325,76.147,225.601,232.107,246.571,44.436,33.574,34.149,7.963,0.000,-4.076,39.116,272.1,,,22.982,cpu04,ok,
14_matrix_size,schur 8x7 s1 N=32,schur,64,1,1,1,8,7,32,32,32,20,2,2,2,4.136,1.146,1.018,1.149,1.027,0.216,0.242,0.214,0.008,0.000,0.262,100.986,24.5,,,0.135,cpu04,ok,
14_matrix_size,schur 8x7 s1 N=48,schur,64,1,1,1,8,7,48,48,48,20,2,2,2,9.004,1.623,2.264,2.734,2.073,0.404,0.490,0.380,0.007,0.000,0.652,65.130,23.6,,,0.283,cpu04,ok,
14_matrix_size,schur 8x7 s1 N=64,schur,64,1,1,1,8,7,64,64,64,20,2,2,2,17.321,2.238,4.628,5.208,4.133,0.777,0.951,0.761,0.012,0.000,0.851,52.858,25.4,,,0.514,cpu04,ok,
14_matrix_size,schur 8x7 s1 N=96,schur,64,1,1,1,8,7,96,96,96,10,2,2,2,49.476,4.177,13.467,14.338,12.908,2.332,2.553,2.150,0.048,0.000,1.680,44.737,37.6,,,1.398,cpu04,ok,
14_matrix_size,schur 8x7 s1 N=128,schur,64,1,1,1,8,7,128,128,128,10,2,2,2,112.137,6.851,31.442,31.850,30.181,5.304,5.246,4.852,0.362,0.000,2.900,42.777,56.0,,,3.572,cpu04,ok,
14_matrix_size,schur 8x7 s1 N=160,schur,64,1,1,1,8,7,160,160,160,6,2,2,2,214.478,11.748,59.344,58.597,59.397,10.780,10.034,8.962,0.770,0.000,6.594,41.890,86.6,,,6.132,cpu04,ok,
14_matrix_size,schur 8x7 s1 N=192,schur,64,1,1,1,8,7,192,192,192,6,2,2,2,365.367,18.049,103.317,101.844,98.318,19.266,17.092,15.532,1.879,0.000,8.119,41.297,130.4,,,10.648,cpu04,ok,
14_matrix_size,schur 8x7 s1 N=224,schur,64,1,1,1,8,7,224,224,224,4,2,2,2,586.235,29.154,164.287,165.292,157.997,31.371,25.903,24.890,4.273,0.000,12.222,41.727,192.5,,,17.715,cpu04,ok,
14_matrix_size,schur 8x7 s1 N=256,schur,64,1,1,1,8,7,256,256,256,4,2,2,2,884.991,47.693,244.577,241.802,240.357,47.937,37.359,37.712,7.657,0.000,27.590,42.200,273.0,,,23.938,cpu04,ok,
14_matrix_size,pipeline 8x7 s0 N=32,pipeline,64,0,1,1,8,7,32,32,32,20,2,2,2,4.567,1.250,1.161,1.191,1.163,0.333,0.356,0.372,0.005,0.000,-0.014,111.499,24.5,,,0.147,cpu04,ok,
14_matrix_size,pipeline 8x7 s0 N=48,pipeline,64,0,1,1,8,7,48,48,48,20,2,2,2,11.165,2.510,2.817,2.735,2.977,0.739,0.798,0.844,0.006,0.000,0.249,80.768,24.5,,,0.323,cpu04,ok,
14_matrix_size,pipeline 8x7 s0 N=64,pipeline,64,0,1,1,8,7,64,64,64,20,2,2,2,21.862,4.766,5.095,5.941,5.802,1.435,1.628,1.748,0.010,0.000,0.203,66.717,26.2,,,0.544,cpu04,ok,
14_matrix_size,pipeline 8x7 s0 N=96,pipeline,64,0,1,1,8,7,96,96,96,10,2,2,2,69.104,11.269,16.319,19.825,19.343,4.329,5.443,5.198,0.032,0.000,-1.385,62.486,41.1,,,1.697,cpu04,ok,
14_matrix_size,pipeline 8x7 s0 N=128,pipeline,64,0,1,1,8,7,128,128,128,10,2,2,2,162.732,23.628,36.361,45.092,45.350,10.439,11.721,12.429,0.200,0.000,1.140,62.077,64.8,,,3.825,cpu04,ok,
14_matrix_size,pipeline 8x7 s0 N=160,pipeline,64,0,1,1,8,7,160,160,160,6,2,2,2,306.595,48.091,68.132,81.638,98.697,19.951,22.132,27.551,0.660,0.000,-12.166,59.882,108.5,,,7.583,cpu04,ok,
14_matrix_size,pipeline 8x7 s0 N=192,pipeline,64,0,1,1,8,7,192,192,192,6,2,2,2,555.319,94.665,119.607,171.963,155.735,36.060,44.399,40.469,1.546,0.000,-14.460,62.767,168.0,,,12.527,cpu04,ok,
14_matrix_size,pipeline 8x7 s0 N=224,pipeline,64,0,1,1,8,7,224,224,224,4,2,2,2,892.072,173.824,192.548,275.736,252.266,59.064,72.280,67.137,2.708,0.000,-29.667,63.496,254.6,,,21.630,cpu04,ok,
14_matrix_size,pipeline 8x7 s0 N=256,pipeline,64,0,1,1,8,7,256,256,256,4,2,2,2,1413.387,241.440,303.822,432.936,398.902,92.919,110.007,107.023,5.448,0.000,-37.670,67.396,369.2,,,31.306,cpu04,ok,
14_matrix_size,pipeline 8x7 s1 N=32,pipeline,64,1,1,1,8,7,32,32,32,20,2,2,2,4.121,1.234,1.103,0.928,0.853,0.334,0.358,0.362,0.006,0.000,0.177,100.621,24.5,,,0.140,cpu04,ok,
14_matrix_size,pipeline 8x7 s1 N=48,pipeline,64,1,1,1,8,7,48,48,48,20,2,2,2,9.889,2.721,2.688,2.133,2.750,0.769,0.798,0.997,0.008,0.000,-0.254,71.533,23.6,,,0.297,cpu04,ok,
14_matrix_size,pipeline 8x7 s1 N=64,pipeline,64,1,1,1,8,7,64,64,64,20,2,2,2,19.577,4.923,5.309,4.644,4.885,1.462,1.631,1.674,0.013,0.000,-0.041,59.745,27.1,,,0.554,cpu04,ok,
14_matrix_size,pipeline 8x7 s1 N=96,pipeline,64,1,1,1,8,7,96,96,96,10,2,2,2,61.798,14.448,16.701,17.506,16.933,4.613,6.122,5.462,0.037,0.000,-5.576,55.880,42.0,,,1.717,cpu04,ok,
14_matrix_size,pipeline 8x7 s1 N=128,pipeline,64,1,1,1,8,7,128,128,128,10,2,2,2,142.723,29.437,37.123,39.528,36.786,10.195,13.081,11.767,0.142,0.000,-5.899,54.445,64.8,,,3.979,cpu04,ok,
14_matrix_size,pipeline 8x7 s1 N=160,pipeline,64,1,1,1,8,7,160,160,160,6,2,2,2,278.471,61.282,72.251,70.492,78.490,21.474,24.663,25.154,0.941,0.000,-14.994,54.389,108.5,,,7.924,cpu04,ok,
14_matrix_size,pipeline 8x7 s1 N=192,pipeline,64,1,1,1,8,7,192,192,192,6,2,2,2,485.731,102.595,122.273,133.749,137.821,35.380,46.037,44.865,1.349,0.000,-35.743,54.901,168.9,,,13.192,cpu04,ok,
14_matrix_size,pipeline 8x7 s1 N=224,pipeline,64,1,1,1,8,7,224,224,224,4,2,2,2,776.576,152.556,194.939,212.646,205.699,56.670,71.544,75.007,2.440,0.000,-42.369,55.275,254.6,,,21.200,cpu04,ok,
14_matrix_size,pipeline 8x7 s1 N=256,pipeline,64,1,1,1,8,7,256,256,256,4,2,2,2,1224.026,249.974,292.174,298.720,333.588,91.371,100.489,112.959,3.969,0.000,-9.244,58.366,369.2,,,30.805,cpu04,ok,
14_matrix_size,schur forte R=1 T=1,schur,64,1,1,1,1,1,224,224,224,4,1,1,1,2822.671,0.000,1465.783,353.151,358.474,203.662,203.079,212.511,25.999,0.000,0.012,25.114,1333.4,,,707.949,cpu04,ok,
14_matrix_size,schur forte R=2 T=1,schur,64,1,1,1,2,1,224,224,224,4,2,1,1,1598.697,163.138,908.586,108.147,183.462,108.081,108.157,105.177,14.337,0.000,62.750,28.448,691.9,,,311.794,cpu04,ok,
14_matrix_size,schur forte R=1 T=2,schur,64,1,1,1,1,2,224,224,224,4,1,1,1,1411.922,0.000,726.571,183.442,177.206,103.484,100.117,105.636,15.458,0.000,0.008,12.562,1335.3,,,343.663,cpu04,ok,
14_matrix_size,schur forte R=4 T=1,schur,64,1,1,1,4,1,224,224,224,4,2,2,1,1294.364,93.818,477.368,517.059,101.125,58.584,47.267,54.771,9.599,0.000,28.591,46.065,361.4,,,166.924,cpu04,ok,
14_matrix_size,schur forte R=1 T=4,schur,64,1,1,1,1,4,224,224,224,4,1,1,1,749.321,0.000,385.194,98.062,93.815,56.585,52.237,54.431,8.986,0.000,0.011,6.667,1339.3,,,182.171,cpu04,ok,
14_matrix_size,schur forte R=7 T=1,schur,64,1,1,1,7,1,224,224,224,4,7,1,1,657.765,147.944,353.963,41.103,64.531,45.543,24.863,32.201,9.675,0.000,85.886,40.966,224.9,,,105.164,cpu04,ok,
14_matrix_size,schur forte R=1 T=7,schur,64,1,1,1,1,7,224,224,224,4,1,1,1,453.610,0.000,230.837,55.464,56.396,37.882,31.012,32.038,9.974,0.000,0.007,4.036,1346.7,,,107.379,cpu04,ok,
14_matrix_size,schur forte R=8 T=1,schur,64,1,1,1,8,1,224,224,224,4,2,2,2,836.893,73.357,241.773,260.600,216.923,35.664,30.315,35.214,8.898,0.000,7.506,59.568,194.2,,,84.698,cpu04,ok,
14_matrix_size,schur forte R=1 T=8,schur,64,1,1,1,1,8,224,224,224,4,1,1,1,385.118,0.000,189.647,48.550,57.843,30.831,25.608,26.720,5.913,0.000,0.006,3.426,1348.0,,,85.752,cpu04,ok,
14_matrix_size,schur forte R=14 T=1,schur,64,1,1,1,14,1,224,224,224,4,7,2,1,451.554,84.172,181.046,99.794,35.880,29.782,17.881,17.852,9.365,0.000,59.954,56.246,125.1,,,55.230,cpu04,ok,
14_matrix_size,schur forte R=1 T=14,schur,64,1,1,1,1,14,224,224,224,4,1,1,1,286.800,0.000,141.251,32.862,43.393,24.791,16.860,16.986,10.650,0.000,0.007,2.552,1376.6,,,62.189,cpu04,ok,
14_matrix_size,schur forte R=28 T=1,schur,64,1,1,1,28,1,224,224,224,4,7,2,2,360.081,62.260,115.001,64.335,78.565,24.876,10.911,11.640,10.513,0.000,44.240,89.704,75.2,,,34.013,cpu04,ok,
14_matrix_size,schur forte R=1 T=28,schur,64,1,1,1,1,28,224,224,224,4,1,1,1,255.100,0.000,135.406,23.986,39.075,22.616,11.825,11.644,10.540,0.000,0.008,2.270,1418.3,,,62.564,cpu04,ok,
14_matrix_size,schur forte R=56 T=1,schur,64,1,1,1,56,1,224,224,224,4,7,4,2,198.534,56.482,61.455,40.875,39.947,15.710,6.801,6.656,5.976,0.000,21.114,98.919,50.8,,,16.681,cpu04,ok,
14_matrix_size,schur forte R=1 T=56,schur,64,1,1,1,1,56,224,224,224,4,1,1,1,238.854,0.000,131.453,17.397,34.875,23.226,12.519,12.867,6.504,0.000,0.013,2.125,1461.8,,,48.299,cpu04,ok,
14_matrix_size,pipeline forte R=1 T=1,pipeline,64,1,1,1,1,1,224,224,224,4,1,1,1,5881.309,0.000,3172.585,754.264,907.480,532.429,249.475,235.889,29.181,0.000,0.006,52.327,1845.4,,,693.800,cpu04,ok,
14_matrix_size,pipeline forte R=2 T=1,pipeline,64,1,1,1,2,1,224,224,224,4,2,1,1,2889.489,139.600,1517.385,344.605,435.598,238.614,121.091,119.291,15.638,0.000,97.267,51.417,946.8,,,306.146,cpu04,ok,
14_matrix_size,pipeline forte R=1 T=2,pipeline,64,1,1,1,1,2,224,224,224,4,1,1,1,4420.805,0.000,1895.630,773.554,884.357,362.919,243.491,244.045,16.802,0.000,0.007,39.333,1846.2,,,371.167,cpu04,ok,
14_matrix_size,pipeline forte R=4 T=1,pipeline,64,1,1,1,4,1,224,224,224,4,2,2,1,1555.525,129.642,786.822,214.439,216.116,124.261,73.944,64.956,9.271,0.000,65.716,55.360,489.1,,,158.533,cpu04,ok,
14_matrix_size,pipeline forte R=1 T=4,pipeline,64,1,1,1,1,4,224,224,224,4,1,1,1,4155.008,0.000,1243.250,952.922,1058.328,273.961,304.521,311.909,10.110,0.000,0.007,36.968,1845.4,,,204.204,cpu04,ok,
14_matrix_size,pipeline forte R=7 T=1,pipeline,64,1,1,1,7,1,224,224,224,4,7,1,1,923.671,98.742,424.168,90.386,151.456,71.127,35.469,38.111,9.405,0.000,103.549,57.527,297.5,,,101.865,cpu04,ok,
14_matrix_size,pipeline forte R=1 T=7,pipeline,64,1,1,1,1,7,224,224,224,4,1,1,1,4574.779,0.000,1088.824,1229.025,1190.845,288.632,386.864,380.811,9.771,0.000,0.007,40.703,1842.8,,,118.744,cpu04,ok,
14_matrix_size,pipeline forte R=8 T=1,pipeline,64,1,1,1,8,1,224,224,224,4,2,2,2,856.428,86.117,421.996,118.215,127.641,67.118,38.113,42.111,7.965,0.000,33.269,60.959,257.2,,,88.687,cpu04,ok,
14_matrix_size,pipeline forte R=1 T=8,pipeline,64,1,1,1,1,8,224,224,224,4,1,1,1,8143.554,0.000,1645.278,2280.164,2154.230,461.557,807.784,786.741,7.793,0.000,0.007,72.455,1842.8,,,125.165,cpu04,ok,
14_matrix_size,pipeline forte R=14 T=1,pipeline,64,1,1,1,14,1,224,224,224,4,7,2,1,556.246,71.313,230.194,70.900,84.071,46.897,19.824,21.508,10.323,0.000,72.529,69.287,161.9,,,51.179,cpu04,ok,
14_matrix_size,pipeline forte R=1 T=14,pipeline,64,1,1,1,1,14,224,224,224,4,1,1,1,5945.761,0.000,1296.343,1552.385,1574.151,389.501,565.545,556.841,10.986,0.000,0.009,52.901,1837.5,,,92.537,cpu04,ok,
14_matrix_size,pipeline forte R=28 T=1,pipeline,64,1,1,1,28,1,224,224,224,4,7,2,2,429.813,63.383,157.144,68.136,73.099,38.815,16.823,21.284,9.861,0.000,44.651,107.076,93.6,,,33.822,cpu04,ok,
14_matrix_size,pipeline forte R=1 T=28,pipeline,64,1,1,1,1,28,224,224,224,4,1,1,1,9371.953,0.000,2159.243,2429.937,2344.599,692.817,870.234,864.497,10.616,0.000,0.010,83.385,1831.4,,,90.134,cpu04,ok,
14_matrix_size,pipeline forte R=56 T=1,pipeline,64,1,1,1,56,1,224,224,224,4,7,4,2,269.186,73.881,88.565,54.840,53.328,26.274,12.545,14.643,6.744,0.000,12.247,134.121,60.4,,,18.239,cpu04,ok,
14_matrix_size,pipeline forte R=1 T=56,pipeline,64,1,1,1,1,56,224,224,224,4,1,1,1,49979.859,0.000,13122.479,12364.649,12109.619,4204.580,4106.197,4065.284,7.043,0.000,0.008,444.683,1793.8,,,169.520,cpu04,ok,
14_matrix_size,schur debole R=1 s0,schur,64,0,1,1,1,1,64,64,64,20,1,1,1,72.967,0.000,29.063,16.584,17.838,3.200,2.897,3.121,0.260,0.000,0.004,27.835,54.2,,,11.127,cpu04,ok,debole; 64x64x64
14_matrix_size,schur debole R=1 s1,schur,64,1,1,1,1,1,64,64,64,20,1,1,1,46.734,0.000,28.716,4.364,4.237,3.150,2.887,3.123,0.254,0.000,0.003,17.828,55.1,,,10.035,cpu04,ok,debole; 64x64x64
14_matrix_size,pipeline debole R=1 s0,pipeline,64,0,1,1,1,1,64,64,64,20,1,1,1,130.440,0.000,46.525,32.416,35.222,5.890,5.038,5.017,0.328,0.000,0.004,49.759,67.4,,,11.131,cpu04,ok,debole; 64x64x64
14_matrix_size,pipeline debole R=1 s1,pipeline,64,1,1,1,1,1,64,64,64,20,1,1,1,89.099,0.000,47.586,12.042,13.199,5.832,5.064,5.071,0.302,0.000,0.003,33.989,66.5,,,10.057,cpu04,ok,debole; 64x64x64
14_matrix_size,schur debole R=2 s0,schur,64,0,1,1,2,1,128,64,64,10,2,1,1,90.865,6.192,37.577,18.276,23.199,4.108,3.012,3.155,0.349,0.000,1.189,34.662,56.0,,,12.009,cpu04,ok,debole; 128x64x64
14_matrix_size,schur debole R=2 s1,schur,64,1,1,1,2,1,128,64,64,10,2,1,1,61.794,5.178,38.023,5.222,6.937,4.085,3.028,3.150,0.291,0.000,1.058,23.572,56.9,,,11.254,cpu04,ok,debole; 128x64x64
14_matrix_size,pipeline debole R=2 s0,pipeline,64,0,1,1,2,1,128,64,64,10,2,1,1,146.629,6.610,52.163,33.868,41.252,7.053,5.110,5.039,0.347,0.000,1.797,55.935,68.2,,,12.512,cpu04,ok,debole; 128x64x64
14_matrix_size,pipeline debole R=2 s1,pipeline,64,1,1,1,2,1,128,64,64,10,2,1,1,103.888,6.117,53.427,13.978,17.035,6.967,5.096,5.106,0.338,0.000,1.941,39.630,69.1,,,12.019,cpu04,ok,debole; 128x64x64
14_matrix_size,schur debole R=4 s0,schur,64,0,1,1,4,1,128,128,64,10,2,2,1,111.698,5.798,40.220,29.355,27.659,5.074,3.773,3.388,0.550,0.000,1.679,42.609,56.9,,,13.422,cpu04,ok,debole; 128x128x64
14_matrix_size,schur debole R=4 s1,schur,64,1,1,1,4,1,128,128,64,10,2,2,1,95.880,7.736,41.829,30.647,8.977,4.999,3.717,3.431,0.519,0.000,1.761,36.575,56.9,,,13.347,cpu04,ok,debole; 128x128x64
14_matrix_size,pipeline debole R=4 s0,pipeline,64,0,1,1,4,1,128,128,64,10,2,2,1,161.695,8.081,55.762,35.822,46.167,8.400,5.628,5.389,0.608,0.000,3.919,61.682,69.1,,,14.044,cpu04,ok,debole; 128x128x64
14_matrix_size,pipeline debole R=4 s1,pipeline,64,1,1,1,4,1,128,128,64,10,2,2,1,117.851,7.643,57.422,15.800,21.200,8.394,5.635,5.439,0.587,0.000,3.374,44.956,69.1,,,13.011,cpu04,ok,debole; 128x128x64
14_matrix_size,schur debole R=8 s0,schur,64,0,1,1,8,1,128,128,128,10,2,2,2,130.580,9.968,41.734,31.486,38.878,6.286,4.521,4.797,0.789,0.000,2.089,49.812,56.9,,,14.321,cpu04,ok,debole; 128x128x128
14_matrix_size,schur debole R=8 s1,schur,64,1,1,1,8,1,128,128,128,10,2,2,2,133.910,10.090,42.668,32.610,39.988,6.307,4.389,4.610,0.869,0.000,2.469,51.083,57.8,,,13.708,cpu04,ok,debole; 128x128x128
14_matrix_size,pipeline debole R=8 s0,pipeline,64,0,1,1,8,1,128,128,128,10,2,2,2,175.313,10.917,60.525,37.876,49.255,10.080,6.093,6.313,1.317,0.000,3.854,66.877,69.1,,,14.381,cpu04,ok,debole; 128x128x128
14_matrix_size,pipeline debole R=8 s1,pipeline,64,1,1,1,8,1,128,128,128,10,2,2,2,133.390,10.070,62.238,16.949,25.007,10.047,6.068,6.517,1.323,0.000,5.241,50.884,69.1,,,14.309,cpu04,ok,debole; 128x128x128
14_matrix_size,schur debole R=28 s0,schur,64,0,1,1,28,1,224,224,128,4,7,2,2,189.380,35.901,63.911,32.280,42.289,13.787,5.797,6.923,5.208,0.000,19.185,82.563,54.2,,,20.517,cpu04,ok,debole; 224x224x128
14_matrix_size,schur debole R=28 s1,schur,64,1,1,1,28,1,224,224,128,4,7,2,2,201.010,34.622,65.376,36.421,45.946,13.732,6.550,8.501,5.183,0.000,19.301,87.633,54.2,,,20.297,cpu04,ok,debole; 224x224x128
14_matrix_size,pipeline debole R=28 s0,pipeline,64,0,1,1,28,1,224,224,128,4,7,2,2,259.550,36.746,85.204,46.731,57.679,22.272,9.338,11.384,5.264,0.000,21.678,113.155,64.8,,,19.413,cpu04,ok,debole; 224x224x128
14_matrix_size,pipeline debole R=28 s1,pipeline,64,1,1,1,28,1,224,224,128,4,7,2,2,236.480,38.964,87.639,38.201,42.292,21.796,10.286,13.004,4.987,0.000,18.275,103.097,64.8,,,19.002,cpu04,ok,debole; 224x224x128
14_matrix_size,schur debole R=56 s0,schur,64,0,1,1,56,1,224,224,224,4,7,4,2,193.067,57.964,61.738,41.299,44.300,20.467,6.399,6.439,5.527,0.000,6.898,96.195,50.8,,,17.924,cpu04,ok,debole; 224x224x224
14_matrix_size,schur debole R=56 s1,schur,64,1,1,1,56,1,224,224,224,4,7,4,2,198.054,50.696,61.255,40.472,40.572,18.362,6.817,6.534,5.921,0.000,18.121,98.680,50.8,,,17.595,cpu04,ok,debole; 224x224x224
14_matrix_size,pipeline debole R=56 s0,pipeline,64,0,1,1,56,1,224,224,224,4,7,4,2,275.391,60.187,87.398,51.057,58.336,25.774,12.438,13.365,6.417,0.000,20.606,137.213,59.5,,,20.477,cpu04,ok,debole; 224x224x224
14_matrix_size,pipeline debole R=56 s1,pipeline,64,1,1,1,56,1,224,224,224,4,7,4,2,271.473,68.989,88.912,54.379,52.091,24.931,12.497,14.225,6.349,0.000,18.089,135.260,59.5,,,19.077,cpu04,ok,debole; 224x224x224
15_matrix_check,schur s0 seriale,schur,64,0,0,0,1,1,64,64,64,20,1,1,1,66.591,0.000,26.861,14.663,15.657,3.168,2.852,3.142,0.247,0.000,0.001,25.402,33.2,4.8682886175e-04,1.2721525046e-02,10.689,cpu01,ok,
15_matrix_check,schur s0 T(1),schur,64,0,0,1,1,1,64,64,64,20,1,1,1,67.568,0.000,27.717,14.651,15.729,3.198,2.857,3.143,0.267,0.000,0.006,25.775,53.4,4.8682886175e-04,1.2721525046e-02,11.612,cpu01,ok,
15_matrix_check,schur s1 seriale,schur,64,1,0,0,1,1,64,64,64,20,1,1,1,45.043,0.000,27.219,4.279,4.170,3.128,2.895,3.117,0.234,0.000,0.001,17.183,33.2,4.8682886175e-04,1.2721525046e-02,10.255,cpu01,ok,
15_matrix_check,schur s1 T(1),schur,64,1,0,1,1,1,64,64,64,20,1,1,1,45.188,0.000,27.090,4.308,4.312,3.228,2.852,3.140,0.253,0.000,0.005,17.238,54.2,4.8682886175e-04,1.2721525046e-02,10.094,cpu01,ok,
15_matrix_check,pipeline s0 seriale,pipeline,64,0,0,0,1,1,64,64,64,20,1,1,1,106.851,0.000,44.668,26.492,23.018,4.664,3.929,3.782,0.297,0.000,0.001,40.760,45.5,4.8682886175e-04,1.2721525046e-02,10.819,cpu01,ok,
15_matrix_check,pipeline s0 T(1),pipeline,64,0,0,1,1,1,64,64,64,20,1,1,1,107.367,0.000,45.095,26.616,22.852,4.598,3.820,4.064,0.319,0.000,0.003,40.957,65.6,4.8682886175e-04,1.2721525046e-02,10.884,cpu01,ok,
15_matrix_check,pipeline s1 seriale,pipeline,64,1,0,0,1,1,64,64,64,20,1,1,1,74.677,0.000,45.455,7.573,8.824,4.575,4.026,3.934,0.289,0.000,0.001,28.487,45.5,4.8682886175e-04,1.2721525046e-02,9.827,cpu01,ok,
15_matrix_check,pipeline s1 T(1),pipeline,64,1,0,1,1,1,64,64,64,20,1,1,1,75.306,0.000,45.898,7.614,8.733,4.633,4.048,4.066,0.311,0.000,0.003,28.727,64.8,4.8682886175e-04,1.2721525046e-02,10.080,cpu01,ok,
15_matrix_check,pipeline b=1 s0 seriale,pipeline,1,0,0,0,1,1,64,64,64,20,1,1,1,122.468,0.000,44.230,29.092,33.798,5.320,4.857,4.863,0.308,0.000,0.000,46.718,45.5,4.8682886175e-04,1.2721525046e-02,10.761,cpu01,ok,
15_matrix_check,pipeline b=1 s0 T(1),pipeline,1,0,0,1,1,1,64,64,64,20,1,1,1,123.998,0.000,45.053,29.311,34.293,5.186,4.829,5.003,0.320,0.000,0.003,47.301,65.6,4.8682886175e-04,1.2721525046e-02,11.306,cpu01,ok,
15_matrix_check,pipeline b=7 s0 seriale,pipeline,7,0,0,0,1,1,64,64,64,20,1,1,1,112.756,0.000,45.725,27.709,26.240,4.692,4.071,4.006,0.312,0.000,0.001,43.013,45.5,4.8682886175e-04,1.2721525046e-02,11.033,cpu01,ok,
15_matrix_check,pipeline b=7 s0 T(1),pipeline,7,0,0,1,1,1,64,64,64,20,1,1,1,113.251,0.000,45.622,28.075,26.366,4.693,4.105,4.066,0.322,0.000,0.002,43.202,65.6,4.8682886175e-04,1.2721525046e-02,10.890,cpu01,ok,
15_matrix_check,pipeline b=64 s0 seriale,pipeline,64,0,0,0,1,1,64,64,64,20,1,1,1,106.758,0.000,44.509,26.520,23.038,4.686,3.914,3.789,0.300,0.000,0.002,40.725,45.5,4.8682886175e-04,1.2721525046e-02,10.863,cpu01,ok,
15_matrix_check,pipeline b=64 s0 T(1),pipeline,64,0,0,1,1,1,64,64,64,20,1,1,1,107.835,0.000,45.191,26.741,23.070,4.751,3.833,3.926,0.321,0.000,0.002,41.136,64.8,4.8682886175e-04,1.2721525046e-02,10.932,cpu01,ok,
15_matrix_check,pipeline b=1024 s0 seriale,pipeline,1024,0,0,0,1,1,64,64,64,20,1,1,1,119.419,0.000,56.930,27.216,22.106,5.157,3.926,3.772,0.311,0.000,0.001,45.555,46.4,4.8682886175e-04,1.2721525046e-02,11.252,cpu01,ok,
15_matrix_check,pipeline b=1024 s0 T(1),pipeline,1024,0,0,1,1,1,64,64,64,20,1,1,1,120.762,0.000,58.035,27.342,22.055,5.194,3.913,3.891,0.329,0.000,0.003,46.067,66.5,4.8682886175e-04,1.2721525046e-02,12.375,cpu01,ok,
15_matrix_check,pipeline b=1 s1 seriale,pipeline,1,1,0,0,1,1,64,64,64,20,1,1,1,124.109,0.000,44.787,28.268,35.327,5.318,5.123,4.988,0.297,0.000,0.001,47.344,45.5,4.8682886175e-04,1.2721525046e-02,9.899,cpu01,ok,
15_matrix_check,pipeline b=1 s1 T(1),pipeline,1,1,0,1,1,1,64,64,64,20,1,1,1,125.362,0.000,45.830,27.875,35.905,5.424,4.939,5.065,0.321,0.000,0.003,47.822,65.6,4.8682886175e-04,1.2721525046e-02,10.248,cpu01,ok,
15_matrix_check,pipeline b=7 s1 seriale,pipeline,7,1,0,0,1,1,64,64,64,20,1,1,1,90.086,0.000,45.209,14.700,16.903,4.694,4.206,4.073,0.300,0.000,0.001,34.365,45.5,4.8682886175e-04,1.2721525046e-02,9.763,cpu01,ok,
15_matrix_check,pipeline b=7 s1 T(1),pipeline,7,1,0,1,1,1,64,64,64,20,1,1,1,90.804,0.000,45.861,14.748,16.845,4.710,4.161,4.156,0.319,0.000,0.004,34.639,65.6,4.8682886175e-04,1.2721525046e-02,9.977,cpu01,ok,
15_matrix_check,pipeline b=64 s1 seriale,pipeline,64,1,0,0,1,1,64,64,64,20,1,1,1,74.162,0.000,45.164,7.473,8.709,4.575,4.025,3.929,0.287,0.000,-0.000,28.291,45.5,4.8682886175e-04,1.2721525046e-02,9.711,cpu01,ok,
15_matrix_check,pipeline b=64 s1 T(1),pipeline,64,1,0,1,1,1,64,64,64,20,1,1,1,74.969,0.000,45.861,7.511,8.657,4.659,3.970,3.996,0.312,0.000,0.003,28.598,65.6,4.8682886175e-04,1.2721525046e-02,9.988,cpu01,ok,
15_matrix_check,pipeline b=1024 s1 seriale,pipeline,1024,1,0,0,1,1,64,64,64,20,1,1,1,86.132,0.000,57.125,8.398,7.288,5.103,4.021,3.929,0.268,0.000,0.000,32.857,46.4,4.8682886175e-04,1.2721525046e-02,10.178,cpu01,ok,
15_matrix_check,pipeline b=1024 s1 T(1),pipeline,1024,1,0,1,1,1,64,64,64,20,1,1,1,86.082,0.000,56.827,8.679,7.205,5.145,3.938,4.002,0.282,0.000,0.004,32.838,66.5,4.8682886175e-04,1.2721525046e-02,9.993,cpu01,ok,
15_matrix_check,schur R=1 1x1x1 s0,schur,64,0,1,1,1,1,64,64,64,20,1,1,1,73.165,0.000,29.091,16.610,17.958,3.199,2.907,3.141,0.254,0.000,0.005,27.910,54.2,4.8682886175e-04,1.2721525046e-02,11.117,cpu01,ok,
15_matrix_check,schur R=2 1x1x2 s0,schur,64,0,1,1,2,1,64,64,64,20,1,1,2,42.220,1.886,14.736,8.447,14.422,1.649,1.453,1.661,0.143,0.000,-0.291,32.212,40.2,4.8682886175e-04,1.2721525046e-02,5.713,cpu01,ok,
15_matrix_check,schur R=2 1x2x1 s0,schur,64,0,1,1,2,1,64,64,64,20,1,2,1,42.623,1.930,14.922,13.829,9.108,1.643,1.668,1.554,0.150,0.000,-0.251,32.519,40.2,4.8682886175e-04,1.2721525046e-02,5.906,cpu01,ok,
15_matrix_check,schur R=2 2x1x1 s0,schur,64,0,1,1,2,1,64,64,64,20,2,1,1,43.872,2.506,20.336,8.279,9.239,1.879,1.498,1.561,0.153,0.000,0.927,33.472,41.1,4.8682886175e-04,1.2721525046e-02,6.555,cpu01,ok,
15_matrix_check,schur R=4 1x1x4 s0,schur,64,0,1,1,4,1,64,64,64,20,1,1,4,24.856,2.913,7.965,4.433,9.753,0.890,0.754,0.985,0.072,0.000,0.004,37.927,33.2,4.8682886175e-04,1.2721525046e-02,3.175,cpu01,ok,
15_matrix_check,schur R=4 1x2x2 s0,schur,64,0,1,1,4,1,64,64,64,20,1,2,2,25.254,1.726,7.915,7.328,7.442,0.886,0.911,0.862,0.066,0.000,-0.156,38.535,32.4,4.8682886175e-04,1.2721525046e-02,3.146,cpu01,ok,
15_matrix_check,schur R=4 1x4x1 s0,schur,64,0,1,1,4,1,64,64,64,20,1,4,1,25.326,3.021,8.030,9.612,4.824,0.904,1.036,0.780,0.071,0.000,0.069,38.645,33.2,4.8682886175e-04,1.2721525046e-02,3.218,cpu01,ok,
15_matrix_check,schur R=4 2x1x2 s0,schur,64,0,1,1,4,1,64,64,64,20,2,1,2,25.803,2.544,10.710,4.377,7.493,0.975,0.751,0.875,0.066,0.000,0.556,39.373,33.2,4.8682886175e-04,1.2721525046e-02,3.544,cpu01,ok,
15_matrix_check,schur R=4 2x2x1 s0,schur,64,0,1,1,4,1,64,64,64,20,2,2,1,26.466,2.506,11.043,7.452,4.850,1.024,0.957,0.781,0.076,0.000,0.283,40.383,32.4,4.8682886175e-04,1.2721525046e-02,3.599,cpu01,ok,
15_matrix_check,schur R=4 4x1x1 s0,schur,64,0,1,1,4,1,64,64,64,20,4,1,1,26.477,3.753,13.447,4.408,4.916,1.188,0.756,0.767,0.078,0.000,0.917,40.400,33.2,4.8682886175e-04,1.2721525046e-02,4.412,cpu01,ok,
15_matrix_check,schur R=7 1x1x7 s0,schur,64,0,1,1,7,1,64,64,64,20,1,1,7,17.844,5.022,4.823,2.816,8.488,0.570,0.489,0.956,0.041,0.000,-0.339,43.564,29.8,4.8682886175e-04,1.2721525046e-02,1.958,cpu01,ok,
15_matrix_check,schur R=7 1x7x1 s0,schur,64,0,1,1,7,1,64,64,64,20,1,7,1,18.546,5.075,4.916,8.448,3.020,0.593,1.056,0.456,0.053,0.000,0.004,45.278,29.8,4.8682886175e-04,1.2721525046e-02,2.109,cpu01,ok,
15_matrix_check,schur R=7 7x1x1 s0,schur,64,0,1,1,7,1,64,64,64,20,7,1,1,19.915,5.659,11.329,2.730,3.050,1.326,0.467,0.461,0.049,0.000,0.503,48.621,29.8,4.8682886175e-04,1.2721525046e-02,3.070,cpu01,ok,
15_matrix_check,schur R=8 1x1x8 s0,schur,64,0,1,1,8,1,64,64,64,20,1,1,8,16.246,4.383,4.228,2.268,8.009,0.461,0.399,0.836,0.033,0.000,0.012,49.578,28.9,4.8682886175e-04,1.2721525046e-02,1.754,cpu01,ok,
15_matrix_check,schur R=8 1x2x4 s0,schur,64,0,1,1,8,1,64,64,64,20,1,2,4,14.379,2.208,4.182,3.802,4.990,0.456,0.481,0.513,0.033,0.000,-0.078,43.881,28.9,4.8682886175e-04,1.2721525046e-02,1.702,cpu01,ok,
15_matrix_check,schur R=8 1x4x2 s0,schur,64,0,1,1,8,1,64,64,64,20,1,4,2,14.562,2.141,4.204,5.012,3.813,0.458,0.555,0.439,0.038,0.000,0.043,44.439,28.9,4.8682886175e-04,1.2721525046e-02,1.733,cpu01,ok,
15_matrix_check,schur R=8 1x8x1 s0,schur,64,0,1,1,8,1,64,64,64,20,1,8,1,17.151,4.971,4.348,8.289,2.496,0.487,0.905,0.379,0.048,0.000,0.199,52.341,29.8,4.8682886175e-04,1.2721525046e-02,1.848,cpu01,ok,
15_matrix_check,schur R=8 2x1x4 s0,schur,64,0,1,1,8,1,64,64,64,20,2,1,4,14.844,3.256,5.696,2.283,5.184,0.501,0.400,0.566,0.033,0.000,0.181,45.301,28.9,4.8682886175e-04,1.2721525046e-02,1.928,cpu01,ok,
15_matrix_check,schur R=8 2x2x2 s0,schur,64,0,1,1,8,1,64,64,64,20,2,2,2,15.201,1.989,5.711,3.835,3.937,0.524,0.493,0.454,0.036,0.000,0.211,46.389,28.9,4.8682886175e-04,1.2721525046e-02,1.908,cpu01,ok,
15_matrix_check,schur R=8 2x4x1 s0,schur,64,0,1,1,8,1,64,64,64,20,2,4,1,15.386,2.699,6.059,5.086,2.463,0.573,0.614,0.376,0.040,0.000,0.175,46.955,28.9,4.8682886175e-04,1.2721525046e-02,1.957,cpu01,ok,
15_matrix_check,schur R=8 4x1x2 s0,schur,64,0,1,1,8,1,64,64,64,20,4,1,2,15.609,2.839,7.093,2.311,4.345,0.601,0.394,0.499,0.037,0.000,0.329,47.635,28.9,4.8682886175e-04,1.2721525046e-02,2.339,cpu01,ok,
15_matrix_check,schur R=8 4x2x1 s0,schur,64,0,1,1,8,1,64,64,64,20,4,2,1,15.725,2.937,7.144,4.118,2.493,0.668,0.536,0.380,0.039,0.000,0.347,47.989,28.9,4.8682886175e-04,1.2721525046e-02,2.340,cpu01,ok,
15_matrix_check,schur R=8 8x1x1 s0,schur,64,0,1,1,8,1,64,64,64,20,8,1,1,18.296,5.299,10.883,2.230,2.573,1.082,0.371,0.378,0.047,0.000,0.732,55.835,29.8,4.8682886175e-04,1.2721525046e-02,2.847,cpu01,ok,
15_matrix_check,schur R=14 1x1x14 s0,schur,64,0,1,1,14,1,64,64,64,20,1,1,14,15.330,7.530,2.662,1.484,9.814,0.311,0.267,1.342,0.028,0.000,-0.578,74.855,28.0,4.8682886175e-04,1.2721525046e-02,1.051,cpu01,ok,
15_matrix_check,schur R=14 1x2x7 s0,schur,64,0,1,1,14,1,64,64,64,20,1,2,7,10.465,3.593,2.545,2.435,4.617,0.308,0.320,0.538,0.024,0.000,-0.322,51.100,27.1,4.8682886175e-04,1.2721525046e-02,1.061,cpu01,ok,
15_matrix_check,schur R=14 1x7x2 s0,schur,64,0,1,1,14,1,64,64,64,20,1,7,2,10.486,3.254,2.535,4.305,2.403,0.310,0.777,0.283,0.026,0.000,-0.153,51.203,27.1,4.8682886175e-04,1.2721525046e-02,1.078,cpu01,ok,
15_matrix_check,schur R=14 1x14x1 s0,schur,64,0,1,1,14,1,64,64,64,20,1,14,1,16.093,7.921,2.505,9.713,1.740,0.327,1.830,0.234,0.041,0.000,-0.297,78.581,28.0,4.8682886175e-04,1.2721525046e-02,1.148,cpu01,ok,
15_matrix_check,schur R=14 2x1x7 s0,schur,64,0,1,1,14,1,64,64,64,20,2,1,7,10.457,3.567,3.561,1.402,4.390,0.346,0.268,0.631,0.027,0.000,-0.168,51.061,27.1,4.8682886175e-04,1.2721525046e-02,1.190,cpu01,ok,
15_matrix_check,schur R=14 2x7x1 s0,schur,64,0,1,1,14,1,64,64,64,20,2,7,1,11.139,3.642,3.894,4.259,1.510,0.439,0.739,0.231,0.030,0.000,0.037,54.391,27.1,4.8682886175e-04,1.2721525046e-02,1.240,cpu01,ok,
15_matrix_check,schur R=14 7x1x2 s0,schur,64,0,1,1,14,1,64,64,64,20,7,1,2,11.816,4.179,5.938,1.371,2.789,0.888,0.270,0.343,0.027,0.000,0.190,57.696,27.1,4.8682886175e-04,1.2721525046e-02,1.627,cpu01,ok,
15_matrix_check,schur R=14 7x2x1 s0,schur,64,0,1,1,14,1,64,64,64,20,7,2,1,12.023,4.148,6.028,2.781,1.525,0.980,0.425,0.240,0.030,0.000,0.014,58.708,27.1,4.8682886175e-04,1.2721525046e-02,1.655,cpu01,ok,
15_matrix_check,schur R=14 14x1x1 s0,schur,64,0,1,1,14,1,64,64,64,20,14,1,1,17.045,8.040,11.334,1.386,1.748,2.135,0.233,0.235,0.049,0.000,-0.075,83.228,28.0,4.8682886175e-04,1.2721525046e-02,2.018,cpu01,ok,
15_matrix_check,schur R=28 1x1x28 s0,schur,64,0,1,1,28,1,64,64,64,20,1,1,28,22.214,12.366,1.935,1.056,16.071,0.234,0.199,3.113,0.035,0.000,-0.429,180.780,27.1,4.8682886175e-04,1.2721525046e-02,0.815,cpu01,ok,
15_matrix_check,schur R=28 1x2x14 s0,schur,64,0,1,1,28,1,64,64,64,20,1,2,14,9.976,4.850,1.662,1.508,5.946,0.194,0.217,0.855,0.016,0.000,-0.422,97.421,26.2,4.8682886175e-04,1.2721525046e-02,0.703,cpu01,ok,
15_matrix_check,schur R=28 1x4x7 s0,schur,64,0,1,1,28,1,64,64,64,20,1,4,7,7.075,2.778,1.656,1.951,2.779,0.185,0.242,0.354,0.013,0.000,-0.105,69.088,27.1,4.8682886175e-04,1.2721525046e-02,0.696,cpu01,ok,
15_matrix_check,schur R=28 1x7x4 s0,schur,64,0,1,1,28,1,64,64,64,20,1,7,4,7.087,2.743,1.712,2.732,1.957,0.186,0.478,0.225,0.012,0.000,-0.215,69.206,26.2,4.8682886175e-04,1.2721525046e-02,0.751,cpu01,ok,
15_matrix_check,schur R=28 1x14x2 s0,schur,64,0,1,1,28,1,64,64,64,20,1,14,2,10.108,5.161,1.635,5.754,1.483,0.195,1.177,0.229,0.026,0.000,-0.391,98.709,26.2,4.8682886175e-04,1.2721525046e-02,0.732,cpu01,ok,
15_matrix_check,schur R=28 1x28x1 s0,schur,64,0,1,1,28,1,64,64,64,20,1,28,1,23.190,13.057,1.960,16.181,1.453,0.243,3.763,0.173,0.046,0.000,-0.629,188.722,27.1,4.8682886175e-04,1.2721525046e-02,0.883,cpu01,ok,
15_matrix_check,schur R=28 2x1x14 s0,schur,64,0,1,1,28,1,64,64,64,20,2,1,14,11.213,6.026,2.274,0.850,6.863,0.218,0.165,1.023,0.019,0.000,-0.199,109.502,26.2,4.8682886175e-04,1.2721525046e-02,0.912,cpu01,ok,
15_matrix_check,schur R=28 2x2x7 s0,schur,64,0,1,1,28,1,64,64,64,20,2,2,7,7.109,2.695,2.282,1.477,2.712,0.214,0.214,0.410,0.014,0.000,-0.214,69.421,26.2,4.8682886175e-04,1.2721525046e-02,0.755,cpu01,ok,
15_matrix_check,schur R=28 2x7x2 s0,schur,64,0,1,1,28,1,64,64,64,20,2,7,2,7.453,2.809,2.409,2.703,1.553,0.259,0.544,0.219,0.013,0.000,-0.247,72.783,26.2,4.8682886175e-04,1.2721525046e-02,0.790,cpu01,ok,
15_matrix_check,schur R=28 2x14x1 s0,schur,64,0,1,1,28,1,64,64,64,20,2,14,1,11.879,6.574,2.588,6.983,0.946,0.314,1.249,0.145,0.024,0.000,-0.370,116.002,26.2,4.8682886175e-04,1.2721525046e-02,0.800,cpu01,ok,
15_matrix_check,schur R=28 4x1x7 s0,schur,64,0,1,1,28,1,64,64,64,20,4,1,7,7.865,3.219,2.850,0.849,3.237,0.253,0.164,0.540,0.014,0.000,-0.042,76.804,26.2,4.8682886175e-04,1.2721525046e-02,0.911,cpu01,ok,
15_matrix_check,schur R=28 4x7x1 s0,schur,64,0,1,1,28,1,64,64,64,20,4,7,1,8.510,3.978,3.286,3.047,0.895,0.397,0.623,0.142,0.015,0.000,0.105,83.108,26.2,4.8682886175e-04,1.2721525046e-02,0.943,cpu01,ok,
15_matrix_check,schur R=28 7x1x4 s0,schur,64,0,1,1,28,1,64,64,64,20,7,1,4,8.345,3.486,3.842,0.870,2.509,0.522,0.166,0.379,0.013,0.000,0.044,81.491,26.2,4.8682886175e-04,1.2721525046e-02,1.156,cpu01,ok,
15_matrix_check,schur R=28 7x2x2 s0,schur,64,0,1,1,28,1,64,64,64,20,7,2,2,8.212,3.216,3.734,1.799,1.756,0.692,0.267,0.241,0.013,0.000,-0.290,80.193,26.2,4.8682886175e-04,1.2721525046e-02,1.076,cpu01,ok,
15_matrix_check,schur R=28 7x4x1 s0,schur,64,0,1,1,28,1,64,64,64,20,7,4,1,9.071,4.074,4.359,2.564,0.898,0.769,0.413,0.143,0.013,0.000,-0.088,88.588,26.2,4.8682886175e-04,1.2721525046e-02,1.083,cpu01,ok,
15_matrix_check,schur R=28 14x1x2 s0,schur,64,0,1,1,28,1,64,64,64,20,14,1,2,11.380,5.420,7.036,0.865,1.939,1.273,0.145,0.271,0.025,0.000,-0.174,111.134,26.2,4.8682886175e-04,1.2721525046e-02,1.315,cpu01,ok,
15_matrix_check,schur R=28 14x2x1 s0,schur,64,0,1,1,28,1,64,64,64,20,14,2,1,12.524,6.653,8.038,1.795,0.949,1.465,0.263,0.148,0.024,0.000,-0.158,122.305,26.2,4.8682886175e-04,1.2721525046e-02,1.339,cpu01,ok,
15_matrix_check,schur R=28 28x1x1 s0,schur,64,0,1,1,28,1,64,64,64,20,28,1,1,24.038,12.665,17.602,1.023,1.351,3.903,0.173,0.177,0.061,0.000,-0.252,195.618,27.1,4.8682886175e-04,1.2721525046e-02,2.090,cpu01,ok,
15_matrix_check,schur R=1 1x1x1 s1,schur,64,1,1,1,1,1,64,64,64,20,1,1,1,47.118,0.000,28.857,4.361,4.430,3.203,2.892,3.120,0.252,0.000,0.003,17.974,54.2,4.8682886175e-04,1.2721525046e-02,10.023,cpu01,ok,
15_matrix_check,schur R=2 1x1x2 s1,schur,64,1,1,1,2,1,64,64,64,20,1,1,2,36.722,2.138,14.707,2.230,15.239,1.611,1.452,1.718,0.117,0.000,-0.352,28.017,41.1,4.8682886175e-04,1.2721525046e-02,5.179,cpu01,ok,
15_matrix_check,schur R=2 1x2x1 s1,schur,64,1,1,1,2,1,64,64,64,20,1,2,1,36.116,1.817,14.571,14.172,2.218,1.623,1.671,1.591,0.138,0.000,0.132,27.554,40.2,4.8682886175e-04,1.2721525046e-02,5.199,cpu01,ok,
15_matrix_check,schur R=2 2x1x1 s1,schur,64,1,1,1,2,1,64,64,64,20,2,1,1,30.918,2.871,20.370,2.308,2.433,1.801,1.500,1.554,0.139,0.000,0.813,23.588,41.1,4.8682886175e-04,1.2721525046e-02,6.216,cpu01,ok,
15_matrix_check,schur R=4 1x1x4 s1,schur,64,1,1,1,4,1,64,64,64,20,1,1,4,21.377,2.860,7.863,1.204,9.536,0.884,0.756,0.963,0.067,0.000,0.104,32.618,33.2,4.8682886175e-04,1.2721525046e-02,2.878,cpu01,ok,
15_matrix_check,schur R=4 1x2x2 s1,schur,64,1,1,1,4,1,64,64,64,20,1,2,2,25.977,1.749,7.851,7.652,7.906,0.877,0.898,0.887,0.062,0.000,-0.156,39.638,33.2,4.8682886175e-04,1.2721525046e-02,2.873,cpu01,ok,
15_matrix_check,schur R=4 1x4x1 s1,schur,64,1,1,1,4,1,64,64,64,20,1,4,1,21.500,3.266,7.955,9.499,1.209,0.891,0.977,0.775,0.079,0.000,0.115,32.806,32.4,4.8682886175e-04,1.2721525046e-02,2.965,cpu01,ok,
15_matrix_check,schur R=4 2x1x2 s1,schur,64,1,1,1,4,1,64,64,64,20,2,1,2,23.218,2.321,10.793,1.168,8.179,0.938,0.802,0.926,0.069,0.000,0.343,35.427,32.4,4.8682886175e-04,1.2721525046e-02,3.353,cpu01,ok,
15_matrix_check,schur R=4 2x2x1 s1,schur,64,1,1,1,4,1,64,64,64,20,2,2,1,23.312,2.968,11.135,7.983,1.193,0.978,0.912,0.813,0.071,0.000,0.227,35.571,32.4,4.8682886175e-04,1.2721525046e-02,3.364,cpu01,ok,
15_matrix_check,schur R=4 4x1x1 s1,schur,64,1,1,1,4,1,64,64,64,20,4,1,1,19.693,3.865,13.556,1.121,1.311,1.144,0.755,0.761,0.081,0.000,0.964,30.049,33.2,4.8682886175e-04,1.2721525046e-02,4.251,cpu01,ok,
15_matrix_check,schur R=7 1x1x7 s1,schur,64,1,1,1,7,1,64,64,64,20,1,1,7,15.685,4.813,4.708,0.727,8.223,0.562,0.487,0.922,0.044,0.000,0.012,38.295,29.8,4.8682886175e-04,1.2721525046e-02,1.807,cpu01,ok,
15_matrix_check,schur R=7 1x7x1 s1,schur,64,1,1,1,7,1,64,64,64,20,1,7,1,16.339,5.159,4.778,8.464,0.757,0.568,1.001,0.466,0.054,0.000,0.251,39.891,29.8,4.8682886175e-04,1.2721525046e-02,1.884,cpu01,ok,
15_matrix_check,schur R=7 7x1x1 s1,schur,64,1,1,1,7,1,64,64,64,20,7,1,1,16.616,5.857,11.590,0.973,1.190,1.461,0.464,0.460,0.068,0.000,0.410,40.568,29.8,4.8682886175e-04,1.2721525046e-02,3.007,cpu01,ok,
15_matrix_check,schur R=8 1x1x8 s1,schur,64,1,1,1,8,1,64,64,64,20,1,1,8,14.828,4.592,4.235,0.620,8.215,0.459,0.401,0.833,0.044,0.000,0.021,45.252,28.9,4.8682886175e-04,1.2721525046e-02,1.637,cpu01,ok,
15_matrix_check,schur R=8 1x2x4 s1,schur,64,1,1,1,8,1,64,64,64,20,1,2,4,14.648,2.303,4.201,3.945,5.110,0.460,0.449,0.520,0.034,0.000,-0.071,44.703,28.9,4.8682886175e-04,1.2721525046e-02,1.565,cpu01,ok,
15_matrix_check,schur R=8 1x4x2 s1,schur,64,1,1,1,8,1,64,64,64,20,1,4,2,14.738,2.264,4.170,4.983,4.124,0.447,0.531,0.455,0.036,0.000,-0.008,44.977,28.9,4.8682886175e-04,1.2721525046e-02,1.592,cpu01,ok,
15_matrix_check,schur R=8 1x8x1 s1,schur,64,1,1,1,8,1,64,64,64,20,1,8,1,15.329,4.938,4.320,8.349,0.632,0.460,0.899,0.384,0.047,0.000,0.238,46.782,29.8,4.8682886175e-04,1.2721525046e-02,1.734,cpu01,ok,
15_matrix_check,schur R=8 2x1x4 s1,schur,64,1,1,1,8,1,64,64,64,20,2,1,4,13.218,2.655,5.685,0.623,5.084,0.494,0.390,0.601,0.040,0.000,0.301,40.339,28.9,4.8682886175e-04,1.2721525046e-02,1.812,cpu01,ok,
15_matrix_check,schur R=8 2x2x2 s1,schur,64,1,1,1,8,1,64,64,64,20,2,2,2,15.679,2.069,5.792,4.097,4.301,0.497,0.463,0.461,0.033,0.000,0.035,47.849,28.9,4.8682886175e-04,1.2721525046e-02,1.807,cpu01,ok,
15_matrix_check,schur R=8 2x4x1 s1,schur,64,1,1,1,8,1,64,64,64,20,2,4,1,13.570,2.798,6.006,5.081,0.639,0.552,0.587,0.391,0.042,0.000,0.272,41.413,28.9,4.8682886175e-04,1.2721525046e-02,1.857,cpu01,ok,
15_matrix_check,schur R=8 4x1x2 s1,schur,64,1,1,1,8,1,64,64,64,20,4,1,2,14.102,2.653,7.071,0.580,4.484,0.573,0.390,0.526,0.039,0.000,0.439,43.036,28.9,4.8682886175e-04,1.2721525046e-02,2.262,cpu01,ok,
15_matrix_check,schur R=8 4x2x1 s1,schur,64,1,1,1,8,1,64,64,64,20,4,2,1,14.077,2.921,7.150,4.259,0.662,0.643,0.509,0.396,0.040,0.000,0.418,42.960,28.9,4.8682886175e-04,1.2721525046e-02,2.262,cpu01,ok,
15_matrix_check,schur R=8 8x1x1 s1,schur,64,1,1,1,8,1,64,64,64,20,8,1,1,15.347,5.379,11.282,0.621,0.785,1.088,0.373,0.377,0.055,0.000,0.766,46.835,28.9,4.8682886175e-04,1.2721525046e-02,2.946,cpu01,ok,
15_matrix_check,schur R=14 1x1x14 s1,schur,64,1,1,1,14,1,64,64,64,20,1,1,14,14.714,7.634,2.784,0.415,9.775,0.313,0.269,1.353,0.028,0.000,-0.223,71.843,28.0,4.8682886175e-04,1.2721525046e-02,1.067,cpu01,ok,
15_matrix_check,schur R=14 1x2x7 s1,schur,64,1,1,1,14,1,64,64,64,20,1,2,7,10.838,3.198,2.625,2.671,4.517,0.307,0.311,0.534,0.025,0.000,-0.152,52.922,27.1,4.8682886175e-04,1.2721525046e-02,1.033,cpu01,ok,
15_matrix_check,schur R=14 1x7x2 s1,schur,64,1,1,1,14,1,64,64,64,20,1,7,2,11.146,3.328,2.653,4.434,2.822,0.302,0.673,0.310,0.025,0.000,-0.073,54.422,27.1,4.8682886175e-04,1.2721525046e-02,1.066,cpu01,ok,
15_matrix_check,schur R=14 1x14x1 s1,schur,64,1,1,1,14,1,64,64,64,20,1,14,1,15.103,7.585,2.699,9.789,0.435,0.328,1.451,0.241,0.035,0.000,0.125,73.748,28.0,4.8682886175e-04,1.2721525046e-02,1.142,cpu01,ok,
15_matrix_check,schur R=14 2x1x7 s1,schur,64,1,1,1,14,1,64,64,64,20,2,1,7,9.757,3.481,3.678,0.388,4.245,0.336,0.269,0.663,0.027,0.000,0.151,47.644,27.1,4.8682886175e-04,1.2721525046e-02,1.186,cpu01,ok,
15_matrix_check,schur R=14 2x7x1 s1,schur,64,1,1,1,14,1,64,64,64,20,2,7,1,10.343,3.659,4.079,4.319,0.399,0.413,0.660,0.257,0.029,0.000,0.187,50.503,27.1,4.8682886175e-04,1.2721525046e-02,1.225,cpu01,ok,
15_matrix_check,schur R=14 7x1x2 s1,schur,64,1,1,1,14,1,64,64,64,20,7,1,2,11.812,4.175,6.410,0.511,3.170,0.788,0.271,0.408,0.029,0.000,0.225,57.675,28.0,4.8682886175e-04,1.2721525046e-02,1.688,cpu01,ok,
15_matrix_check,schur R=14 7x2x1 s1,schur,64,1,1,1,14,1,64,64,64,20,7,2,1,11.673,4.085,6.268,3.014,0.581,0.961,0.395,0.264,0.031,0.000,0.159,56.995,27.1,4.8682886175e-04,1.2721525046e-02,1.677,cpu01,ok,
15_matrix_check,schur R=14 14x1x1 s1,schur,64,1,1,1,14,1,64,64,64,20,14,1,1,15.694,8.218,11.902,0.577,0.669,1.746,0.232,0.234,0.045,0.000,0.289,76.632,28.0,4.8682886175e-04,1.2721525046e-02,2.085,cpu01,ok,
15_matrix_check,schur R=28 1x1x28 s1,schur,64,1,1,1,28,1,64,64,64,20,1,1,28,21.505,12.112,2.027,0.288,15.797,0.233,0.198,3.111,0.032,0.000,-0.181,175.010,27.1,4.8682886175e-04,1.2721525046e-02,0.852,cpu01,ok,
15_matrix_check,schur R=28 1x2x14 s1,schur,64,1,1,1,28,1,64,64,64,20,1,2,14,10.328,4.942,1.672,1.622,6.019,0.193,0.193,0.880,0.016,0.000,-0.267,100.863,26.2,4.8682886175e-04,1.2721525046e-02,0.677,cpu01,ok,
15_matrix_check,schur R=28 1x4x7 s1,schur,64,1,1,1,28,1,64,64,64,20,1,4,7,6.985,2.460,1.663,1.897,2.644,0.180,0.220,0.321,0.011,0.000,0.049,68.214,26.2,4.8682886175e-04,1.2721525046e-02,0.673,cpu01,ok,
15_matrix_check,schur R=28 1x7x4 s1,schur,64,1,1,1,28,1,64,64,64,20,1,7,4,7.129,2.607,1.663,2.709,1.918,0.186,0.479,0.230,0.011,0.000,-0.067,69.621,26.2,4.8682886175e-04,1.2721525046e-02,0.672,cpu01,ok,
15_matrix_check,schur R=28 1x14x2 s1,schur,64,1,1,1,28,1,64,64,64,20,1,14,2,10.470,5.021,1.673,5.815,1.677,0.182,1.204,0.200,0.022,0.000,-0.303,102.251,26.2,4.8682886175e-04,1.2721525046e-02,0.708,cpu01,ok,
15_matrix_check,schur R=28 1x28x1 s1,schur,64,1,1,1,28,1,64,64,64,20,1,28,1,22.271,12.613,2.043,16.225,0.340,0.237,3.205,0.180,0.044,0.000,-0.003,181.241,27.1,4.8682886175e-04,1.2721525046e-02,0.951,cpu01,ok,
15_matrix_check,schur R=28 2x1x14 s1,schur,64,1,1,1,28,1,64,64,64,20,2,1,14,10.777,5.949,2.342,0.235,6.845,0.203,0.164,1.028,0.018,0.000,-0.058,105.247,26.2,4.8682886175e-04,1.2721525046e-02,0.754,cpu01,ok,
15_matrix_check,schur R=28 2x2x7 s1,schur,64,1,1,1,28,1,64,64,64,20,2,2,7,7.486,2.330,2.319,1.664,2.719,0.207,0.195,0.383,0.011,0.000,-0.012,73.107,26.2,4.8682886175e-04,1.2721525046e-02,0.754,cpu01,ok,
15_matrix_check,schur R=28 2x7x2 s1,schur,64,1,1,1,28,1,64,64,64,20,2,7,2,7.780,2.903,2.463,2.660,1.763,0.243,0.512,0.201,0.013,0.000,-0.075,75.978,26.2,4.8682886175e-04,1.2721525046e-02,0.768,cpu01,ok,
15_matrix_check,schur R=28 2x14x1 s1,schur,64,1,1,1,28,1,64,64,64,20,2,14,1,11.471,6.701,2.714,7.064,0.232,0.309,1.101,0.145,0.024,0.000,-0.118,112.025,26.2,4.8682886175e-04,1.2721525046e-02,0.790,cpu01,ok,
15_matrix_check,schur R=28 4x1x7 s1,schur,64,1,1,1,28,1,64,64,64,20,4,1,7,7.445,3.160,2.864,0.232,3.214,0.241,0.166,0.530,0.012,0.000,0.186,72.707,26.2,4.8682886175e-04,1.2721525046e-02,0.941,cpu01,ok,
15_matrix_check,schur R=28 4x7x1 s1,schur,64,1,1,1,28,1,64,64,64,20,4,7,1,7.954,3.857,3.324,3.078,0.235,0.360,0.525,0.142,0.013,0.000,0.277,77.676,26.2,4.8682886175e-04,1.2721525046e-02,0.956,cpu01,ok,
15_matrix_check,schur R=28 7x1x4 s1,schur,64,1,1,1,28,1,64,64,64,20,7,1,4,8.006,3.538,3.980,0.316,2.586,0.465,0.165,0.365,0.014,0.000,0.115,78.185,26.2,4.8682886175e-04,1.2721525046e-02,1.077,cpu01,ok,
15_matrix_check,schur R=28 7x2x2 s1,schur,64,1,1,1,28,1,64,64,64,20,7,2,2,8.656,2.989,3.837,1.849,1.915,0.651,0.238,0.242,0.014,0.000,-0.090,84.535,26.2,4.8682886175e-04,1.2721525046e-02,1.063,cpu01,ok,
15_matrix_check,schur R=28 7x4x1 s1,schur,64,1,1,1,28,1,64,64,64,20,7,4,1,8.555,3.943,4.419,2.487,0.327,0.641,0.367,0.142,0.014,0.000,0.158,83.541,26.2,4.8682886175e-04,1.2721525046e-02,1.095,cpu01,ok,
15_matrix_check,schur R=28 14x1x2 s1,schur,64,1,1,1,28,1,64,64,64,20,14,1,2,11.493,5.673,7.189,0.361,2.277,1.366,0.144,0.306,0.025,0.000,-0.175,112.240,26.2,4.8682886175e-04,1.2721525046e-02,1.357,cpu01,ok,
15_matrix_check,schur R=28 14x2x1 s1,schur,64,1,1,1,28,1,64,64,64,20,14,2,1,12.311,6.679,8.011,2.013,0.367,1.487,0.304,0.169,0.025,0.000,-0.065,120.223,26.2,4.8682886175e-04,1.2721525046e-02,1.356,cpu01,ok,
15_matrix_check,schur R=28 28x1x1 s1,schur,64,1,1,1,28,1,64,64,64,20,28,1,1,23.106,12.354,17.586,0.642,0.802,3.550,0.177,0.178,0.061,0.000,0.110,188.039,27.1,4.8682886175e-04,1.2721525046e-02,2.061,cpu01,ok,
15_matrix_check,pipeline R=1 1x1x1 s0,pipeline,64,0,1,1,1,1,64,64,64,20,1,1,1,131.232,0.000,47.271,32.345,35.345,5.891,5.046,5.013,0.318,0.000,0.003,50.061,65.6,4.8682886175e-04,1.2721525046e-02,11.358,cpu01,ok,
15_matrix_check,pipeline R=2 1x1x2 s0,pipeline,64,0,1,1,2,1,64,64,64,20,1,1,2,68.402,2.428,24.731,16.250,19.948,2.991,2.532,2.708,0.163,0.000,-0.921,52.186,46.4,4.8682886175e-04,1.2721525046e-02,6.382,cpu01,ok,
15_matrix_check,pipeline R=2 1x2x1 s0,pipeline,64,0,1,1,2,1,64,64,64,20,1,2,1,67.910,1.595,24.019,17.413,17.606,3.013,2.781,2.521,0.154,0.000,0.403,51.811,46.4,4.8682886175e-04,1.2721525046e-02,5.959,cpu01,ok,
15_matrix_check,pipeline R=2 2x1x1 s0,pipeline,64,0,1,1,2,1,64,64,64,20,2,1,1,69.707,2.162,25.729,16.385,17.948,3.308,2.553,2.532,0.178,0.000,1.074,53.182,46.4,4.8682886175e-04,1.2721525046e-02,6.604,cpu01,ok,
15_matrix_check,pipeline R=4 1x1x4 s0,pipeline,64,0,1,1,4,1,64,64,64,20,1,1,4,37.378,2.754,12.649,8.603,11.067,1.587,1.343,1.612,0.070,0.000,0.447,57.034,35.0,4.8682886175e-04,1.2721525046e-02,3.189,cpu01,ok,
15_matrix_check,pipeline R=4 1x2x2 s0,pipeline,64,0,1,1,4,1,64,64,64,20,1,2,2,36.764,1.936,12.610,9.226,10.149,1.581,1.501,1.445,0.074,0.000,0.178,56.098,35.9,4.8682886175e-04,1.2721525046e-02,3.169,cpu01,ok,
15_matrix_check,pipeline R=4 1x4x1 s0,pipeline,64,0,1,1,4,1,64,64,64,20,1,4,1,37.852,3.484,12.782,10.840,9.324,1.595,1.629,1.334,0.079,0.000,0.269,57.757,35.9,4.8682886175e-04,1.2721525046e-02,3.250,cpu01,ok,
15_matrix_check,pipeline R=4 2x1x2 s0,pipeline,64,0,1,1,4,1,64,64,64,20,2,1,2,37.507,2.337,13.597,8.597,10.124,1.745,1.350,1.465,0.074,0.000,0.555,57.231,35.9,4.8682886175e-04,1.2721525046e-02,3.577,cpu01,ok,
15_matrix_check,pipeline R=4 2x2x1 s0,pipeline,64,0,1,1,4,1,64,64,64,20,2,2,1,37.649,2.244,13.610,9.181,9.275,1.734,1.489,1.330,0.077,0.000,0.953,57.448,35.0,4.8682886175e-04,1.2721525046e-02,3.608,cpu01,ok,
15_matrix_check,pipeline R=4 4x1x1 s0,pipeline,64,0,1,1,4,1,64,64,64,20,4,1,1,39.487,4.147,15.596,8.651,9.375,1.917,1.342,1.327,0.081,0.000,1.198,60.252,35.9,4.8682886175e-04,1.2721525046e-02,4.991,cpu01,ok,
15_matrix_check,pipeline R=7 1x1x7 s0,pipeline,64,0,1,1,7,1,64,64,64,20,1,1,7,23.927,4.313,7.697,5.448,8.193,1.019,0.853,1.271,0.046,0.000,-0.600,58.415,31.5,4.8682886175e-04,1.2721525046e-02,1.945,cpu01,ok,
15_matrix_check,pipeline R=7 1x7x1 s0,pipeline,64,0,1,1,7,1,64,64,64,20,1,7,1,25.317,4.944,8.074,8.177,5.946,1.045,1.815,0.847,0.052,0.000,-0.639,61.808,30.6,4.8682886175e-04,1.2721525046e-02,2.070,cpu01,ok,
15_matrix_check,pipeline R=7 7x1x1 s0,pipeline,64,0,1,1,7,1,64,64,64,20,7,1,1,26.681,5.581,10.630,5.633,6.154,2.588,0.871,0.857,0.054,0.000,-0.106,65.140,31.5,4.8682886175e-04,1.2721525046e-02,3.005,cpu01,ok,
15_matrix_check,pipeline R=8 1x1x8 s0,pipeline,64,0,1,1,8,1,64,64,64,20,1,1,8,20.212,2.626,6.596,4.386,6.356,0.831,0.686,1.001,0.044,0.000,0.312,61.683,30.6,4.8682886175e-04,1.2721525046e-02,1.782,cpu01,ok,
15_matrix_check,pipeline R=8 1x2x4 s0,pipeline,64,0,1,1,8,1,64,64,64,20,1,2,4,19.939,2.400,6.585,4.830,5.740,0.842,0.812,0.860,0.044,0.000,0.226,60.850,29.8,4.8682886175e-04,1.2721525046e-02,1.753,cpu01,ok,
15_matrix_check,pipeline R=8 1x4x2 s0,pipeline,64,0,1,1,8,1,64,64,64,20,1,4,2,20.606,2.976,6.669,5.842,5.300,0.857,0.912,0.797,0.045,0.000,0.184,62.884,30.6,4.8682886175e-04,1.2721525046e-02,1.758,cpu01,ok,
15_matrix_check,pipeline R=8 1x8x1 s0,pipeline,64,0,1,1,8,1,64,64,64,20,1,8,1,21.292,2.933,6.800,6.526,4.806,0.852,1.015,0.679,0.058,0.000,0.556,64.979,30.6,4.8682886175e-04,1.2721525046e-02,1.888,cpu01,ok,
15_matrix_check,pipeline R=8 2x1x4 s0,pipeline,64,0,1,1,8,1,64,64,64,20,2,1,4,20.337,2.337,7.283,4.416,5.734,0.934,0.698,0.866,0.044,0.000,0.362,62.063,30.6,4.8682886175e-04,1.2721525046e-02,1.943,cpu01,ok,
15_matrix_check,pipeline R=8 2x2x2 s0,pipeline,64,0,1,1,8,1,64,64,64,20,2,2,2,20.282,1.987,7.154,4.827,5.221,0.935,0.800,0.773,0.046,0.000,0.526,61.895,30.6,4.8682886175e-04,1.2721525046e-02,1.936,cpu01,ok,
15_matrix_check,pipeline R=8 2x4x1 s0,pipeline,64,0,1,1,8,1,64,64,64,20,2,4,1,20.581,2.669,7.206,5.602,4.791,0.949,0.899,0.684,0.051,0.000,0.399,62.808,29.8,4.8682886175e-04,1.2721525046e-02,1.971,cpu01,ok,
15_matrix_check,pipeline R=8 4x1x2 s0,pipeline,64,0,1,1,8,1,64,64,64,20,4,1,2,21.372,3.205,8.287,4.515,5.795,1.034,0.691,0.769,0.050,0.000,0.231,65.222,30.6,4.8682886175e-04,1.2721525046e-02,2.398,cpu01,ok,
15_matrix_check,pipeline R=8 4x2x1 s0,pipeline,64,0,1,1,8,1,64,64,64,20,4,2,1,21.242,3.128,8.057,4.899,4.814,1.040,0.802,0.681,0.052,0.000,0.897,64.825,30.6,4.8682886175e-04,1.2721525046e-02,2.302,cpu01,ok,
15_matrix_check,pipeline R=8 8x1x1 s0,pipeline,64,0,1,1,8,1,64,64,64,20,8,1,1,22.877,3.877,9.697,4.543,4.928,1.271,0.688,0.683,0.062,0.000,1.005,69.815,30.6,4.8682886175e-04,1.2721525046e-02,2.813,cpu01,ok,
15_matrix_check,pipeline R=14 1x1x14 s0,pipeline,64,0,1,1,14,1,64,64,64,20,1,1,14,14.072,4.767,4.127,2.748,6.012,0.551,0.467,0.969,0.032,0.000,-0.834,68.709,28.9,4.8682886175e-04,1.2721525046e-02,1.041,cpu01,ok,
15_matrix_check,pipeline R=14 1x2x7 s0,pipeline,64,0,1,1,14,1,64,64,64,20,1,2,7,13.344,3.175,4.169,3.199,4.437,0.550,0.561,0.704,0.025,0.000,-0.301,65.155,28.0,4.8682886175e-04,1.2721525046e-02,1.064,cpu01,ok,
15_matrix_check,pipeline R=14 1x7x2 s0,pipeline,64,0,1,1,14,1,64,64,64,20,1,7,2,13.707,3.516,4.353,4.536,3.233,0.556,1.090,0.498,0.027,0.000,-0.586,66.926,28.0,4.8682886175e-04,1.2721525046e-02,1.124,cpu01,ok,
15_matrix_check,pipeline R=14 1x14x1 s0,pipeline,64,0,1,1,14,1,64,64,64,20,1,14,1,15.243,5.740,4.445,6.083,2.971,0.574,1.670,0.429,0.037,0.000,-0.966,74.428,28.9,4.8682886175e-04,1.2721525046e-02,1.174,cpu01,ok,
15_matrix_check,pipeline R=14 2x1x7 s0,pipeline,64,0,1,1,14,1,64,64,64,20,2,1,7,13.404,3.152,4.479,2.766,4.394,0.640,0.460,0.688,0.028,0.000,-0.051,65.450,28.0,4.8682886175e-04,1.2721525046e-02,1.164,cpu01,ok,
15_matrix_check,pipeline R=14 2x7x1 s0,pipeline,64,0,1,1,14,1,64,64,64,20,2,7,1,13.844,3.603,4.766,4.584,2.852,0.640,0.969,0.425,0.030,0.000,-0.422,67.597,28.0,4.8682886175e-04,1.2721525046e-02,1.233,cpu01,ok,
15_matrix_check,pipeline R=14 7x1x2 s0,pipeline,64,0,1,1,14,1,64,64,64,20,7,1,2,14.607,3.759,5.827,2.792,3.566,1.322,0.442,0.501,0.030,0.000,0.127,71.322,28.0,4.8682886175e-04,1.2721525046e-02,1.653,cpu01,ok,
15_matrix_check,pipeline R=14 7x2x1 s0,pipeline,64,0,1,1,14,1,64,64,64,20,7,2,1,14.390,3.696,5.954,3.332,2.862,1.267,0.581,0.427,0.033,0.000,-0.066,70.262,28.9,4.8682886175e-04,1.2721525046e-02,1.663,cpu01,ok,
15_matrix_check,pipeline R=14 14x1x1 s0,pipeline,64,0,1,1,14,1,64,64,64,20,14,1,1,16.072,5.392,7.171,3.108,2.933,2.041,0.440,0.430,0.051,0.000,-0.102,78.478,28.9,4.8682886175e-04,1.2721525046e-02,1.890,cpu01,ok,
15_matrix_check,pipeline R=28 1x1x28 s0,pipeline,64,0,1,1,28,1,64,64,64,20,1,1,28,12.593,6.035,3.235,2.148,6.335,0.422,0.391,1.116,0.031,0.000,-1.085,102.485,27.1,4.8682886175e-04,1.2721525046e-02,0.932,cpu01,ok,
15_matrix_check,pipeline R=28 1x2x14 s0,pipeline,64,0,1,1,28,1,64,64,64,20,1,2,14,9.801,3.714,2.732,1.981,3.905,0.351,0.394,0.733,0.015,0.000,-0.310,95.710,26.2,4.8682886175e-04,1.2721525046e-02,0.717,cpu01,ok,
15_matrix_check,pipeline R=28 1x4x7 s0,pipeline,64,0,1,1,28,1,64,64,64,20,1,4,7,9.249,2.663,2.652,2.377,2.848,0.353,0.452,0.504,0.014,0.000,0.049,90.324,26.2,4.8682886175e-04,1.2721525046e-02,0.736,cpu01,ok,
15_matrix_check,pipeline R=28 1x7x4 s0,pipeline,64,0,1,1,28,1,64,64,64,20,1,7,4,9.340,2.745,2.732,2.827,2.242,0.359,0.750,0.396,0.015,0.000,0.019,91.213,26.2,4.8682886175e-04,1.2721525046e-02,0.751,cpu01,ok,
15_matrix_check,pipeline R=28 1x14x2 s0,pipeline,64,0,1,1,28,1,64,64,64,20,1,14,2,10.012,3.900,2.700,3.841,2.082,0.351,1.093,0.339,0.025,0.000,-0.419,97.771,27.1,4.8682886175e-04,1.2721525046e-02,0.770,cpu01,ok,
15_matrix_check,pipeline R=28 1x28x1 s0,pipeline,64,0,1,1,28,1,64,64,64,20,1,28,1,13.413,6.883,3.278,6.396,2.191,0.414,1.815,0.318,0.038,0.000,-1.037,109.154,27.1,4.8682886175e-04,1.2721525046e-02,0.969,cpu01,ok,
15_matrix_check,pipeline R=28 2x1x14 s0,pipeline,64,0,1,1,28,1,64,64,64,20,2,1,14,10.079,3.910,3.017,1.841,3.903,0.436,0.347,0.741,0.019,0.000,-0.225,98.426,27.1,4.8682886175e-04,1.2721525046e-02,0.791,cpu01,ok,
15_matrix_check,pipeline R=28 2x2x7 s0,pipeline,64,0,1,1,28,1,64,64,64,20,2,2,7,9.176,2.711,2.936,1.902,2.557,0.410,0.390,0.480,0.015,0.000,0.486,89.606,26.2,4.8682886175e-04,1.2721525046e-02,0.812,cpu01,ok,
15_matrix_check,pipeline R=28 2x7x2 s0,pipeline,64,0,1,1,28,1,64,64,64,20,2,7,2,9.531,2.949,3.040,2.860,2.071,0.420,0.617,0.336,0.017,0.000,0.170,93.079,26.2,4.8682886175e-04,1.2721525046e-02,0.824,cpu01,ok,
15_matrix_check,pipeline R=28 2x14x1 s0,pipeline,64,0,1,1,28,1,64,64,64,20,2,14,1,10.123,4.019,2.988,3.780,1.786,0.419,1.086,0.279,0.025,0.000,-0.240,98.860,27.1,4.8682886175e-04,1.2721525046e-02,0.864,cpu01,ok,
15_matrix_check,pipeline R=28 4x1x7 s0,pipeline,64,0,1,1,28,1,64,64,64,20,4,1,7,9.815,3.131,3.607,1.807,2.822,0.501,0.343,0.502,0.018,0.000,0.215,95.851,26.2,4.8682886175e-04,1.2721525046e-02,0.997,cpu01,ok,
15_matrix_check,pipeline R=28 4x7x1 s0,pipeline,64,0,1,1,28,1,64,64,64,20,4,7,1,9.790,3.175,3.494,2.962,1.776,0.486,0.664,0.278,0.022,0.000,0.108,95.608,27.1,4.8682886175e-04,1.2721525046e-02,0.969,cpu01,ok,
15_matrix_check,pipeline R=28 7x1x4 s0,pipeline,64,0,1,1,28,1,64,64,64,20,7,1,4,10.004,3.005,4.170,1.783,2.454,0.868,0.321,0.392,0.016,0.000,0.000,97.699,26.2,4.8682886175e-04,1.2721525046e-02,1.181,cpu01,ok,
15_matrix_check,pipeline R=28 7x2x2 s0,pipeline,64,0,1,1,28,1,64,64,64,20,7,2,2,9.746,3.095,3.939,2.005,2.001,0.632,0.397,0.334,0.017,0.000,0.421,95.176,26.2,4.8682886175e-04,1.2721525046e-02,1.060,cpu01,ok,
15_matrix_check,pipeline R=28 7x4x1 s0,pipeline,64,0,1,1,28,1,64,64,64,20,7,4,1,9.889,3.180,3.854,2.370,1.784,0.900,0.460,0.281,0.018,0.000,0.222,96.570,26.2,4.8682886175e-04,1.2721525046e-02,1.088,cpu01,ok,
15_matrix_check,pipeline R=28 14x1x2 s0,pipeline,64,0,1,1,28,1,64,64,64,20,14,1,2,11.111,4.418,5.201,1.862,2.353,1.351,0.292,0.340,0.029,0.000,-0.317,108.509,27.1,4.8682886175e-04,1.2721525046e-02,1.500,cpu01,ok,
15_matrix_check,pipeline R=28 14x2x1 s0,pipeline,64,0,1,1,28,1,64,64,64,20,14,2,1,10.961,4.310,4.996,2.062,1.833,1.452,0.347,0.287,0.031,0.000,-0.047,107.045,27.1,4.8682886175e-04,1.2721525046e-02,1.360,cpu01,ok,
15_matrix_check,pipeline R=28 28x1x1 s0,pipeline,64,0,1,1,28,1,64,64,64,20,28,1,1,14.703,6.857,7.580,2.628,2.150,2.287,0.325,0.318,0.054,0.000,-0.639,119.651,28.0,4.8682886175e-04,1.2721525046e-02,2.020,cpu01,ok,
15_matrix_check,pipeline R=1 1x1x1 s1,pipeline,64,1,1,1,1,1,64,64,64,20,1,1,1,89.605,0.000,47.782,12.116,13.378,5.840,5.082,5.090,0.313,0.000,0.004,34.182,66.5,4.8682886175e-04,1.2721525046e-02,10.081,cpu01,ok,
15_matrix_check,pipeline R=2 1x1x2 s1,pipeline,64,1,1,1,2,1,64,64,64,20,1,1,2,46.869,1.661,24.002,6.069,8.194,2.981,2.541,2.747,0.166,0.000,0.169,35.758,45.5,4.8682886175e-04,1.2721525046e-02,5.244,cpu01,ok,
15_matrix_check,pipeline R=2 1x2x1 s1,pipeline,64,1,1,1,2,1,64,64,64,20,1,2,1,47.345,1.744,24.127,7.641,6.899,3.002,2.733,2.547,0.172,0.000,0.224,36.121,45.5,4.8682886175e-04,1.2721525046e-02,5.293,cpu01,ok,
15_matrix_check,pipeline R=2 2x1x1 s1,pipeline,64,1,1,1,2,1,64,64,64,20,2,1,1,49.240,3.096,25.826,6.336,7.207,3.320,2.588,2.569,0.176,0.000,1.218,37.567,45.5,4.8682886175e-04,1.2721525046e-02,6.061,cpu01,ok,
15_matrix_check,pipeline R=4 1x1x4 s1,pipeline,64,1,1,1,4,1,64,64,64,20,1,1,4,26.159,2.564,12.876,3.219,5.345,1.584,1.338,1.603,0.085,0.000,0.109,39.915,35.9,4.8682886175e-04,1.2721525046e-02,2.911,cpu01,ok,
15_matrix_check,pipeline R=4 1x2x2 s1,pipeline,64,1,1,1,4,1,64,64,64,20,1,2,2,25.986,2.010,12.956,4.096,4.429,1.594,1.467,1.463,0.087,0.000,-0.106,39.652,35.0,4.8682886175e-04,1.2721525046e-02,2.989,cpu01,ok,
15_matrix_check,pipeline R=4 1x4x1 s1,pipeline,64,1,1,1,4,1,64,64,64,20,1,4,1,27.028,3.150,13.059,4.919,3.596,1.610,1.628,1.348,0.092,0.000,0.776,41.241,35.9,4.8682886175e-04,1.2721525046e-02,3.037,cpu01,ok,
15_matrix_check,pipeline R=4 2x1x2 s1,pipeline,64,1,1,1,4,1,64,64,64,20,2,1,2,26.835,2.420,14.043,3.223,4.649,1.735,1.341,1.463,0.090,0.000,0.291,40.947,35.9,4.8682886175e-04,1.2721525046e-02,3.577,cpu01,ok,
15_matrix_check,pipeline R=4 2x2x1 s1,pipeline,64,1,1,1,4,1,64,64,64,20,2,2,1,26.762,2.146,13.858,3.949,3.635,1.759,1.467,1.351,0.092,0.000,0.651,40.835,35.0,4.8682886175e-04,1.2721525046e-02,3.362,cpu01,ok,
15_matrix_check,pipeline R=4 4x1x1 s1,pipeline,64,1,1,1,4,1,64,64,64,20,4,1,1,28.375,3.967,15.367,3.301,3.731,1.929,1.335,1.341,0.097,0.000,1.274,43.296,35.0,4.8682886175e-04,1.2721525046e-02,4.136,cpu01,ok,
15_matrix_check,pipeline R=7 1x1x7 s1,pipeline,64,1,1,1,7,1,64,64,64,20,1,1,7,17.695,3.927,7.980,2.027,4.698,1.040,0.865,1.302,0.057,0.000,-0.274,43.201,31.5,4.8682886175e-04,1.2721525046e-02,1.819,cpu01,ok,
15_matrix_check,pipeline R=7 1x7x1 s1,pipeline,64,1,1,1,7,1,64,64,64,20,1,7,1,18.844,4.454,8.270,4.869,2.331,1.054,1.488,0.871,0.061,0.000,-0.100,46.006,31.5,4.8682886175e-04,1.2721525046e-02,1.968,cpu01,ok,
15_matrix_check,pipeline R=7 7x1x1 s1,pipeline,64,1,1,1,7,1,64,64,64,20,7,1,1,21.196,4.169,10.713,2.983,3.364,1.315,0.859,0.861,0.069,0.000,1.032,51.748,31.5,4.8682886175e-04,1.2721525046e-02,2.808,cpu01,ok,
15_matrix_check,pipeline R=8 1x1x8 s1,pipeline,64,1,1,1,8,1,64,64,64,20,1,1,8,14.944,2.799,6.774,1.642,3.582,0.834,0.689,1.009,0.043,0.000,0.371,45.605,30.6,4.8682886175e-04,1.2721525046e-02,1.658,cpu01,ok,
15_matrix_check,pipeline R=8 1x2x4 s1,pipeline,64,1,1,1,8,1,64,64,64,20,1,2,4,14.188,2.039,6.694,2.071,2.635,0.842,0.779,0.858,0.043,0.000,0.266,43.298,28.9,4.8682886175e-04,1.2721525046e-02,1.580,cpu01,ok,
15_matrix_check,pipeline R=8 1x4x2 s1,pipeline,64,1,1,1,8,1,64,64,64,20,1,4,2,14.395,2.143,6.758,2.619,2.143,0.851,0.899,0.810,0.044,0.000,0.271,43.931,30.6,4.8682886175e-04,1.2721525046e-02,1.620,cpu01,ok,
15_matrix_check,pipeline R=8 1x8x1 s1,pipeline,64,1,1,1,8,1,64,64,64,20,1,8,1,15.853,3.056,7.010,3.780,1.845,0.856,1.007,0.694,0.049,0.000,0.612,48.380,30.6,4.8682886175e-04,1.2721525046e-02,1.801,cpu01,ok,
15_matrix_check,pipeline R=8 2x1x4 s1,pipeline,64,1,1,1,8,1,64,64,64,20,2,1,4,14.626,2.281,7.399,1.653,2.709,0.934,0.694,0.869,0.041,0.000,0.327,44.635,30.6,4.8682886175e-04,1.2721525046e-02,1.805,cpu01,ok,
15_matrix_check,pipeline R=8 2x2x2 s1,pipeline,64,1,1,1,8,1,64,64,64,20,2,2,2,14.545,1.944,7.309,2.121,2.403,0.939,0.777,0.776,0.042,0.000,0.178,44.386,29.8,4.8682886175e-04,1.2721525046e-02,1.801,cpu01,ok,
15_matrix_check,pipeline R=8 2x4x1 s1,pipeline,64,1,1,1,8,1,64,64,64,20,2,4,1,14.876,2.379,7.377,2.617,1.879,0.945,0.868,0.693,0.047,0.000,0.450,45.396,30.6,4.8682886175e-04,1.2721525046e-02,1.881,cpu01,ok,
15_matrix_check,pipeline R=8 4x1x2 s1,pipeline,64,1,1,1,8,1,64,64,64,20,4,1,2,15.558,2.838,8.195,1.682,2.519,1.031,0.687,0.773,0.050,0.000,0.621,47.478,30.6,4.8682886175e-04,1.2721525046e-02,2.235,cpu01,ok,
15_matrix_check,pipeline R=8 4x2x1 s1,pipeline,64,1,1,1,8,1,64,64,64,20,4,2,1,15.512,2.770,8.136,2.155,1.895,1.045,0.779,0.692,0.053,0.000,0.757,47.340,29.8,4.8682886175e-04,1.2721525046e-02,2.222,cpu01,ok,
15_matrix_check,pipeline R=8 8x1x1 s1,pipeline,64,1,1,1,8,1,64,64,64,20,8,1,1,17.616,4.038,9.975,1.808,2.178,1.199,0.693,0.693,0.063,0.000,1.007,53.760,30.6,4.8682886175e-04,1.2721525046e-02,2.796,cpu01,ok,
15_matrix_check,pipeline R=14 1x1x14 s1,pipeline,64,1,1,1,14,1,64,64,64,20,1,1,14,11.114,4.347,4.380,1.011,4.071,0.559,0.474,0.947,0.029,0.000,-0.357,54.268,28.9,4.8682886175e-04,1.2721525046e-02,1.074,cpu01,ok,
15_matrix_check,pipeline R=14 1x2x7 s1,pipeline,64,1,1,1,14,1,64,64,64,20,1,2,7,9.800,2.340,4.242,1.236,2.307,0.552,0.538,0.676,0.025,0.000,0.224,47.853,28.0,4.8682886175e-04,1.2721525046e-02,1.042,cpu01,ok,
15_matrix_check,pipeline R=14 1x7x2 s1,pipeline,64,1,1,1,14,1,64,64,64,20,1,7,2,10.351,2.798,4.399,2.464,1.346,0.596,0.870,0.521,0.027,0.000,0.128,50.541,28.9,4.8682886175e-04,1.2721525046e-02,1.107,cpu01,ok,
15_matrix_check,pipeline R=14 1x14x1 s1,pipeline,64,1,1,1,14,1,64,64,64,20,1,14,1,12.048,4.818,4.511,4.174,1.152,0.577,1.211,0.438,0.040,0.000,-0.055,58.829,28.0,4.8682886175e-04,1.2721525046e-02,1.195,cpu01,ok,
15_matrix_check,pipeline R=14 2x1x7 s1,pipeline,64,1,1,1,14,1,64,64,64,20,2,1,7,10.151,2.791,4.787,1.010,2.452,0.654,0.462,0.711,0.027,0.000,0.048,49.567,28.0,4.8682886175e-04,1.2721525046e-02,1.180,cpu01,ok,
15_matrix_check,pipeline R=14 2x7x1 s1,pipeline,64,1,1,1,14,1,64,64,64,20,2,7,1,10.587,2.943,4.855,2.482,1.095,0.653,0.748,0.433,0.031,0.000,0.290,51.697,28.0,4.8682886175e-04,1.2721525046e-02,1.242,cpu01,ok,
15_matrix_check,pipeline R=14 7x1x2 s1,pipeline,64,1,1,1,14,1,64,64,64,20,7,1,2,12.064,3.145,6.187,1.515,2.217,0.781,0.437,0.504,0.037,0.000,0.386,58.905,28.0,4.8682886175e-04,1.2721525046e-02,1.608,cpu01,ok,
15_matrix_check,pipeline R=14 7x2x1 s1,pipeline,64,1,1,1,14,1,64,64,64,20,7,2,1,11.885,3.045,6.123,1.771,1.560,0.804,0.506,0.429,0.040,0.000,0.652,58.031,28.0,4.8682886175e-04,1.2721525046e-02,1.667,cpu01,ok,
15_matrix_check,pipeline R=14 14x1x1 s1,pipeline,64,1,1,1,14,1,64,64,64,20,14,1,1,14.274,6.697,7.164,2.194,2.129,3.213,0.437,0.434,0.057,0.000,-1.354,69.697,28.9,4.8682886175e-04,1.2721525046e-02,1.931,cpu01,ok,
15_matrix_check,pipeline R=28 1x1x28 s1,pipeline,64,1,1,1,28,1,64,64,64,20,1,1,28,10.185,5.416,3.243,0.768,4.785,0.428,0.400,1.063,0.031,0.000,-0.533,82.890,27.1,4.8682886175e-04,1.2721525046e-02,0.917,cpu01,ok,
15_matrix_check,pipeline R=28 1x2x14 s1,pipeline,64,1,1,1,28,1,64,64,64,20,1,2,14,7.793,3.120,2.856,0.845,2.639,0.384,0.432,0.721,0.021,0.000,-0.105,76.106,27.1,4.8682886175e-04,1.2721525046e-02,0.705,cpu01,ok,
15_matrix_check,pipeline R=28 1x4x7 s1,pipeline,64,1,1,1,28,1,64,64,64,20,1,4,7,7.280,2.401,3.040,1.189,1.649,0.367,0.485,0.505,0.017,0.000,0.028,71.098,26.2,4.8682886175e-04,1.2721525046e-02,0.700,cpu01,ok,
15_matrix_check,pipeline R=28 1x7x4 s1,pipeline,64,1,1,1,28,1,64,64,64,20,1,7,4,7.193,2.336,2.835,1.569,1.013,0.367,0.607,0.436,0.020,0.000,0.346,70.249,26.2,4.8682886175e-04,1.2721525046e-02,0.718,cpu01,ok,
15_matrix_check,pipeline R=28 1x14x2 s1,pipeline,64,1,1,1,28,1,64,64,64,20,1,14,2,7.976,3.399,2.876,2.673,0.938,0.383,0.836,0.371,0.023,0.000,-0.124,77.886,27.1,4.8682886175e-04,1.2721525046e-02,0.776,cpu01,ok,
15_matrix_check,pipeline R=28 1x28x1 s1,pipeline,64,1,1,1,28,1,64,64,64,20,1,28,1,11.428,6.321,3.512,5.221,0.945,0.467,1.444,0.385,0.033,0.000,-0.579,92.999,27.1,4.8682886175e-04,1.2721525046e-02,1.063,cpu01,ok,
15_matrix_check,pipeline R=28 2x1x14 s1,pipeline,64,1,1,1,28,1,64,64,64,20,2,1,14,7.786,3.445,3.123,0.684,2.641,0.432,0.344,0.710,0.018,0.000,-0.166,76.036,27.1,4.8682886175e-04,1.2721525046e-02,0.788,cpu01,ok,
15_matrix_check,pipeline R=28 2x2x7 s1,pipeline,64,1,1,1,28,1,64,64,64,20,2,2,7,7.336,2.518,3.141,0.866,1.446,0.448,0.421,0.512,0.016,0.000,0.486,71.638,26.2,4.8682886175e-04,1.2721525046e-02,0.792,cpu01,ok,
15_matrix_check,pipeline R=28 2x7x2 s1,pipeline,64,1,1,1,28,1,64,64,64,20,2,7,2,7.475,2.486,3.233,1.522,0.842,0.456,0.546,0.385,0.019,0.000,0.472,72.997,26.2,4.8682886175e-04,1.2721525046e-02,0.849,cpu01,ok,
15_matrix_check,pipeline R=28 2x14x1 s1,pipeline,64,1,1,1,28,1,64,64,64,20,2,14,1,8.500,3.851,3.304,2.671,0.770,0.471,0.964,0.317,0.026,0.000,-0.023,83.006,27.1,4.8682886175e-04,1.2721525046e-02,0.874,cpu01,ok,
15_matrix_check,pipeline R=28 4x1x7 s1,pipeline,64,1,1,1,28,1,64,64,64,20,4,1,7,7.792,2.711,3.744,0.696,1.552,0.514,0.355,0.497,0.022,0.000,0.412,76.091,27.1,4.8682886175e-04,1.2721525046e-02,0.992,cpu01,ok,
15_matrix_check,pipeline R=28 4x7x1 s1,pipeline,64,1,1,1,28,1,64,64,64,20,4,7,1,8.056,2.949,3.686,1.638,0.718,0.541,0.582,0.320,0.026,0.000,0.545,78.673,27.1,4.8682886175e-04,1.2721525046e-02,1.052,cpu01,ok,
15_matrix_check,pipeline R=28 7x1x4 s1,pipeline,64,1,1,1,28,1,64,64,64,20,7,1,4,8.486,2.784,4.244,0.988,1.642,0.532,0.330,0.423,0.021,0.000,0.306,82.869,27.1,4.8682886175e-04,1.2721525046e-02,1.079,cpu01,ok,
15_matrix_check,pipeline R=28 7x2x2 s1,pipeline,64,1,1,1,28,1,64,64,64,20,7,2,2,8.378,2.907,4.195,1.301,1.374,0.536,0.386,0.355,0.017,0.000,0.214,81.816,26.2,4.8682886175e-04,1.2721525046e-02,1.180,cpu01,ok,
15_matrix_check,pipeline R=28 7x4x1 s1,pipeline,64,1,1,1,28,1,64,64,64,20,7,4,1,8.424,2.685,4.152,1.399,0.985,0.548,0.452,0.321,0.024,0.000,0.543,82.270,26.2,4.8682886175e-04,1.2721525046e-02,1.080,cpu01,ok,
15_matrix_check,pipeline R=28 14x1x2 s1,pipeline,64,1,1,1,28,1,64,64,64,20,14,1,2,9.847,5.101,4.941,1.405,1.782,2.209,0.291,0.364,0.027,0.000,-1.172,96.165,27.1,4.8682886175e-04,1.2721525046e-02,1.368,cpu01,ok,
15_matrix_check,pipeline R=28 14x2x1 s1,pipeline,64,1,1,1,28,1,64,64,64,20,14,2,1,9.873,5.097,4.859,1.672,1.370,2.307,0.350,0.306,0.029,0.000,-1.020,96.415,27.1,4.8682886175e-04,1.2721525046e-02,1.364,cpu01,ok,
15_matrix_check,pipeline R=28 28x1x1 s1,pipeline,64,1,1,1,28,1,64,64,64,20,28,1,1,14.558,6.820,7.600,2.220,2.136,2.080,0.343,0.344,0.058,0.000,-0.223,118.470,28.0,4.8682886175e-04,1.2721525046e-02,2.036,cpu01,ok,
15_matrix_check,schur R=1 T=1 s0,schur,64,0,1,1,1,1,64,64,64,20,1,1,1,72.979,0.000,29.029,16.541,17.845,3.189,2.898,3.209,0.264,0.000,0.004,27.839,54.2,4.8682886175e-04,1.2721525046e-02,11.160,cpu01,ok,
15_matrix_check,schur R=4 T=1 s0,schur,64,0,1,1,4,1,64,64,64,20,2,2,1,26.300,2.884,11.025,7.491,4.794,1.034,0.947,0.767,0.074,0.000,0.168,40.131,32.4,4.8682886175e-04,1.2721525046e-02,3.592,cpu01,ok,
15_matrix_check,schur R=8 T=1 s0,schur,64,0,1,1,8,1,64,64,64,20,2,2,2,15.270,1.902,5.757,3.800,3.988,0.521,0.490,0.453,0.035,0.000,0.226,46.599,28.9,4.8682886175e-04,1.2721525046e-02,1.921,cpu01,ok,
15_matrix_check,schur R=1 T=2 s0,schur,64,0,1,1,1,2,64,64,64,20,1,1,1,36.655,0.000,14.559,8.308,8.989,1.640,1.449,1.576,0.130,0.000,0.004,13.983,53.4,4.8682886175e-04,1.2721525046e-02,5.553,cpu01,ok,
15_matrix_check,schur R=4 T=2 s0,schur,64,0,1,1,4,2,64,64,64,20,2,2,1,22.622,2.955,8.570,7.734,2.621,1.135,1.286,0.486,0.045,0.000,0.745,34.518,32.4,4.8682886175e-04,1.2721525046e-02,1.963,cpu01,ok,
15_matrix_check,schur R=8 T=2 s0,schur,64,0,1,1,8,2,64,64,64,20,2,2,2,14.394,2.300,4.395,4.009,3.640,0.598,0.693,0.535,0.023,0.000,0.501,43.927,28.0,4.8682886175e-04,1.2721525046e-02,1.046,cpu01,ok,
15_matrix_check,schur R=1 T=7 s0,schur,64,0,1,1,1,7,64,64,64,20,1,1,1,12.508,0.000,4.876,2.791,3.073,0.593,0.489,0.620,0.061,0.000,0.005,4.771,54.2,4.8682886175e-04,1.2721525046e-02,1.968,cpu01,ok,
15_matrix_check,schur R=4 T=7 s0,schur,64,0,1,1,4,7,64,64,64,20,2,2,1,20.287,2.732,7.061,8.411,0.957,1.266,1.572,0.174,0.019,0.000,0.827,30.955,30.6,4.8682886175e-04,1.2721525046e-02,0.753,cpu01,ok,
15_matrix_check,schur R=8 T=7 s0,schur,64,0,1,1,8,7,64,64,64,20,2,2,2,16.111,2.188,4.282,4.857,3.902,0.800,0.955,0.704,0.011,0.000,0.600,49.168,24.5,4.8682886175e-04,1.2721525046e-02,0.489,cpu01,ok,
15_matrix_check,schur R=1 T=8 s0,schur,64,0,1,1,1,8,64,64,64,20,1,1,1,12.926,0.000,4.580,2.511,4.070,0.575,0.414,0.695,0.077,0.000,0.004,4.931,51.6,4.8682886175e-04,1.2721525046e-02,1.903,cpu01,ok,
15_matrix_check,schur R=4 T=8 s0,schur,64,0,1,1,4,8,64,64,64,20,2,2,1,20.182,2.835,7.036,8.263,0.809,1.282,1.562,0.144,0.017,0.000,1.069,30.795,30.6,4.8682886175e-04,1.2721525046e-02,0.737,cpu01,ok,
15_matrix_check,schur R=8 T=8 s0,schur,64,0,1,1,8,8,64,64,64,20,2,2,2,15.557,2.515,4.624,4.505,3.770,0.733,0.806,0.648,0.011,0.000,0.460,47.477,25.4,4.8682886175e-04,1.2721525046e-02,0.658,cpu01,ok,
15_matrix_check,schur R=1 T=1 s1,schur,64,1,1,1,1,1,64,64,64,20,1,1,1,47.016,0.000,28.873,4.347,4.288,3.144,2.956,3.152,0.251,0.000,0.005,17.935,55.1,4.8682886175e-04,1.2721525046e-02,10.142,cpu01,ok,
15_matrix_check,schur R=4 T=1 s1,schur,64,1,1,1,4,1,64,64,64,20,2,2,1,23.158,2.418,11.002,7.705,1.213,0.971,0.914,0.812,0.067,0.000,0.474,35.336,32.4,4.8682886175e-04,1.2721525046e-02,3.374,cpu01,ok,
15_matrix_check,schur R=8 T=1 s1,schur,64,1,1,1,8,1,64,64,64,20,2,2,2,15.626,2.006,5.751,4.084,4.088,0.500,0.468,0.468,0.030,0.000,0.237,47.688,28.9,4.8682886175e-04,1.2721525046e-02,1.801,cpu01,ok,
15_matrix_check,schur R=1 T=2 s1,schur,64,1,1,1,1,2,64,64,64,20,1,1,1,24.029,0.000,14.711,2.286,2.256,1.611,1.452,1.577,0.132,0.000,0.004,9.166,53.4,4.8682886175e-04,1.2721525046e-02,5.264,cpu01,ok,
15_matrix_check,schur R=4 T=2 s1,schur,64,1,1,1,4,2,64,64,64,20,2,2,1,21.351,3.041,8.772,8.103,0.787,1.077,1.252,0.518,0.046,0.000,0.796,32.580,31.5,4.8682886175e-04,1.2721525046e-02,1.896,cpu01,ok,
15_matrix_check,schur R=8 T=2 s1,schur,64,1,1,1,8,2,64,64,64,20,2,2,2,14.844,2.274,4.532,4.204,3.832,0.561,0.640,0.548,0.025,0.000,0.502,45.302,28.0,4.8682886175e-04,1.2721525046e-02,1.009,cpu01,ok,
15_matrix_check,schur R=1 T=7 s1,schur,64,1,1,1,1,7,64,64,64,20,1,1,1,8.251,0.000,4.924,0.752,0.808,0.575,0.490,0.623,0.075,0.000,0.004,3.147,53.4,4.8682886175e-04,1.2721525046e-02,1.906,cpu01,ok,
15_matrix_check,schur R=4 T=7 s1,schur,64,1,1,1,4,7,64,64,64,20,2,2,1,20.938,2.753,7.682,8.714,0.354,1.262,1.552,0.202,0.018,0.000,1.154,31.948,29.8,4.8682886175e-04,1.2721525046e-02,0.806,cpu01,ok,
15_matrix_check,schur R=8 T=7 s1,schur,64,1,1,1,8,7,64,64,64,20,2,2,2,17.303,2.131,4.573,5.190,4.134,0.773,0.947,0.773,0.012,0.000,0.901,52.804,25.4,4.8682886175e-04,1.2721525046e-02,0.522,cpu01,ok,
15_matrix_check,schur R=1 T=8 s1,schur,64,1,1,1,1,8,64,64,64,20,1,1,1,8.830,0.000,4.655,0.758,1.647,0.551,0.410,0.714,0.092,0.000,0.003,3.368,56.0,4.8682886175e-04,1.2721525046e-02,1.860,cpu01,ok,
15_matrix_check,schur R=4 T=8 s1,schur,64,1,1,1,4,8,64,64,64,20,2,2,1,21.296,3.478,7.760,9.019,0.314,1.339,1.630,0.179,0.018,0.000,1.037,32.495,31.5,4.8682886175e-04,1.2721525046e-02,0.805,cpu01,ok,
15_matrix_check,schur R=8 T=8 s1,schur,64,1,1,1,8,8,64,64,64,20,2,2,2,16.638,2.492,4.713,4.717,4.152,0.709,0.803,0.728,0.011,0.000,0.805,50.775,25.4,4.8682886175e-04,1.2721525046e-02,0.686,cpu01,ok,
15_matrix_check,pipeline R=1 T=1 s0,pipeline,64,0,1,1,1,1,64,64,64,20,1,1,1,130.724,0.000,46.779,32.430,35.266,5.887,5.050,5.018,0.291,0.000,0.003,49.867,67.4,4.8682886175e-04,1.2721525046e-02,11.180,cpu01,ok,
15_matrix_check,pipeline R=4 T=1 s0,pipeline,64,0,1,1,4,1,64,64,64,20,2,2,1,37.921,2.447,13.655,9.237,9.324,1.735,1.494,1.325,0.078,0.000,1.073,57.863,35.9,4.8682886175e-04,1.2721525046e-02,3.591,cpu01,ok,
15_matrix_check,pipeline R=8 T=1 s0,pipeline,64,0,1,1,8,1,64,64,64,20,2,2,2,20.328,2.148,7.173,4.767,5.322,0.930,0.809,0.771,0.039,0.000,0.517,62.036,29.8,4.8682886175e-04,1.2721525046e-02,1.931,cpu01,ok,
15_matrix_check,pipeline R=1 T=2 s0,pipeline,64,0,1,1,1,2,64,64,64,20,1,1,1,95.936,0.000,29.708,24.413,27.471,4.619,4.563,5.011,0.147,0.000,0.004,36.597,64.8,4.8682886175e-04,1.2721525046e-02,6.075,cpu01,ok,
15_matrix_check,pipeline R=4 T=2 s0,pipeline,64,0,1,1,4,2,64,64,64,20,2,2,1,27.356,2.612,8.736,6.730,6.889,1.433,1.322,1.267,0.040,0.000,0.939,41.742,35.0,4.8682886175e-04,1.2721525046e-02,2.045,cpu01,ok,
15_matrix_check,pipeline R=8 T=2 s0,pipeline,64,0,1,1,8,2,64,64,64,20,2,2,2,15.343,2.356,4.721,3.750,3.993,0.851,0.815,0.800,0.023,0.000,0.390,46.824,29.8,4.8682886175e-04,1.2721525046e-02,1.089,cpu01,ok,
15_matrix_check,pipeline R=1 T=7 s0,pipeline,64,0,1,1,1,7,64,64,64,20,1,1,1,130.242,0.000,29.346,37.118,36.105,8.004,9.898,9.712,0.056,0.000,0.003,49.683,62.1,4.8682886175e-04,1.2721525046e-02,2.446,cpu01,ok,
15_matrix_check,pipeline R=4 T=7 s0,pipeline,64,0,1,1,4,7,64,64,64,20,2,2,1,36.665,5.919,8.686,9.922,9.274,2.422,2.751,2.511,0.015,0.000,1.084,55.947,32.4,4.8682886175e-04,1.2721525046e-02,0.851,cpu01,ok,
15_matrix_check,pipeline R=8 T=7 s0,pipeline,64,0,1,1,8,7,64,64,64,20,2,2,2,21.684,4.093,5.012,6.157,6.029,1.399,1.786,1.692,0.010,0.000,-0.401,66.174,26.2,4.8682886175e-04,1.2721525046e-02,0.529,cpu01,ok,
15_matrix_check,pipeline R=1 T=8 s0,pipeline,64,0,1,1,1,8,64,64,64,20,1,1,1,276.382,0.000,54.833,79.982,79.849,16.651,22.858,22.106,0.100,0.000,0.003,105.431,63.0,4.8682886175e-04,1.2721525046e-02,3.419,cpu01,ok,
15_matrix_check,pipeline R=4 T=8 s0,pipeline,64,0,1,1,4,8,64,64,64,20,2,2,1,41.235,7.621,9.622,12.090,10.592,2.764,3.323,2.875,0.014,0.000,-0.045,62.919,32.4,4.8682886175e-04,1.2721525046e-02,0.823,cpu01,ok,
15_matrix_check,pipeline R=8 T=8 s0,pipeline,64,0,1,1,8,8,64,64,64,20,2,2,2,16.758,3.035,4.329,4.372,4.332,1.056,1.219,1.205,0.010,0.000,0.235,51.140,26.2,4.8682886175e-04,1.2721525046e-02,0.679,cpu01,ok,
15_matrix_check,pipeline R=1 T=1 s1,pipeline,64,1,1,1,1,1,64,64,64,20,1,1,1,89.362,0.000,47.656,12.120,13.327,5.807,5.072,5.091,0.286,0.000,0.003,34.089,65.6,4.8682886175e-04,1.2721525046e-02,10.117,cpu01,ok,
15_matrix_check,pipeline R=4 T=1 s1,pipeline,64,1,1,1,4,1,64,64,64,20,2,2,1,26.598,2.131,13.817,3.956,3.620,1.739,1.469,1.343,0.082,0.000,0.572,40.586,35.9,4.8682886175e-04,1.2721525046e-02,3.350,cpu01,ok,
15_matrix_check,pipeline R=8 T=1 s1,pipeline,64,1,1,1,8,1,64,64,64,20,2,2,2,14.478,1.983,7.289,2.119,2.379,0.929,0.770,0.770,0.040,0.000,0.182,44.183,30.6,4.8682886175e-04,1.2721525046e-02,1.789,cpu01,ok,
15_matrix_check,pipeline R=1 T=2 s1,pipeline,64,1,1,1,1,2,64,64,64,20,1,1,1,73.344,0.000,29.798,13.999,15.543,4.522,4.518,4.808,0.152,0.000,0.004,27.979,64.8,4.8682886175e-04,1.2721525046e-02,5.491,cpu01,ok,
15_matrix_check,pipeline R=4 T=2 s1,pipeline,64,1,1,1,4,2,64,64,64,20,2,2,1,22.073,2.741,9.006,3.801,4.004,1.487,1.360,1.297,0.045,0.000,1.073,33.681,35.9,4.8682886175e-04,1.2721525046e-02,1.919,cpu01,ok,
15_matrix_check,pipeline R=8 T=2 s1,pipeline,64,1,1,1,8,2,64,64,64,20,2,2,2,12.346,2.076,4.804,2.072,2.451,0.835,0.761,0.783,0.027,0.000,0.613,37.676,28.9,4.8682886175e-04,1.2721525046e-02,1.053,cpu01,ok,
15_matrix_check,pipeline R=1 T=7 s1,pipeline,64,1,1,1,1,7,64,64,64,20,1,1,1,115.579,0.000,30.459,29.639,27.640,7.997,10.050,9.733,0.057,0.000,0.004,44.090,62.1,4.8682886175e-04,1.2721525046e-02,2.395,cpu01,ok,
15_matrix_check,pipeline R=4 T=7 s1,pipeline,64,1,1,1,4,7,64,64,64,20,2,2,1,31.957,6.546,8.764,8.679,6.939,2.387,3.132,2.531,0.015,0.000,-0.490,48.762,33.2,4.8682886175e-04,1.2721525046e-02,0.879,cpu01,ok,
15_matrix_check,pipeline R=8 T=7 s1,pipeline,64,1,1,1,8,7,64,64,64,20,2,2,2,19.580,4.776,5.331,5.061,4.222,1.474,1.821,1.636,0.013,0.000,0.022,59.753,26.2,4.8682886175e-04,1.2721525046e-02,0.567,cpu01,ok,
15_matrix_check,pipeline R=1 T=8 s1,pipeline,64,1,1,1,1,8,64,64,64,20,1,1,1,242.759,0.000,55.602,64.078,61.027,17.024,22.698,22.212,0.114,0.000,0.004,92.605,64.8,4.8682886175e-04,1.2721525046e-02,3.369,cpu01,ok,
15_matrix_check,pipeline R=4 T=8 s1,pipeline,64,1,1,1,4,8,64,64,64,20,2,2,1,30.077,2.246,8.047,7.193,6.411,2.138,2.705,2.494,0.016,0.000,1.073,45.894,31.5,4.8682886175e-04,1.2721525046e-02,0.868,cpu01,ok,
15_matrix_check,pipeline R=8 T=8 s1,pipeline,64,1,1,1,8,8,64,64,64,20,2,2,2,15.451,3.536,4.905,3.694,3.650,1.158,1.310,1.309,0.013,0.000,-0.588,47.153,26.2,4.8682886175e-04,1.2721525046e-02,0.731,cpu01,ok,
15_matrix_check,pipeline R=1 b=1 s0,pipeline,1,0,1,1,1,1,64,64,64,20,1,1,1,1025.970,0.000,267.783,256.003,267.270,77.856,77.259,79.457,0.338,0.000,0.004,391.376,65.6,4.8682886175e-04,1.2721525046e-02,14.713,cpu01,ok,
15_matrix_check,pipeline R=8 b=1 s0,pipeline,1,0,1,1,8,1,64,64,64,20,2,2,2,150.771,7.707,39.783,37.336,38.631,11.465,11.326,11.451,0.044,0.000,0.735,460.116,30.6,4.8682886175e-04,1.2721525046e-02,2.863,cpu01,ok,
15_matrix_check,pipeline R=1 b=7 s0,pipeline,7,0,1,1,1,1,64,64,64,20,1,1,1,252.066,0.000,77.534,62.680,66.621,15.638,14.454,14.790,0.345,0.000,0.004,96.155,65.6,4.8682886175e-04,1.2721525046e-02,12.325,cpu01,ok,
15_matrix_check,pipeline R=8 b=7 s0,pipeline,7,0,1,1,8,1,64,64,64,20,2,2,2,36.913,2.669,11.258,8.993,9.633,2.297,2.122,2.163,0.042,0.000,0.405,112.650,29.8,4.8682886175e-04,1.2721525046e-02,2.056,cpu01,ok,
15_matrix_check,pipeline R=1 b=64 s0,pipeline,64,0,1,1,1,1,64,64,64,20,1,1,1,130.498,0.000,46.650,32.406,35.193,5.881,5.054,5.014,0.297,0.000,0.003,49.781,65.6,4.8682886175e-04,1.2721525046e-02,11.104,cpu01,ok,
15_matrix_check,pipeline R=8 b=64 s0,pipeline,64,0,1,1,8,1,64,64,64,20,2,2,2,20.330,2.033,7.171,4.773,5.277,0.928,0.812,0.768,0.041,0.000,0.560,62.044,29.8,4.8682886175e-04,1.2721525046e-02,1.976,cpu01,ok,
15_matrix_check,pipeline R=1 b=1024 s0,pipeline,1024,0,1,1,1,1,64,64,64,20,1,1,1,129.214,0.000,54.814,31.597,29.242,5.267,4.018,3.968,0.305,0.000,0.003,49.291,66.5,4.8682886175e-04,1.2721525046e-02,11.285,cpu01,ok,
15_matrix_check,pipeline R=8 b=1024 s0,pipeline,1024,0,1,1,8,1,64,64,64,20,2,2,2,25.191,7.906,9.211,6.548,5.328,1.273,1.112,1.091,0.041,0.000,0.587,76.877,30.6,4.8682886175e-04,1.2721525046e-02,1.910,cpu01,ok,
15_matrix_check,pipeline R=1 b=1 s1,pipeline,1,1,1,1,1,1,64,64,64,20,1,1,1,1030.638,0.000,274.169,256.394,266.999,77.152,76.721,78.861,0.338,0.000,0.004,393.157,65.6,4.8682886175e-04,1.2721525046e-02,13.999,cpu01,ok,
15_matrix_check,pipeline R=8 b=1 s1,pipeline,1,1,1,1,8,1,64,64,64,20,2,2,2,153.340,8.788,41.195,37.793,39.119,11.498,11.343,11.522,0.047,0.000,0.823,467.956,29.8,4.8682886175e-04,1.2721525046e-02,2.780,cpu01,ok,
15_matrix_check,pipeline R=1 b=7 s1,pipeline,7,1,1,1,1,1,64,64,64,20,1,1,1,225.969,0.000,78.031,49.878,53.032,15.615,14.386,14.707,0.316,0.000,0.004,86.200,65.6,4.8682886175e-04,1.2721525046e-02,10.609,cpu01,ok,
15_matrix_check,pipeline R=8 b=7 s1,pipeline,7,1,1,1,8,1,64,64,64,20,2,2,2,34.064,2.827,11.762,7.819,8.255,2.296,2.112,2.113,0.039,0.000,-0.332,103.955,30.6,4.8682886175e-04,1.2721525046e-02,1.939,cpu01,ok,
15_matrix_check,pipeline R=1 b=64 s1,pipeline,64,1,1,1,1,1,64,64,64,20,1,1,1,89.573,0.000,47.795,12.114,13.363,5.845,5.078,5.089,0.284,0.000,0.005,34.169,65.6,4.8682886175e-04,1.2721525046e-02,10.010,cpu01,ok,
15_matrix_check,pipeline R=8 b=64 s1,pipeline,64,1,1,1,8,1,64,64,64,20,2,2,2,14.617,1.993,7.296,2.088,2.415,0.936,0.778,0.776,0.043,0.000,0.285,44.608,29.8,4.8682886175e-04,1.2721525046e-02,1.805,cpu01,ok,
15_matrix_check,pipeline R=1 b=1024 s1,pipeline,1024,1,1,1,1,1,64,64,64,20,1,1,1,89.730,0.000,57.721,9.944,8.460,5.256,4.034,4.022,0.290,0.000,0.003,34.229,66.5,4.8682886175e-04,1.2721525046e-02,10.463,cpu01,ok,
15_matrix_check,pipeline R=8 b=1024 s1,pipeline,1024,1,1,1,8,1,64,64,64,20,2,2,2,17.519,5.893,9.614,2.361,1.653,1.276,1.112,1.108,0.043,0.000,0.352,53.464,30.6,4.8682886175e-04,1.2721525046e-02,1.869,cpu01,ok,
